age,income,city,bought
58,39592,0,0
65,61048,1,1
32,43289,0,0
61,122080,2,1
23,102397,3,0
20,28905,0,0
31,55495,2,0
56,28478,2,0
30,118850,2,1
44,53893,3,0
55,61463,0,1
28,116506,3,1
39,61421,1,1
31,125072,4,1
24,37156,3,0
24,72052,4,0
56,59671,0,0
64,85217,2,1
25,145887,3,0
23,97357,4,0
58,106070,4,1
54,50203,0,0
20,111673,1,0
36,35458,1,0
24,74823,4,0
47,108320,4,1
28,73520,4,1
31,112841,4,1
62,147769,0,1
56,108227,1,1
52,120568,1,1
28,85589,3,1
35,146292,2,1
32,114733,4,1
21,55021,0,0
38,77581,4,1
22,52653,2,0
63,66245,1,1
59,90435,3,1
59,85142,1,1
34,43301,1,0
65,98579,2,1
34,122912,2,1
45,142679,2,1
43,72447,1,1
26,91784,3,1
23,124061,0,0
25,45033,1,0
61,80333,2,1
22,75432,3,0
56,86348,2,1
34,97512,0,1
61,119466,0,1
61,140970,2,1
35,125741,4,1
25,63469,3,0
28,84470,0,1
64,139799,4,1
50,124871,1,1
50,144619,0,1
58,64117,2,1
56,51071,1,0
41,124943,1,1
52,149977,2,1
18,103504,4,0
49,27552,0,0
41,140175,4,1
33,32592,1,0
54,149118,0,1
23,120932,3,0
22,124693,2,0
26,41828,3,0
53,46643,4,0
51,139351,2,1
45,52760,2,0
64,115422,1,1
63,65857,3,1
60,110180,4,1
46,142914,2,1
46,40860,1,0
32,33392,4,0
19,102110,2,0
32,102128,1,1
18,34305,0,0
32,33834,0,0
39,34287,2,0
33,61500,3,1
31,95678,1,1
64,147619,2,1
54,86953,1,1
48,130840,3,1
30,37363,0,0
60,81498,4,1
45,78883,3,1
64,32100,0,0
21,77772,4,0
24,57591,1,0
30,95292,3,1
26,80296,1,1
35,85637,1,1
22,83082,2,0
24,31630,2,0
18,37224,1,0
28,78269,3,1
48,53016,3,0
21,46579,3,0
18,76173,4,0
47,62388,3,1
62,120748,2,1
60,119163,3,1
27,49890,4,0
31,32665,2,0
65,96066,0,1
65,66104,0,1
21,101569,3,0
50,145505,2,1
28,32455,2,0
23,136587,1,0
22,102992,0,0
61,137960,1,1
43,40713,2,0
33,100880,2,1
20,106183,0,0
44,111163,2,1
54,93522,4,1
34,51772,4,0
33,59814,3,0
26,113039,4,1
47,66441,0,1
18,85068,2,0
54,38104,0,0
52,52938,2,0
34,42361,4,0
22,140247,1,0
41,62353,1,1
46,134280,2,1
63,64651,2,1
59,94329,0,1
60,132099,2,1
37,147127,0,1
26,59664,0,0
24,122310,2,0
27,60697,4,1
56,52607,4,0
31,115111,4,1
50,89032,4,1
21,37097,3,0
35,30778,0,0
39,126072,1,1
58,59335,1,0
65,82912,2,1
63,81057,2,1
18,39663,0,0
62,143479,1,1
52,29722,4,0
55,97420,1,1
45,41704,0,0
37,72795,0,1
40,52535,1,0
60,38473,4,0
53,140885,3,1
57,123235,1,1
33,138325,1,1
29,140528,3,1
19,48509,4,0
44,130150,1,1
35,45866,0,0
42,139316,0,1
48,54154,1,0
47,70830,4,1
32,54219,0,0
60,50313,3,0
39,61517,0,1
35,71025,2,1
43,114065,2,1
39,148107,0,1
25,139955,4,0
29,101099,4,1
20,39208,2,0
45,70309,4,1
45,104457,2,1
25,75488,2,0
30,58386,0,0
63,82154,0,1
51,146316,2,1
61,119297,1,1
41,81531,0,1
60,145687,4,1
57,66145,0,1
64,142970,4,1
50,65538,3,1
38,77743,4,1
53,41683,1,0
44,112153,3,1
61,123059,1,1
57,99593,4,1
43,96819,0,1
37,62606,1,1
45,127990,2,1
56,110813,4,1
47,82905,3,1
61,53010,2,0
48,129036,1,1
60,36114,4,0
50,112012,2,1
39,37240,1,0
61,65687,1,1
30,44313,0,0
20,57092,3,0
57,136376,0,1
47,79321,2,1
30,119155,3,1
49,77383,1,1
27,110990,0,1
24,127029,3,0
32,48053,2,0
47,31582,2,0
33,145254,0,1
47,42477,3,0
60,94616,2,1
56,66588,3,1
57,131824,2,1
45,133864,2,1
46,142598,1,1
65,137917,3,1
46,58972,1,0
58,61347,2,1
49,107149,1,1
35,82654,0,1
63,62450,1,1
35,69020,4,1
52,35561,1,0
27,55311,3,0
62,45028,1,0
22,79377,3,0
39,96121,3,1
44,33161,1,0
44,76049,2,1
62,27560,2,0
42,87518,0,1
40,64139,3,1
44,95545,2,1
56,142677,1,1
49,53760,4,0
45,88654,0,1
42,69057,3,1
64,46632,3,0
26,106560,2,1
19,143872,3,0
55,98975,0,1
23,109246,3,0
26,138619,3,1
29,31590,4,0
42,67906,1,1
47,67840,4,1
42,61471,3,1
34,134433,0,1
48,27540,2,0
21,149770,4,0
32,110215,0,1
59,30276,0,0
33,51130,0,0
57,44973,1,0
26,87070,0,1
54,149224,1,1
47,116680,4,1
41,46992,2,0
56,123032,0,1
28,65768,0,1
55,28365,4,0
54,113781,3,1
43,148400,1,1
22,102607,1,0
24,116382,4,0
61,103697,0,1
54,127581,0,1
40,94827,3,1
60,73571,0,1
50,109874,4,1
18,136355,3,0
49,38833,3,0
41,108307,3,1
63,45052,3,0
29,121180,2,1
59,60400,2,1
52,126533,3,1
47,82091,2,1
35,67245,1,1
23,61559,3,0
33,123366,3,1
54,104997,3,1
39,28761,3,0
38,48834,3,0
31,71507,4,1
39,61655,2,1
62,140357,4,1
53,26330,2,0
30,36221,1,0
64,78271,3,1
53,124374,1,1
62,87402,3,1
46,128931,0,1
23,63566,1,0
43,115673,1,1
37,112026,2,1
41,87031,2,1
51,70056,3,1
65,97140,4,1
40,117124,3,1
35,65189,4,1
32,40814,1,0
38,40670,2,0
62,49267,1,0
31,121810,3,1
35,119972,2,1
51,103222,4,1
24,134134,1,0
36,54816,4,0
29,64618,0,1
63,95010,1,1
35,30965,0,0
53,63290,1,1
58,138830,3,1
24,139389,0,0
54,62268,3,1
48,82733,4,1
29,31734,4,0
48,39953,0,0
43,89454,0,1
54,107502,0,1
27,44555,2,0
37,36164,1,0
25,98147,3,0
56,103135,2,1
32,126671,2,1
42,84049,3,1
37,137743,2,1
45,65026,2,1
57,32894,2,0
65,38006,1,0
58,52659,4,0
60,35641,1,0
33,47782,2,0
22,45517,0,0
44,84048,2,1
48,63175,0,1
32,62762,4,1
62,137670,3,1
22,115096,1,0
34,128262,2,1
60,130369,1,1
45,40043,2,0
32,109886,1,1
35,133348,1,1
22,32816,1,0
37,102993,2,1
36,82560,0,1
47,115266,4,1
62,77757,4,1
50,95776,3,1
46,35543,2,0
20,141578,3,0
65,67247,2,1
34,28390,0,0
32,113381,2,1
55,149621,0,1
61,132665,4,1
54,30273,1,0
48,93021,3,1
35,48788,2,0
45,108202,3,1
23,86605,4,0
44,68687,4,1
60,38710,1,0
39,78955,3,1
36,111846,3,1
53,29809,3,0
23,66224,4,0
38,40194,3,0
50,133124,0,1
60,138949,2,1
47,79165,0,1
30,92952,4,1
57,124148,3,1
58,82939,0,1
31,60003,2,1
26,146591,4,1
46,140454,3,1
25,28783,2,0
33,118032,1,1
37,97199,0,1
53,78476,0,1
32,135284,0,1
47,149133,0,1
59,134070,1,1
49,147244,4,1
50,117459,4,1
44,134408,3,1
48,56946,3,0
53,43958,3,0
30,145831,2,1
50,122818,1,1
22,61208,3,0
39,147453,2,1
35,132551,0,1
36,120164,4,1
55,101011,3,1
27,83529,2,1
48,70236,4,1
53,124991,2,1
42,84682,4,1
30,116422,1,1
54,75196,1,1
44,30720,4,0
65,86993,3,1
42,111991,1,1
49,29852,1,0
50,102356,4,1
24,139581,3,0
24,93937,3,0
18,119692,1,0
44,139154,1,1
22,86537,4,0
39,106691,3,1
59,35527,4,0
61,137635,2,1
42,66505,3,1
52,29705,2,0
22,55771,4,0
32,122880,0,1
45,37903,0,0
46,46805,4,0
19,31028,4,0
21,63452,4,0
41,81450,1,1
33,94621,3,1
54,114364,1,1
28,47946,0,0
57,139142,3,1
57,114539,1,1
49,144646,2,1
27,55433,3,0
58,58289,3,0
34,112404,0,1
47,143123,4,1
61,96643,1,1
22,82898,4,0
55,64210,3,1
62,57780,3,0
37,51111,3,0
48,38979,1,0
42,99963,4,1
54,63780,4,1
19,133794,3,0
35,26061,2,0
61,127014,0,1
56,122671,3,1
36,126677,1,1
56,130110,4,1
32,108442,1,1
57,57850,1,0
58,37735,0,0
37,128364,3,1
20,100965,4,0
64,42224,0,0
36,67823,3,1
29,51318,1,0
52,139879,4,1
51,90771,4,1
28,58681,3,0
36,122853,4,1
25,86385,0,0
27,123848,1,1
61,119924,3,1
53,72942,0,1
43,26824,4,0
52,41199,3,0
41,113188,4,1
55,74941,4,1
24,113452,1,0
48,28280,2,0
53,67992,2,1
32,109889,0,1
58,132984,3,1
62,64608,3,1
25,43320,0,0
20,64893,3,0
25,37739,1,0
52,42781,3,0
47,73629,2,1
44,101983,1,1
44,110841,0,1
49,105694,3,1
35,29288,4,0
31,83115,3,1
33,137125,4,1
24,114873,4,0
52,143187,4,1
21,77184,4,0
30,41011,3,0
23,111870,1,0
59,108819,2,1
19,31629,4,0
33,41505,2,0
31,33992,2,0
31,101858,1,1
32,68064,1,1
56,25371,4,0
27,42038,2,0
34,129662,1,1
25,111646,0,0
26,26947,4,0
33,102182,4,1
19,47838,4,0
21,41614,3,0
51,39896,0,0
48,83756,4,1
50,102812,0,1
46,91039,1,1
57,30683,2,0
37,85036,0,1
21,87781,3,0
45,114928,0,1
49,118375,3,1
22,142868,0,0
38,104730,1,1
22,41540,4,0
57,107978,2,1
53,118343,4,1
42,103301,2,1
36,84469,2,1
56,81387,0,1
62,39996,2,0
64,138441,1,1
45,84186,1,1
44,69424,3,1
43,79524,0,1
38,80936,4,1
60,58408,4,0
27,115023,3,1
22,36957,0,0
23,81606,0,0
65,121835,4,1
26,97924,0,1
55,98608,2,1
39,112819,0,1
44,71346,3,1
64,31743,4,0
56,65953,4,1
24,100748,2,0
31,45280,3,0
32,136054,0,1
40,135804,2,1
41,40058,4,0
54,54643,3,0
53,125588,2,1
57,113470,2,1
19,104822,4,0
19,48647,4,0
62,124930,4,1
39,71009,0,1
29,139014,1,1
54,111159,3,1
22,43595,0,0
23,122794,2,0
31,74308,3,1
47,69681,1,1
41,65846,4,1
54,103148,0,1
21,45392,1,0
57,31522,0,0
35,83079,3,1
49,104570,3,1
44,60804,1,1
50,39918,4,0
45,39534,4,0
61,113930,2,1
49,94066,4,1
20,53903,3,0
56,32180,0,0
31,64507,1,1
26,125160,4,1
36,68007,0,1
18,90193,3,0
29,41932,3,0
52,117231,1,1
50,98233,4,1
22,77044,0,0
45,27456,3,0
22,137998,4,0
54,81267,2,1
43,117995,3,1
36,40096,3,0
19,67568,1,0
57,85305,4,1
23,82240,0,0
33,82104,2,1
43,93676,0,1
43,139101,4,1
65,69500,1,1
39,127120,1,1
22,91910,0,0
51,91840,1,1
40,71019,1,1
33,38474,1,0
34,50856,1,0
56,45036,0,0
29,149687,3,1
47,123886,2,1
55,83838,2,1
59,108269,2,1
38,138278,4,1
27,82640,0,1
48,82961,4,1
35,102518,0,1
40,91497,0,1
37,85521,3,1
20,32456,4,0
36,35057,0,0
57,102867,2,1
42,85648,2,1
53,128785,0,1
46,144150,2,1
59,49672,4,0
56,87341,2,1
27,33109,3,0
24,131295,4,0
63,36053,2,0
59,47617,0,0
33,117749,3,1
46,93690,2,1
57,45807,4,0
41,145315,4,1
42,78578,4,1
61,103366,0,1
58,109843,4,1
22,68213,0,0
53,113916,3,1
36,58029,2,0
27,68694,0,1
55,111980,1,1
40,65662,3,1
26,102993,0,1
37,98259,3,1
59,128764,4,1
26,112833,2,1
23,109675,3,0
50,72425,0,1
41,65483,1,1
31,69791,3,1
30,54693,1,0
27,35114,4,0
24,91543,2,0
65,140825,2,1
20,111760,4,0
57,42176,2,0
42,45218,1,0
29,133966,2,1
28,119526,3,1
20,78852,4,0
61,119317,1,1
46,105031,4,1
65,127734,3,1
32,94993,1,1
37,130987,3,1
30,73213,2,1
46,85513,4,1
42,90916,2,1
44,46241,1,0
56,43140,4,0
21,109040,3,0
41,97684,0,1
63,135872,2,1
25,62363,0,0
28,60755,3,1
50,44313,3,0
23,149048,1,0
46,140950,4,1
19,79381,0,0
43,90799,4,1
33,75615,0,1
41,54430,0,0
38,147005,0,1
63,110191,4,1
27,43035,0,0
36,145244,3,1
62,133935,1,1
63,86487,3,1
57,25688,0,0
19,58544,1,0
27,96932,2,1
51,80476,0,1
36,56147,4,0
25,31258,1,0
44,108748,2,1
47,33232,0,0
49,103215,2,1
19,107831,2,0
54,56711,1,0
36,81261,0,1
57,71244,1,1
54,79600,1,1
60,112584,0,1
51,72265,0,1
51,96313,2,1
50,97633,0,1
42,139469,3,1
20,108318,3,0
41,58246,0,0
40,128352,0,1
40,56604,0,0
55,121362,4,1
26,30811,4,0
52,69374,1,1
61,85899,3,1
58,48891,1,0
22,118853,3,0
20,63462,1,0
20,128692,1,0
20,66365,4,0
50,77196,2,1
48,58202,0,0
59,50048,4,0
40,138002,0,1
59,68506,4,1
25,129771,4,0
45,141586,3,1
65,82637,3,1
39,49486,3,0
62,90211,4,1
51,59959,0,0
64,80640,0,1
45,103964,1,1
52,63504,4,1
24,35494,4,0
60,63750,4,1
46,103986,3,1
28,115408,3,1
40,83606,0,1
64,139037,4,1
57,82008,4,1
58,128740,0,1
22,112973,3,0
41,92251,1,1
19,43714,2,0
61,127408,3,1
20,41545,0,0
33,127041,4,1
41,75181,2,1
20,104310,1,0
61,83972,4,1
41,83188,0,1
54,43047,2,0
41,77171,4,1
59,61528,1,1
25,28396,1,0
49,92861,3,1
53,40435,4,0
34,117279,3,1
31,105199,4,1
62,145124,3,1
30,41074,1,0
22,84250,1,0
63,83341,0,1
61,135824,4,1
60,70537,0,1
53,96063,4,1
37,136589,1,1
63,118003,1,1
41,91683,1,1
25,51342,1,0
33,128595,3,1
19,72303,2,0
54,73353,3,1
53,42009,2,0
23,33617,4,0
43,118969,3,1
51,78843,3,1
54,34666,1,0
38,109192,0,1
46,86057,2,1
40,41821,2,0
58,102042,1,1
26,81704,2,1
21,133972,0,0
51,45056,4,0
28,46229,4,0
63,54552,4,0
51,142299,4,1
23,57847,1,0
58,97199,4,1
26,106922,4,1
57,94924,0,1
50,109015,1,1
55,148418,2,1
27,47439,2,0
64,143227,2,1
39,135432,2,1
20,133165,0,0
23,30958,2,0
34,110344,1,1
54,79602,2,1
58,28969,3,0
58,96509,4,1
59,64596,3,1
33,130472,3,1
37,84446,0,1
62,32852,1,0
46,79476,3,1
47,51741,4,0
56,43830,4,0
63,66853,4,1
43,42139,4,0
50,98616,0,1
38,56685,3,0
25,60058,3,0
33,43465,0,0
21,63038,3,0
57,79805,1,1
28,131624,4,1
54,119519,4,1
30,125023,1,1
49,92466,3,1
49,140222,4,1
49,28037,0,0
43,91249,3,1
33,53199,2,0
40,31377,0,0
36,89866,2,1
59,113148,3,1
36,95345,0,1
24,81482,1,0
34,120355,4,1
43,72964,0,1
43,31705,2,0
53,50513,4,0
53,62827,0,1
42,91093,3,1
53,61663,2,1
61,105090,0,1
26,37672,3,0
41,129188,4,1
53,148069,4,1
27,51090,2,0
50,77610,2,1
20,30938,0,0
26,118531,4,1
48,93069,3,1
27,104463,2,1
26,67987,2,1
38,46299,3,0
57,121904,4,1
55,69089,2,1
50,94774,3,1
63,98783,4,1
48,131921,0,1
41,68416,0,1
44,101507,4,1
64,139307,0,1
56,87205,4,1
59,127616,2,1
54,54824,0,0
55,87973,1,1
51,107447,2,1
42,44369,1,0
20,100047,0,0
30,27482,3,0
38,79890,1,1
44,115505,1,1
44,90774,2,1
48,139401,0,1
63,43098,2,0
31,98516,4,1
60,87701,2,1
42,66124,1,1
47,144553,2,1
39,96601,4,1
61,126186,4,1
57,88462,1,1
33,61569,2,1
37,54473,4,0
36,117392,1,1
62,117404,3,1
38,87888,4,1
53,147381,4,1
36,40974,2,0
61,96197,3,1
43,132266,4,1
27,63070,0,1
36,118603,0,1
40,146111,3,1
59,58612,3,0
31,51485,2,0
35,147293,2,1
62,60601,1,1
24,105698,2,0
33,56779,0,0
60,143644,2,1
32,108616,1,1
21,38133,3,0
39,119025,3,1
24,114285,1,0
18,97135,1,0
44,110575,3,1
48,110267,1,1
36,67096,4,1
59,32754,0,0
59,100252,1,1
52,121821,0,1
29,79773,1,1
20,134602,3,0
49,49420,4,0
20,26214,4,0
54,104007,0,1
39,62298,3,1
59,96211,2,1
49,141557,1,1
50,86344,4,1
30,131012,0,1
39,46298,3,0
59,58720,1,0
18,121549,4,0
36,99420,1,1
29,105079,3,1
45,92538,4,1
23,77538,0,0
29,43430,3,0
38,147660,1,1
18,59181,3,0
33,83554,4,1
39,64576,2,1
64,100088,0,1
34,110679,4,1
62,55972,0,0
60,40495,3,0
37,45934,3,0
61,90866,4,1
62,40389,4,0
41,105560,1,1
32,42507,3,0
27,84634,2,1
41,79505,2,1
48,124267,2,1
60,133213,1,1
33,114173,2,1
23,93879,3,0
51,117244,4,1
22,145225,2,0
25,33094,2,0
50,51497,2,0
52,44641,1,0
38,136999,2,1
46,40235,1,0
63,101434,3,1
23,142819,2,0
46,130996,0,1
47,42294,2,0
44,84873,2,1
21,98242,3,0
61,130764,4,1
64,27853,3,0
34,132014,0,1
65,53560,2,0
22,30936,3,0
40,116800,0,1
52,32897,0,0
48,29159,4,0
44,48590,1,0
59,120589,3,1
41,141828,3,1
46,138982,3,1
42,35518,2,0
26,110660,4,1
25,48392,2,0
43,94316,1,1
64,54188,0,0
19,64107,3,0
61,119253,2,1
45,94721,3,1
32,57441,3,0
40,45332,4,0
30,147868,0,1
20,131099,3,0
57,125408,0,1
33,52011,0,0
24,102849,0,0
46,103352,0,1
33,122064,0,1
43,82535,1,1
52,53477,0,0
26,91046,4,1
32,131926,2,1
38,100690,2,1
61,132267,4,1
33,64552,1,1
60,93321,1,1
44,64387,4,1
21,97970,2,0
65,144482,1,1
58,113965,3,1
53,89962,0,1
40,148415,3,1
51,66777,3,1
44,44558,4,0
42,49101,2,0
48,56584,1,0
37,137399,1,1
47,144896,0,1
53,79090,3,1
53,94467,1,1
42,56831,4,0
31,68288,0,1
46,136035,4,1
23,95206,1,0
21,60187,3,0
61,104294,2,1
20,139507,0,0
30,130467,2,1
64,113008,2,1
31,87835,1,1
39,64739,0,1
31,147835,1,1
65,40376,3,0
33,116177,2,1
63,51805,3,0
33,97362,4,1
36,74894,3,1
52,110029,4,1
37,59283,4,0
50,140711,3,1
47,37924,3,0
38,144843,1,1
41,66015,3,1
20,98731,1,0
65,44126,0,0
34,97523,2,1
55,119373,3,1
36,44976,1,0
39,55149,3,0
54,134230,1,1
49,97173,4,1
34,125055,3,1
64,109108,3,1
47,47050,4,0
28,43344,2,0
49,49123,2,0
59,32698,2,0
20,134978,0,0
60,31358,0,0
44,43021,1,0
22,117690,1,0
18,53668,2,0
47,73916,0,1
57,108588,2,1
48,111413,3,1
19,25866,2,0
53,78914,0,1
19,94391,4,0
52,62576,0,1
50,131582,3,1
29,39026,0,0
51,44516,1,0
30,106235,2,1
34,131851,4,1
35,129193,3,1
23,73896,3,0
47,99055,1,1
62,54603,4,0
61,133535,0,1
59,137488,0,1
23,78120,3,0
42,97443,3,1
21,108459,0,0
62,47463,0,0
49,135799,3,1
59,127809,4,1
54,137454,0,1
51,145475,0,1
32,52710,2,0
48,60532,0,1
22,114709,4,0
52,98860,0,1
29,146735,4,1
19,52152,2,0
27,123599,3,1
22,64226,1,0
54,56519,2,0
42,113740,2,1
39,75311,1,1
62,119917,0,1
50,122708,4,1
21,37803,3,0
32,134926,0,1
39,104320,2,1
56,76996,4,1
19,108115,4,0
46,89304,1,1
40,97487,3,1
45,49345,2,0
60,74816,0,1
57,63715,1,1
63,34634,0,0
35,45214,3,0
63,127746,1,1
65,76068,4,1
41,38965,0,0
18,148595,4,0
46,72175,4,1
24,42367,0,0
29,81489,3,1
53,97710,2,1
44,38538,0,0
23,71388,2,0
23,103240,2,0
38,138209,3,1
18,63253,3,0
42,127127,0,1
64,143113,2,1
33,99967,2,1
28,114825,3,1
28,43198,4,0
37,60180,3,1
27,33292,1,0
45,61170,3,1
37,88469,0,1
41,57990,1,0
64,106924,3,1
56,105828,1,1
47,39021,1,0
37,25887,3,0
39,135311,2,1
42,130391,4,1
46,68874,3,1
59,102908,1,1
37,67030,2,1
62,51326,3,0
38,48283,3,0
38,63200,3,1
54,127494,1,1
38,74290,4,1
43,72843,0,1
54,51188,2,0
52,48583,2,0
19,149912,3,0
63,52479,3,0
36,133957,0,1
44,113208,3,1
26,108012,4,1
33,58119,1,0
63,80460,3,1
22,83860,2,0
48,101315,3,1
52,91402,3,1
52,29818,4,0
62,142375,2,1
56,108647,0,1
24,125788,1,0
60,112122,4,1
28,109803,2,1
20,98822,3,0
39,129363,3,1
24,26382,0,0
34,54098,2,0
65,92999,2,1
55,115133,2,1
32,83429,4,1
43,85694,2,1
62,90597,1,1
40,28219,3,0
24,63722,3,0
23,40213,1,0
40,65880,4,1
47,127795,1,1
51,88298,4,1
48,37795,3,0
64,116326,3,1
38,33804,4,0
20,131192,0,0
19,136303,4,0
59,39334,1,0
65,56970,2,0
29,97339,1,1
39,98380,3,1
47,55389,3,0
58,49176,1,0
58,111154,3,1
43,28826,2,0
30,83926,2,1
45,75965,0,1
63,53153,1,0
35,123608,0,1
54,38336,2,0
29,72945,4,1
30,84972,0,1
34,112910,3,1
51,108769,4,1
56,75939,2,1
43,101939,0,1
40,71135,3,1
57,47613,4,0
57,102354,0,1
61,42556,4,0
25,56270,4,0
25,48992,4,0
62,43528,2,0
42,79819,2,1
26,100340,3,1
45,49347,3,0
58,95435,1,1
53,46871,3,0
36,43388,1,0
38,135360,3,1
57,32026,4,0
18,88518,1,0
30,131851,3,1
53,91248,3,1
44,114744,3,1
44,118079,3,1
49,46922,0,0
54,29044,1,0
36,29285,4,0
32,95465,4,1
28,127333,3,1
54,122323,3,1
53,91952,0,1
54,39969,4,0
52,132909,4,1
52,132821,0,1
64,82850,2,1
31,80725,0,1
65,133799,1,1
37,139663,0,1
46,59447,4,0
23,82549,0,0
33,52509,2,0
62,70957,2,1
58,81120,1,1
57,43249,1,0
31,130570,0,1
54,70982,2,1
35,103231,2,1
28,67421,4,1
36,100069,4,1
50,142985,0,1
26,123316,3,1
21,61349,1,0
62,138518,1,1
33,44168,4,0
33,124807,3,1
49,43634,2,0
58,60221,3,1
42,84243,0,1
58,129149,0,1
43,92582,4,1
62,147727,4,1
47,149551,3,1
38,101278,0,1
64,37208,3,0
58,112050,4,1
22,129291,2,0
43,53551,3,0
31,89843,4,1
38,133572,4,1
39,96737,2,1
26,99205,3,1
39,142198,0,1
20,38051,3,0
19,41284,1,0
46,84836,0,1
45,51518,1,0
59,64566,1,1
35,37234,4,0
34,35803,4,0
60,143462,1,1
21,76949,4,0
64,116677,1,1
45,110915,0,1
63,37475,0,0
31,87496,0,1
26,102814,1,1
51,114126,3,1
18,26056,4,0
25,137766,3,0
62,42324,3,0
22,55008,3,0
23,120782,0,0
24,66071,4,0
37,42973,3,0
26,109092,1,1
22,94534,2,0
18,104995,1,0
46,71030,1,1
58,123077,1,1
44,105750,3,1
31,36362,0,0
26,123624,0,1
55,120683,3,1
40,81280,4,1
26,57477,4,0
59,36042,1,0
53,103774,2,1
64,104638,4,1
62,28515,4,0
31,92862,2,1
50,49726,3,0
36,109694,0,1
33,89865,3,1
25,56599,3,0
58,102847,0,1
51,141486,0,1
41,147411,4,1
26,75703,2,1
44,72895,2,1
61,47645,3,0
22,27187,2,0
22,26807,4,0
31,30220,0,0
43,91402,4,1
58,118405,2,1
44,80518,3,1
23,108956,2,0
52,105746,1,1
35,35957,4,0
23,92017,1,0
27,95305,4,1
43,101865,0,1
37,116576,3,1
64,149967,1,1
21,57044,0,0
45,40202,3,0
57,104800,0,1
37,112304,1,1
25,26660,1,0
62,26487,1,0
49,149913,4,1
51,92793,4,1
28,73741,1,1
65,127383,4,1
64,141184,0,1
19,68910,3,0
35,93662,0,1
34,118365,2,1
58,35101,3,0
47,91949,4,1
21,90484,2,0
28,73193,1,1
34,126361,0,1
54,113358,0,1
32,122095,2,1
18,30772,0,0
33,31026,3,0
41,75197,1,1
29,147049,0,1
53,130265,3,1
32,67179,1,1
44,145042,4,1
35,133265,0,1
54,73864,0,1
50,113254,0,1
29,54253,2,0
20,77550,0,0
47,138512,4,1
37,67899,0,1
53,84866,0,1
41,51302,4,0
54,127826,4,1
65,106620,1,1
47,73270,2,1
49,126267,1,1
64,143022,2,1
33,44735,0,0
44,28133,1,0
52,70406,0,1
39,25191,3,0
65,120317,4,1
24,51895,2,0
33,80026,3,1
21,43661,4,0
23,30754,1,0
51,79140,4,1
47,123028,0,1
55,37527,2,0
26,108521,3,1
22,102580,2,0
21,82014,1,0
33,63230,4,1
38,146378,3,1
62,134038,4,1
38,84343,4,1
32,34789,1,0
26,127227,2,1
24,45369,0,0
28,83925,3,1
38,78282,0,1
52,71961,1,1
46,65410,3,1
34,136736,0,1
23,45658,4,0
63,116341,2,1
20,53183,4,0
27,36955,1,0
40,76936,2,1
21,113759,4,0
34,132490,1,1
19,149793,3,0
46,97869,2,1
33,37415,3,0
24,130368,1,0
25,26567,0,0
32,42133,1,0
43,73790,0,1
55,101823,4,1
22,27857,0,0
30,143291,3,1
26,37055,4,0
25,30596,3,0
21,47018,2,0
45,132699,3,1
49,28864,3,0
61,80923,1,1
40,53143,1,0
35,61681,3,1
27,29541,2,0
57,105868,1,1
59,63680,3,1
44,140707,2,1
48,32992,0,0
35,75202,1,1
44,51143,2,0
33,107674,2,1
19,75134,4,0
48,96371,3,1
40,144626,2,1
50,67153,3,1
35,48568,0,0
38,103265,1,1
19,142409,4,0
21,130991,3,0
51,71849,2,1
32,45922,0,0
33,111096,1,1
35,94951,0,1
32,100457,3,1
40,147579,1,1
29,56005,2,0
38,130671,4,1
55,28697,4,0
54,98873,1,1
54,149304,1,1
49,96057,4,1
29,89282,0,1
23,32362,1,0
56,53679,0,0
51,87650,0,1
39,145310,2,1
30,130702,1,1
39,118970,1,1
38,32806,0,0
27,101888,1,1
25,135949,2,0
41,34506,4,0
63,148459,3,1
55,38242,4,0
37,67284,1,1
28,120990,3,1
58,88858,4,1
29,117691,2,1
62,141601,2,1
40,54260,2,0
29,74595,4,1
64,115242,4,1
26,48292,0,0
62,149347,2,1
43,136510,2,1
20,48865,2,0
38,145722,2,1
32,108839,2,1
24,147773,3,0
27,68406,0,1
33,70457,4,1
28,108386,0,1
63,112821,4,1
46,26493,4,0
31,57707,0,0
40,58640,0,0
64,25167,0,0
42,82438,3,1
28,140939,3,1
49,140575,3,1
40,96568,3,1
24,133633,3,0
54,110323,1,1
28,84151,0,1
20,63654,0,0
38,59226,0,0
22,69801,1,0
42,46090,0,0
53,148448,0,1
39,102860,2,1
48,117340,0,1
45,148527,1,1
56,141621,3,1
28,32019,0,0
39,51941,1,0
44,116382,2,1
64,146316,2,1
34,111585,4,1
37,56135,0,0
21,76498,2,0
53,135081,3,1
27,32144,4,0
18,81047,0,0
36,132989,2,1
48,51171,0,0
19,52125,1,0
58,63248,0,1
48,135594,0,1
37,127875,3,1
48,89106,4,1
23,109130,2,0
42,49232,4,0
42,73418,1,1
46,30848,4,0
46,85956,4,1
32,134717,4,1
54,33079,1,0
62,112486,0,1
23,112574,4,0
52,79262,2,1
32,97561,0,1
42,132270,2,1
44,95190,3,1
54,140560,1,1
48,64171,0,1
43,143328,0,1
50,99870,2,1
54,113805,2,1
27,40765,3,0
29,149395,1,1
31,130966,1,1
26,30593,3,0
23,114538,3,0
30,132815,1,1
56,58801,4,0
64,144822,0,1
23,75868,2,0
43,97358,4,1
35,93116,3,1
18,128094,2,0
55,93493,3,1
25,79321,1,0
27,99264,2,1
55,124402,0,1
24,98752,0,0
36,138701,2,1
40,140067,3,1
34,75206,3,1
54,104817,3,1
20,47570,4,0
43,43855,2,0
56,114235,3,1
20,76877,4,0
62,56139,0,0
65,87287,4,1
41,27651,4,0
37,65756,4,1
49,137490,0,1
32,42614,4,0
65,83079,4,1
35,120525,3,1
56,109614,0,1
30,82896,1,1
44,122117,3,1
51,138664,4,1
21,92537,1,0
22,65779,2,0
43,42779,2,0
54,28794,1,0
30,139711,1,1
21,57701,0,0
47,31626,4,0
63,51097,4,0
41,132938,3,1
50,77028,0,1
61,29005,1,0
41,89066,2,1
46,48276,3,0
55,97264,4,1
40,46432,4,0
65,133903,0,1
36,28597,3,0
21,46352,2,0
31,137343,1,1
59,54505,1,0
35,110404,3,1
50,27628,0,0
48,144474,1,1
59,47701,2,0
18,54329,4,0
56,130524,4,1
63,117978,4,1
45,142372,3,1
40,85161,4,1
31,86171,4,1
61,93241,2,1
43,101609,0,1
18,92045,4,0
53,109848,2,1
56,62051,4,1
61,39169,3,0
22,69077,4,0
58,67616,4,1
34,110998,4,1
30,44651,2,0
33,142923,0,1
56,77965,4,1
61,43340,0,0
59,90191,4,1
34,143870,3,1
43,75891,0,1
55,117808,2,1
30,69979,1,1
61,95075,3,1
60,71988,2,1
37,135810,1,1
60,139883,2,1
29,63506,0,1
48,41769,4,0
64,130951,2,1
29,149115,4,1
59,36704,1,0
40,54272,4,0
44,128296,4,1
41,59152,2,0
36,85786,0,1
48,32035,2,0
55,148771,2,1
22,86894,1,0
50,40704,3,0
51,64106,3,1
21,139143,1,0
26,51253,4,0
44,99632,3,1
27,66469,1,1
23,88908,4,0
58,48176,4,0
58,32603,0,0
46,60851,1,1
28,100534,1,1
49,127919,0,1
26,105541,3,1
58,81283,3,1
45,87573,3,1
18,29944,2,0
30,120768,4,1
18,141917,4,0
51,49979,0,0
61,25540,1,0
32,115901,4,1
37,41899,0,0
42,90973,2,1
37,46891,0,0
20,64085,4,0
47,120398,2,1
56,93697,4,1
45,141388,1,1
39,143146,3,1
40,123319,1,1
28,149267,3,1
19,54939,1,0
64,42197,1,0
64,27872,2,0
50,47149,0,0
41,118206,0,1
42,139890,4,1
52,106675,0,1
56,31286,0,0
59,134591,0,1
21,115406,0,0
44,83237,3,1
25,96733,4,0
48,116995,1,1
31,116120,0,1
37,80164,0,1
60,93197,4,1
57,104381,1,1
44,133875,0,1
50,119210,2,1
25,62054,0,0
24,90239,1,0
56,51181,4,0
51,51433,4,0
63,78707,4,1
28,30164,2,0
49,144322,1,1
62,147306,3,1
39,55737,0,0
18,113032,0,0
25,134475,2,0
60,89763,1,1
23,127174,2,0
22,119838,0,0
34,109454,1,1
47,63800,4,1
47,31564,0,0
29,139575,0,1
36,72214,4,1
45,121801,0,1
24,136574,0,0
18,136673,1,0
60,109829,1,1
39,71861,3,1
57,60167,0,1
41,131818,4,1
29,39920,3,0
43,84839,4,1
42,115426,3,1
44,110045,1,1
25,42368,0,0
28,38593,3,0
55,88265,2,1
61,82430,1,1
57,74774,4,1
57,28777,1,0
48,145638,3,1
25,141338,3,0
46,31025,0,0
34,110848,4,1
18,117349,2,0
65,100582,2,1
32,112797,4,1
51,93564,2,1
24,81734,1,0
48,70318,3,1
27,134973,2,1
57,32152,0,0
59,147469,1,1
50,136259,3,1
49,138956,1,1
22,123491,3,0
38,56574,4,0
35,31599,2,0
32,97154,3,1
43,132099,1,1
23,85174,3,0
54,83733,0,1
49,83598,4,1
25,90191,0,0
24,77879,3,0
20,98024,2,0
18,133253,0,0
56,106142,4,1
50,98706,1,1
59,113011,3,1
39,72624,0,1
32,135666,3,1
39,98420,2,1
56,87014,4,1
63,84314,0,1
24,124525,1,0
18,69742,4,0
58,129846,4,1
53,93417,4,1
62,38935,0,0
28,89542,1,1
63,122322,3,1
24,58330,2,0
30,49581,0,0
43,53257,3,0
30,118950,4,1
24,124241,3,0
20,146454,2,0
25,126206,3,0
47,111305,2,1
50,42647,3,0
18,94515,0,0
53,147592,3,1
55,88298,2,1
29,115677,2,1
29,120747,1,1
24,75778,2,0
56,140696,4,1
50,140525,3,1
44,104822,1,1
35,77149,4,1
36,84355,1,1
26,79099,2,1
62,141187,2,1
37,135503,2,1
38,118306,2,1
58,53487,1,0
31,106810,4,1
61,70258,1,1
63,110208,1,1
50,96105,4,1
63,40126,4,0
53,87963,2,1
54,148558,3,1
61,123024,2,1
36,140012,3,1
18,93515,0,0
19,74921,1,0
21,112851,0,0
30,59993,1,0
36,114573,4,1
27,135019,0,1
62,127807,4,1
31,123775,2,1
20,72013,3,0
24,105754,2,0
32,122309,2,1
42,56142,2,0
62,62701,0,1
42,75797,3,1
61,65980,2,1
21,26699,4,0
30,106338,3,1
32,144470,4,1
55,96645,2,1
30,126731,1,1
36,83827,1,1
61,34760,1,0
29,121348,2,1
25,74440,0,0
45,61583,2,1
34,42048,1,0
55,135888,4,1
18,68327,3,0
63,147879,1,1
20,45146,4,0
56,31665,2,0
60,64472,3,1
54,97110,4,1
22,127764,4,0
51,53830,1,0
51,33936,2,0
28,79516,2,1
52,77876,0,1
40,53992,1,0
60,68500,4,1
41,63479,1,1
57,94533,3,1
53,132962,0,1
25,112679,4,0
46,56502,2,0
57,56958,0,0
61,141085,4,1
42,145053,0,1
42,58631,2,0
64,62070,0,1
51,132755,4,1
50,130226,2,1
46,88806,0,1
36,142739,1,1
38,92357,0,1
24,46940,2,0
52,25960,0,0
31,112862,1,1
61,80601,0,1
31,95484,3,1
59,132053,0,1
65,114921,1,1
19,85191,4,0
20,36471,0,0
21,48329,4,0
53,34232,2,0
32,144404,4,1
44,75860,3,1
58,78011,3,1
38,27213,3,0
61,40506,2,0
18,109072,2,0
22,124085,2,0
20,116866,0,0
40,146641,2,1
24,62989,4,0
56,36338,4,0
46,74992,3,1
60,29039,3,0
28,94922,1,1
26,122878,3,1
52,63663,1,1
37,113773,4,1
18,97551,2,0
27,41152,0,0
18,100067,2,0
43,95405,2,1
23,64936,1,0
65,122180,4,1
31,79087,2,1
27,46096,1,0
32,105856,4,1
30,40023,1,0
60,129813,2,1
21,136593,2,0
47,109498,2,1
22,63096,0,0
34,37871,1,0
64,101099,3,1
39,71810,1,1
60,110914,1,1
24,62373,2,0
22,142980,1,0
38,88682,3,1
39,105785,4,1
62,101568,1,1
54,99299,4,1
38,81139,1,1
18,66053,1,0
32,118349,3,1
35,135114,4,1
26,114073,4,1
48,85666,3,1
40,126550,4,1
49,97308,0,1
29,109613,2,1
23,135335,4,0
26,141824,2,1
30,59502,0,0
64,34882,0,0
50,107788,0,1
55,100877,3,1
55,52886,0,0
53,59159,2,0
52,86879,1,1
41,76445,1,1
55,121105,4,1
26,85909,2,1
50,36869,3,0
41,90820,0,1
60,56310,2,0
61,46737,2,0
26,83487,1,1
29,99233,2,1
60,139320,1,1
65,120945,3,1
40,30297,1,0
49,55375,0,0
34,73422,1,1
20,112632,1,0
51,143977,4,1
42,86561,3,1
20,30230,4,0
24,117240,2,0
58,133743,4,1
65,59513,2,0
52,99732,1,1
42,110678,3,1
41,102028,0,1
51,57975,3,0
32,92681,3,1
40,132116,4,1
49,128895,3,1
56,25864,2,0
26,82658,1,1
32,35104,2,0
59,61806,1,1
27,49498,1,0
41,103908,0,1
60,55191,3,0
39,119405,0,1
48,113503,3,1
48,52617,2,0
28,109837,3,1
19,56938,0,0
26,100168,2,1
28,42658,2,0
20,141758,2,0
27,32328,1,0
34,145906,1,1
51,78143,2,1
54,108574,0,1
64,120417,4,1
23,53389,3,0
56,86789,3,1
28,53752,3,0
56,43705,2,0
29,106685,2,1
34,46983,4,0
47,103188,2,1
22,55122,3,0
42,42329,0,0
19,51522,2,0
50,114701,3,1
27,104365,0,1
29,87373,2,1
56,30116,2,0
50,123616,0,1
23,88208,1,0
56,95685,0,1
61,110096,3,1
51,80139,4,1
20,116441,2,0
45,55079,3,0
42,70943,2,1
65,143994,2,1
24,80769,1,0
34,87539,1,1
23,62128,2,0
52,78562,4,1
30,25716,0,0
54,93490,0,1
51,25942,3,0
59,51924,4,0
44,72483,0,1
27,80846,2,1
34,59249,2,0
45,99012,4,1
57,61118,3,1
31,79162,2,1
53,88238,1,1
41,98281,2,1
48,58263,4,0
54,70135,3,1
65,43096,0,0
65,55116,3,0
62,149419,1,1
24,53109,2,0
43,128033,4,1
53,105481,0,1
28,76000,0,1
23,132905,1,0
48,146354,2,1
45,36552,0,0
34,54067,4,0
23,104826,0,0
64,75374,3,1
57,111006,2,1
36,118271,2,1
21,148956,1,0
58,89797,3,1
18,51438,2,0
36,50525,0,0
56,91918,2,1
62,55365,2,0
28,113345,0,1
41,56359,0,0
28,36382,4,0
43,71285,3,1
43,101818,1,1
51,27014,0,0
23,97036,4,0
64,133758,2,1
55,70625,4,1
35,54661,2,0
30,84606,3,1
54,25609,4,0
29,78363,2,1
24,98220,0,0
50,63568,4,1
25,130243,2,0
34,139833,2,1
54,57786,3,0
42,98815,3,1
33,124283,4,1
47,114337,3,1
55,137987,0,1
48,40239,4,0
22,75157,1,0
61,116904,1,1
38,79057,4,1
51,95208,0,1
62,134075,4,1
33,62655,0,1
43,113302,4,1
22,97686,1,0
48,66139,4,1
31,142219,2,1
35,48957,1,0
49,121614,1,1
33,121394,1,1
34,52102,1,0
30,134437,1,1
57,71665,1,1
24,40712,0,0
61,111956,3,1
57,25868,2,0
20,136150,3,0
41,106352,4,1
49,142718,2,1
35,89330,1,1
50,61735,3,1
32,123326,2,1
26,32097,2,0
45,87694,2,1
20,90860,4,0
43,137774,1,1
47,40776,2,0
47,66373,0,1
18,113356,1,0
42,101153,0,1
38,72395,2,1
34,49530,2,0
34,56082,4,0
48,105358,4,1
41,49105,3,0
45,52594,3,0
62,123591,4,1
41,136978,3,1
35,84077,1,1
54,42188,2,0
61,54958,0,0
64,60382,1,1
53,81651,3,1
30,44116,1,0
48,130600,0,1
29,80249,3,1
26,142082,2,1
52,119445,4,1
49,64326,4,1
53,137525,2,1
21,77219,0,0
62,46409,0,0
31,131668,4,1
48,134965,0,1
46,122595,4,1
34,72312,4,1
53,98071,4,1
40,27599,3,0
25,71018,2,0
30,100609,2,1
59,110082,2,1
29,127276,4,1
40,67610,2,1
49,126547,3,1
23,74947,2,0
36,85784,1,1
28,108962,4,1
44,107742,2,1
54,78054,0,1
23,46233,4,0
32,66088,4,1
59,63188,4,1
56,109494,3,1
35,141351,3,1
41,123028,2,1
51,84020,3,1
28,49102,0,0
26,120390,1,1
60,57983,0,0
31,46877,3,0
24,37524,0,0
48,96884,0,1
19,126047,3,0
51,125269,0,1
24,59400,2,0
27,36050,3,0
37,55062,1,0
65,62247,3,1
58,41569,1,0
51,134906,1,1
19,29607,4,0
38,138277,3,1
47,139150,2,1
35,96898,3,1
26,149319,2,1
29,102441,2,1
47,107712,2,1
45,93610,2,1
37,144134,4,1
48,95735,1,1
23,82915,4,0
41,79028,4,1
27,64789,0,1
18,93592,1,0
40,62586,3,1
52,26090,3,0
48,64270,0,1
45,129590,4,1
56,55305,0,0
53,73974,1,1
44,140626,2,1
45,76740,1,1
28,118708,3,1
42,53913,4,0
23,80343,1,0
51,125209,2,1
62,114737,4,1
36,109994,2,1
35,79120,1,1
22,48908,1,0
36,39464,3,0
57,84345,4,1
62,106625,3,1
30,67027,0,1
27,31505,2,0
19,49371,0,0
36,60283,1,1
63,82464,0,1
32,36822,1,0
18,89694,1,0
39,80082,4,1
49,73679,3,1
62,128733,0,1
39,35515,1,0
21,59931,3,0
22,96197,3,0
29,50191,4,0
42,133560,0,1
25,125682,1,0
42,126086,3,1
33,121681,0,1
30,85402,0,1
51,112294,1,1
48,76003,4,1
38,45789,0,0
65,147869,2,1
51,41009,4,0
48,108692,4,1
30,72241,0,1
60,53545,0,0
33,107956,3,1
38,26974,1,0
35,101637,0,1
43,128434,1,1
18,30504,2,0
62,87294,2,1
27,73679,0,1
33,45669,3,0
23,114908,2,0
39,147008,0,1
21,71598,1,0
62,95300,0,1
26,88942,1,1
38,98184,4,1
46,121100,1,1
19,115341,3,0
40,119948,1,1
34,142789,0,1
49,117618,3,1
53,63628,2,1
62,89237,1,1
54,49461,2,0
40,67425,3,1
35,138726,2,1
53,46016,0,0
51,45319,3,0
36,132402,4,1
52,73118,3,1
18,126701,2,0
42,121161,1,1
19,106229,4,0
57,56298,4,0
64,33302,2,0
42,49886,2,0
61,90214,2,1
27,105352,4,1
38,78713,4,1
25,37616,2,0
60,33739,0,0
26,48414,0,0
30,39031,3,0
30,37943,0,0
54,109115,3,1
60,89213,2,1
57,116922,2,1
34,31433,4,0
32,104423,0,1
18,146924,1,0
59,89409,0,1
47,129991,0,1
41,98140,3,1
41,129103,0,1
57,59840,2,0
20,121246,0,0
37,35215,1,0
51,37729,0,0
64,55279,2,0
42,49832,1,0
51,111098,1,1
54,106962,1,1
53,123198,2,1
44,122793,0,1
58,100571,4,1
61,85125,3,1
24,46864,1,0
53,77632,2,1
39,111184,1,1
52,103632,3,1
40,143290,4,1
53,67553,4,1
44,125163,3,1
64,67395,2,1
33,98812,2,1
31,74160,2,1
65,58303,4,0
46,83654,3,1
18,120199,0,0
36,103087,0,1
51,42705,4,0
18,64365,1,0
31,137160,4,1
19,126125,4,0
53,92013,2,1
54,146362,2,1
27,37358,0,0
47,71616,1,1
26,59732,4,0
55,57749,1,0
34,131309,4,1
23,99774,3,0
54,145308,1,1
64,35118,4,0
48,47662,3,0
62,117123,2,1
24,103018,4,0
20,120786,2,0
42,35286,0,0
39,70603,3,1
44,146929,0,1
32,122999,2,1
18,108084,3,0
21,64948,2,0
20,66853,2,0
54,44605,4,0
50,116457,1,1
27,31621,3,0
46,123676,2,1
54,91155,0,1
32,81614,4,1
43,44400,1,0
39,35819,3,0
54,122689,0,1
53,77322,4,1
23,77235,2,0
45,126426,1,1
26,88035,2,1
30,88944,3,1
59,99885,1,1
53,105739,2,1
33,56760,0,0
35,126813,3,1
38,114749,2,1
23,39749,3,0
45,72876,4,1
30,67039,4,1
56,110905,0,1
37,47184,4,0
57,132686,3,1
57,44112,3,0
20,146138,1,0
30,114831,4,1
27,124317,0,1
25,121938,0,0
33,149379,2,1
27,138869,4,1
18,69993,0,0
37,83990,3,1
19,68499,1,0
65,95517,1,1
31,96620,2,1
34,96932,3,1
57,120672,1,1
62,116587,0,1
42,101415,2,1
20,58483,1,0
21,62226,1,0
62,105997,4,1
21,85943,0,0
22,75940,4,0
60,136684,4,1
24,27500,4,0
59,75662,1,1
42,91655,0,1
38,88525,2,1
52,36537,1,0
30,90621,3,1
53,146418,0,1
20,57426,2,0
37,68721,3,1
43,122568,1,1
19,70453,4,0
40,106950,4,1
33,90700,4,1
21,107023,4,0
42,141706,0,1
53,149402,4,1
32,44884,4,0
43,111105,1,1
23,120668,3,0
51,113866,2,1
58,114983,1,1
44,56504,2,0
27,80897,4,1
56,68160,3,1
52,42271,1,0
59,43163,2,0
52,114659,1,1
26,65501,2,1
26,81369,1,1
59,147294,2,1
28,66614,0,1
53,94856,0,1
29,66628,1,1
64,28864,4,0
44,78903,4,1
46,122728,4,1
27,127119,1,1
24,42241,1,0
19,124935,2,0
57,59978,2,0
54,105263,1,1
56,55432,1,0
61,28418,4,0
23,115196,3,0
26,90840,2,1
48,118325,4,1
29,136690,3,1
49,87108,1,1
28,50330,1,0
20,78554,0,0
35,149544,3,1
32,122303,1,1
31,33668,1,0
46,138656,2,1
49,115159,4,1
47,141337,1,1
45,78066,0,1
56,121381,3,1
64,66012,3,1
57,148094,2,1
56,95275,2,1
59,139790,0,1
51,39328,3,0
47,133397,0,1
33,92987,2,1
43,121360,0,1
53,75777,2,1
58,31461,1,0
36,82613,3,1
37,126407,4,1
47,46821,3,0
36,105364,0,1
62,92760,1,1
47,133775,3,1
23,119718,2,0
25,48562,2,0
62,96618,1,1
43,79206,4,1
46,28265,1,0
47,102373,1,1
47,36820,4,0
38,115664,1,1
63,121110,0,1
23,39963,3,0
58,72571,0,1
51,117704,3,1
64,128686,2,1
57,149486,1,1
42,97134,3,1
20,125697,1,0
39,99120,1,1
28,138877,1,1
29,125814,0,1
44,65378,4,1
64,125745,3,1
36,107110,1,1
25,142773,1,0
30,25463,2,0
34,26600,3,0
49,137120,3,1
52,130834,0,1
56,140697,3,1
33,53426,2,0
60,87352,3,1
44,82917,0,1
56,103656,0,1
33,140627,2,1
35,106233,2,1
31,31411,1,0
27,32217,4,0
20,44054,0,0
60,100771,2,1
37,68399,0,1
21,39272,3,0
29,46146,4,0
57,111628,2,1
54,128193,2,1
29,84682,2,1
41,147090,0,1
23,125730,4,0
38,73309,3,1
22,124410,3,0
53,33509,4,0
48,42635,0,0
62,137644,4,1
39,94081,3,1
51,52504,1,0
57,32626,0,0
54,120646,2,1
23,88394,2,0
63,62642,3,1
56,136122,4,1
34,93864,2,1
57,71380,1,1
57,98745,3,1
51,120575,3,1
49,130903,1,1
57,55503,4,0
30,25207,0,0
19,85933,0,0
65,136158,1,1
57,79346,3,1
20,68750,4,0
53,130649,1,1
18,108967,1,0
62,61913,4,1
22,65340,4,0
50,97088,4,1
18,39920,4,0
39,76910,2,1
57,28816,1,0
30,68321,4,1
61,87797,3,1
20,109626,1,0
48,45366,3,0
52,142431,4,1
47,127759,3,1
65,32342,2,0
37,99048,4,1
53,95239,0,1
31,100680,4,1
40,33678,1,0
35,135197,0,1
39,74183,2,1
28,99839,2,1
42,49560,2,0
25,138324,4,0
63,137436,4,1
63,29145,4,0
44,36376,3,0
33,73704,3,1
37,53329,2,0
37,47939,0,0
41,127884,0,1
30,144715,0,1
46,91321,0,1
48,143614,2,1
27,49931,4,0
48,121002,2,1
37,126650,4,1
27,125857,0,1
51,113698,1,1
31,119970,0,1
47,75801,2,1
25,25538,4,0
20,115053,2,0
23,68684,3,0
20,38513,2,0
60,122721,4,1
19,100701,4,0
58,141933,1,1
38,51287,1,0
36,61261,2,1
38,126290,3,1
60,40420,4,0
27,45643,4,0
25,26999,2,0
53,92378,0,1
31,96110,4,1
53,66744,4,1
27,148637,4,1
54,57089,1,0
22,65812,2,0
39,95854,3,1
21,42049,0,0
48,143396,0,1
24,75279,0,0
23,80897,3,0
29,117363,2,1
55,107505,3,1
57,71612,4,1
39,132143,1,1
63,124405,2,1
23,145951,3,0
54,42274,0,0
62,86377,0,1
47,65683,3,1
48,55368,1,0
27,137865,2,1
34,144650,4,1
43,49032,4,0
38,84412,3,1
19,33567,3,0
25,71064,3,0
47,135856,1,1
36,125655,4,1
56,100324,1,1
50,38491,3,0
63,129432,0,1
38,97895,0,1
37,94828,3,1
43,102402,3,1
33,106379,1,1
53,45843,3,0
42,33658,4,0
31,131681,2,1
45,127801,3,1
54,128196,4,1
52,115981,1,1
29,111849,0,1
65,147010,2,1
49,39984,2,0
56,85674,4,1
53,37799,3,0
29,65374,3,1
22,103415,0,0
61,131701,2,1
42,67914,3,1
59,111529,0,1
23,53522,1,0
55,143391,0,1
27,111623,1,1
46,94632,4,1
42,105684,2,1
46,50646,1,0
61,140005,4,1
37,99747,4,1
45,119082,4,1
23,101379,0,0
57,91902,3,1
26,136739,4,1
21,73394,2,0
21,25110,2,0
40,39378,4,0
19,55833,3,0
62,102353,3,1
58,66697,3,1
43,75012,3,1
52,52684,1,0
48,43228,1,0
53,75409,4,1
44,45220,4,0
60,41455,1,0
18,34403,0,0
27,119547,3,1
60,82243,1,1
23,42985,3,0
47,142123,2,1
45,106690,1,1
47,91770,3,1
53,132488,3,1
42,71570,1,1
29,80675,2,1
18,100751,3,0
64,56031,2,0
35,78849,2,1
54,73099,0,1
20,99468,3,0
63,73310,0,1
55,88115,0,1
27,120706,2,1
35,85940,2,1
23,93597,2,0
23,57142,3,0
58,122214,0,1
61,108058,2,1
55,65959,2,1
21,143434,4,0
52,127043,0,1
48,84511,2,1
48,100230,4,1
44,71257,4,1
36,46955,0,0
62,145961,2,1
65,64855,2,1
34,33050,3,0
55,47161,2,0
21,111025,4,0
65,106830,0,1
36,88538,0,1
26,91269,0,1
35,58036,1,0
57,61827,4,1
34,26861,0,0
56,47886,2,0
65,44809,3,0
41,130885,1,1
34,127567,1,1
49,48699,2,0
20,69937,0,0
27,103059,1,1
49,123665,3,1
42,56188,3,0
64,108568,1,1
31,100727,4,1
21,109182,4,0
25,31884,1,0
47,77264,3,1
37,87425,2,1
32,74781,3,1
48,59422,1,0
51,139069,3,1
18,62852,3,0
42,113931,4,1
51,114505,0,1
24,145286,2,0
58,71376,3,1
57,145329,4,1
39,60432,4,1
24,58468,2,0
43,85438,1,1
64,113065,2,1
30,93151,4,1
61,115476,1,1
38,96776,0,1
61,26110,0,0
18,78903,0,0
51,38619,3,0
40,53759,4,0
34,50307,0,0
19,106185,0,0
21,148011,2,0
60,142174,1,1
56,108634,0,1
63,40725,0,0
56,42027,3,0
60,125120,2,1
29,142440,0,1
62,49151,4,0
36,86204,0,1
58,84433,4,1
45,115730,4,1
34,46229,0,0
35,126856,0,1
42,75933,4,1
21,58847,4,0
29,82747,0,1
49,146711,1,1
57,76463,1,1
59,89494,0,1
27,95861,3,1
31,105473,0,1
46,118768,4,1
24,29569,0,0
22,99887,4,0
46,27459,3,0
27,110572,0,1
20,112111,3,0
35,44871,4,0
43,100319,0,1
50,117747,3,1
48,82154,3,1
64,127358,0,1
52,54602,0,0
42,115342,3,1
25,99349,2,0
40,68704,4,1
43,32234,0,0
41,95074,4,1
23,135255,3,0
36,109907,1,1
29,97676,0,1
42,111603,1,1
37,116210,3,1
24,107656,4,0
49,36123,3,0
65,49833,1,0
20,50309,0,0
64,102718,1,1
49,75956,0,1
52,109332,4,1
49,94984,3,1
19,29855,4,0
21,69265,0,0
43,40491,1,0
59,112466,2,1
47,148219,2,1
27,122131,2,1
32,146217,0,1
20,121398,1,0
49,110699,0,1
48,143905,2,1
20,56808,1,0
18,47577,0,0
37,132575,0,1
47,105114,1,1
55,33383,0,0
25,90161,2,0
57,53910,0,0
30,80864,4,1
65,113918,3,1
38,40833,2,0
52,43000,4,0
31,125168,0,1
55,47734,4,0
22,40826,4,0
27,124293,3,1
28,116264,4,1
53,46627,3,0
33,146330,2,1
20,42481,0,0
58,105273,3,1
28,27048,3,0
23,25832,0,0
29,146390,0,1
63,110426,2,1
36,79555,3,1
62,41632,1,0
27,108863,4,1
51,84037,3,1
33,147957,1,1
57,115659,0,1
56,48593,3,0
57,149557,0,1
58,133328,4,1
40,79891,0,1
53,55885,1,0
25,94494,0,0
57,72435,2,1
50,53740,3,0
58,111419,1,1
35,31955,1,0
25,129413,1,0
61,135596,3,1
49,48111,1,0
60,145936,0,1
21,109523,4,0
36,52471,3,0
34,68816,2,1
47,30677,0,0
65,31875,2,0
29,45715,0,0
49,92489,0,1
22,142319,1,0
64,83303,2,1
55,67725,3,1
30,122922,4,1
32,127101,0,1
38,54855,0,0
33,121698,3,1
30,74221,1,1
22,86733,2,0
49,32122,3,0
27,53333,2,0
47,48338,3,0
41,42878,3,0
64,50448,4,0
35,51504,4,0
26,29206,2,0
21,61779,1,0
25,136627,3,0
47,79817,1,1
39,53816,4,0
56,45550,2,0
28,100775,2,1
32,36334,3,0
51,89122,1,1
55,87061,3,1
35,26901,3,0
65,139373,1,1
33,67899,3,1
55,54151,2,0
27,144767,2,1
18,79758,0,0
20,86689,2,0
20,80797,2,0
43,87818,0,1
46,89918,1,1
23,98202,0,0
62,120916,3,1
31,42394,4,0
36,56334,0,0
19,87886,4,0
28,117183,3,1
54,122948,2,1
19,84616,3,0
26,139583,3,1
29,128528,4,1
58,85856,0,1
58,34266,3,0
62,68634,2,1
20,63874,3,0
35,116495,2,1
52,100396,1,1
61,35611,2,0
39,121437,0,1
50,148905,4,1
21,39544,3,0
41,85994,2,1
20,72916,4,0
29,109957,2,1
63,33782,2,0
63,126394,1,1
26,68899,1,1
52,39884,3,0
65,148095,2,1
62,52498,1,0
38,71230,4,1
50,114158,3,1
35,32138,0,0
41,70249,3,1
49,90726,2,1
25,86625,2,0
61,133184,2,1
36,84241,2,1
41,129844,0,1
30,141903,3,1
23,35508,3,0
29,62797,0,1
24,46596,4,0
25,116367,1,0
49,44726,1,0
51,149794,0,1
36,79596,2,1
26,87115,4,1
44,83177,0,1
36,49780,0,0
19,139267,1,0
51,109498,4,1
44,100851,4,1
59,109679,4,1
49,102772,2,1
53,83360,3,1
37,99350,1,1
37,47509,4,0
32,88470,4,1
36,125892,0,1
27,71284,4,1
47,46805,2,0
28,118298,2,1
36,48891,1,0
63,115814,1,1
28,56182,0,0
20,66500,2,0
26,82788,4,1
41,49182,1,0
53,117685,0,1
60,66542,4,1
27,73878,3,1
52,46311,2,0
37,40923,0,0
43,147037,3,1
27,149228,3,1
38,45454,0,0
65,96584,2,1
39,109835,4,1
48,142437,4,1
54,112410,1,1
54,120491,3,1
39,115327,0,1
64,87781,0,1
26,113867,2,1
25,65380,0,0
43,105939,1,1
46,71844,0,1
38,32213,2,0
59,50578,2,0
51,54116,4,0
30,27955,0,0
52,136339,3,1
61,113022,0,1
50,76697,1,1
49,66649,2,1
56,92050,0,1
60,72325,3,1
27,118842,3,1
41,75608,4,1
18,62309,4,0
40,65381,3,1
53,36481,1,0
64,141366,3,1
65,79474,3,1
36,46468,3,0
64,142496,3,1
26,134512,2,1
56,36282,1,0
31,64745,3,1
51,68963,0,1
55,124105,3,1
23,25867,3,0
58,144853,4,1
44,47923,2,0
47,118093,2,1
26,51117,1,0
42,62940,2,1
49,30535,4,0
55,64834,3,1
53,121974,3,1
32,28517,0,0
27,59429,4,0
58,134345,3,1
25,110696,4,0
44,48510,3,0
62,109513,1,1
19,40644,4,0
49,33745,2,0
65,72416,2,1
48,99130,3,1
34,107312,3,1
62,132253,0,1
41,92177,2,1
19,135792,4,0
28,101238,0,1
27,66901,3,1
62,42759,4,0
28,31932,4,0
41,79986,4,1
21,62992,4,0
51,108747,0,1
50,50403,1,0
24,103480,1,0
52,67284,4,1
61,129841,4,1
35,114842,4,1
24,95047,2,0
40,132913,1,1
18,42950,2,0
36,73891,3,1
44,69605,1,1
24,53557,1,0
50,53981,1,0
53,105403,2,1
52,118394,2,1
62,124130,0,1
44,85357,0,1
25,132327,1,0
19,87851,4,0
37,115577,4,1
26,132090,3,1
56,93566,4,1
29,118047,4,1
19,122577,0,0
32,41870,1,0
62,54697,4,0
26,52504,1,0
23,80680,0,0
22,27464,3,0
45,30572,1,0
24,29298,2,0
55,32768,3,0
25,144082,4,0
20,33683,4,0
60,26346,0,0
25,145599,2,0
31,102018,1,1
29,112896,4,1
19,36898,1,0
65,148449,4,1
55,70591,4,1
28,137084,2,1
64,105341,1,1
50,99741,0,1
24,132424,2,0
18,94315,1,0
63,50106,4,0
28,143182,2,1
18,120072,0,0
31,145648,2,1
63,87221,4,1
62,102251,1,1
46,113280,0,1
29,134411,4,1
42,80586,1,1
50,54825,3,0
25,124799,4,0
25,86066,0,0
51,42814,3,0
41,117370,4,1
53,119651,0,1
23,68006,3,0
25,75434,4,0
47,103694,4,1
61,135243,3,1
32,97602,3,1
36,137114,3,1
30,137299,0,1
48,148087,4,1
29,26675,3,0
61,38785,3,0
46,93506,0,1
25,43791,3,0
43,116099,2,1
24,122180,1,0
22,72672,1,0
39,51248,2,0
43,41090,1,0
45,120053,3,1
35,125246,2,1
55,60779,3,1
40,87367,2,1
43,88508,2,1
35,44316,3,0
24,41015,4,0
49,90178,1,1
58,148522,1,1
19,38055,0,0
22,90291,0,0
29,75152,2,1
61,67854,1,1
37,106522,2,1
24,124637,0,0
60,123514,2,1
49,128904,3,1
30,63477,3,1
49,91164,4,1
52,70038,2,1
52,27316,0,0
45,140359,0,1
42,83997,4,1
42,83006,3,1
20,29306,1,0
53,111430,4,1
63,46514,3,0
45,42627,4,0
63,75997,3,1
25,99560,3,0
60,97585,2,1
54,86580,3,1
53,136981,1,1
50,32305,3,0
34,89840,2,1
42,105863,4,1
36,67006,0,1
19,102393,0,0
26,134698,4,1
40,131109,2,1
19,125295,4,0
42,37759,3,0
40,71840,3,1
40,32398,1,0
33,55752,4,0
55,36133,0,0
37,40003,4,0
28,27583,2,0
38,29899,3,0
60,138163,3,1
54,92470,3,1
35,27674,3,0
55,27914,4,0
42,99757,3,1
38,100043,0,1
49,38114,1,0
39,90107,2,1
60,69504,1,1
57,64258,4,1
45,51444,3,0
58,136061,0,1
52,53059,4,0
34,31230,4,0
54,77694,1,1
57,122371,0,1
63,135649,2,1
24,102576,4,0
35,33817,2,0
51,87294,3,1
31,70523,0,1
59,132969,4,1
50,130398,4,1
45,111960,2,1
38,51224,3,0
43,57933,2,0
50,84405,2,1
29,140460,0,1
58,117187,2,1
29,100608,3,1
31,111613,3,1
35,147835,2,1
57,136774,3,1
54,120238,0,1
51,51299,4,0
47,44365,1,0
27,122836,4,1
45,78773,4,1
22,108090,1,0
44,59987,4,0
59,46048,4,0
61,103804,1,1
43,56258,0,0
27,50154,0,0
33,129470,4,1
47,88620,2,1
45,80314,0,1
30,45887,4,0
26,28819,4,0
35,111333,2,1
29,109448,0,1
64,88680,0,1
21,137667,0,0
38,103852,4,1
22,143040,3,0
41,113037,0,1
43,148622,1,1
33,39671,2,0
65,90568,0,1
51,112060,2,1
51,58004,3,0
23,56205,2,0
25,126343,4,0
39,134095,2,1
65,76111,1,1
45,53574,1,0
24,47957,1,0
35,82602,3,1
34,138102,2,1
21,89272,2,0
41,116700,0,1
38,96531,3,1
48,114487,1,1
35,140269,1,1
41,87288,4,1
37,27762,2,0
20,135293,0,0
62,145252,1,1
34,97447,3,1
37,108748,4,1
61,40997,2,0
33,137413,3,1
42,26031,3,0
34,64438,0,1
33,63983,1,1
28,145047,3,1
58,66573,3,1
20,60918,0,0
49,86746,3,1
39,119029,3,1
24,133055,1,0
62,59205,2,0
22,71118,3,0
56,120581,2,1
65,67830,3,1
62,28584,0,0
59,109094,1,1
58,83117,1,1
18,77515,1,0
58,65048,4,1
54,35778,0,0
28,57716,2,0
63,125611,1,1
56,114883,3,1
38,84177,3,1
65,42499,4,0
29,115107,2,1
38,129795,4,1
30,36062,3,0
41,48840,3,0
42,148831,2,1
32,27717,0,0
53,109817,2,1
58,54977,0,0
47,50987,4,0
62,136651,1,1
21,77564,2,0
45,103694,4,1
27,36673,4,0
28,149157,2,1
25,26850,2,0
45,126365,3,1
61,89769,0,1
32,118528,1,1
30,149000,4,1
36,122837,3,1
42,42065,3,0
31,103654,1,1
36,120251,1,1
44,48641,3,0
27,28771,4,0
34,55865,2,0
46,143925,1,1
41,101402,3,1
23,26352,3,0
26,139221,4,1
62,77108,1,1
63,75265,3,1
65,103275,4,1
22,37488,2,0
21,31830,4,0
33,86726,4,1
56,148118,2,1
63,123073,0,1
18,58247,2,0
57,74930,4,1
43,112983,4,1
26,141945,2,1
20,101085,1,0
34,47264,2,0
49,146939,4,1
47,42290,0,0
38,118094,2,1
45,43585,4,0
25,66060,0,0
26,90432,4,1
65,72263,3,1
36,143330,4,1
57,133735,4,1
51,66026,3,1
28,66358,3,1
27,97833,3,1
21,49762,1,0
21,55128,1,0
20,86636,4,0
28,117531,3,1
45,40207,3,0
20,82870,4,0
63,98512,3,1
47,89616,0,1
64,138623,1,1
25,70823,0,0
31,138793,4,1
29,134439,1,1
65,91681,4,1
54,141771,2,1
31,101486,0,1
51,125512,2,1
29,79580,0,1
33,125696,3,1
61,37360,4,0
19,62261,0,0
43,73963,2,1
24,134704,4,0
27,28784,0,0
47,133881,3,1
47,107359,4,1
56,111246,0,1
39,30747,2,0
46,67587,2,1
26,52704,0,0
59,62087,4,1
21,122491,0,0
53,149767,2,1
42,37130,3,0
34,48332,1,0
43,36690,0,0
31,46356,3,0
43,62347,1,1
25,64131,3,0
45,121454,4,1
61,104103,1,1
40,112231,0,1
41,92194,1,1
49,83385,3,1
48,60190,2,1
56,80452,0,1
45,131298,4,1
57,49426,3,0
58,80838,0,1
20,92284,4,0
47,113662,1,1
59,114946,1,1
49,94111,2,1
23,63103,3,0
45,35378,3,0
37,44478,1,0
61,143345,4,1
33,93562,3,1
36,99519,0,1
53,35031,0,0
50,39107,2,0
45,79135,0,1
47,111619,2,1
34,71590,4,1
55,35717,2,0
19,39933,3,0
29,128045,1,1
43,30932,0,0
44,139918,4,1
38,101966,3,1
60,83975,2,1
34,69739,1,1
31,49259,0,0
65,104174,4,1
61,38936,3,0
52,27348,0,0
43,40293,0,0
28,110957,3,1
47,115676,3,1
60,122549,2,1
64,88795,4,1
57,131578,2,1
41,115526,3,1
37,36486,1,0
26,26818,1,0
25,131950,0,0
62,49670,0,0
31,88060,1,1
59,56690,3,0
58,137484,2,1
30,36284,4,0
47,44420,3,0
45,27859,0,0
28,143281,1,1
65,117090,3,1
49,86799,0,1
46,101706,1,1
30,63644,2,1
43,31674,4,0
18,38456,3,0
44,136229,3,1
65,100846,2,1
64,97653,4,1
20,88897,3,0
49,92286,2,1
64,105149,3,1
32,118623,0,1
51,27492,3,0
54,66399,2,1
22,60107,3,0
48,40327,3,0
57,148071,4,1
46,116424,3,1
19,46146,4,0
64,50192,3,0
40,82424,1,1
50,53796,2,0
61,69453,2,1
63,111108,3,1
26,140759,4,1
64,118242,3,1
44,134193,4,1
48,129825,1,1
57,52159,4,0
62,123206,0,1
60,88293,1,1
29,51146,1,0
56,89511,0,1
44,148608,3,1
37,55765,1,0
53,31166,0,0
40,140462,4,1
40,113726,1,1
29,133520,2,1
20,130750,0,0
39,81442,0,1
57,54712,0,0
53,54372,3,0
34,69606,4,1
20,125937,2,0
35,142482,1,1
62,139517,2,1
56,112750,0,1
63,31608,3,0
47,135309,0,1
24,127452,2,0
57,127518,0,1
53,30501,2,0
24,46895,0,0
31,144404,4,1
28,120466,4,1
63,82870,2,1
49,121017,0,1
27,109815,4,1
39,132369,1,1
25,136227,1,0
46,79493,0,1
33,134420,3,1
39,62585,2,1
28,36171,4,0
41,118742,3,1
41,107502,1,1
27,123724,2,1
44,128181,1,1
26,130089,3,1
44,145326,3,1
47,149759,2,1
61,72418,0,1
46,44082,0,0
63,130676,2,1
22,36112,4,0
38,77645,1,1
45,33056,3,0
20,111530,1,0
54,32577,2,0
36,79959,3,1
61,116853,2,1
37,119575,4,1
40,26035,4,0
51,105006,1,1
62,77944,3,1
59,51887,2,0
57,128329,2,1
59,82952,4,1
59,78019,1,1
37,36046,0,0
52,68842,3,1
64,119225,1,1
51,95882,4,1
31,37166,2,0
53,65927,2,1
39,124227,1,1
19,28655,2,0
55,58907,1,0
37,120225,3,1
50,39475,0,0
41,59046,2,0
40,41228,0,0
59,148383,0,1
46,64054,2,1
65,25683,3,0
39,55945,2,0
54,118670,2,1
56,55649,4,0
37,62294,2,1
61,43346,3,0
51,121667,1,1
24,67971,2,0
55,50238,4,0
47,37843,1,0
63,80796,3,1
23,37091,0,0
45,141458,1,1
48,53152,3,0
22,73404,2,0
43,102101,2,1
51,127082,3,1
34,101585,3,1
58,80498,3,1
62,147032,3,1
64,79646,1,1
27,91294,1,1
49,118211,3,1
26,117343,2,1
51,40474,1,0
47,87043,0,1
65,45557,2,0
41,145808,0,1
56,136714,3,1
25,40842,4,0
54,62957,0,1
51,45093,0,0
41,64967,4,1
37,63532,3,1
19,128704,1,0
27,127733,2,1
44,31376,4,0
36,53256,1,0
65,89067,0,1
25,96766,4,0
22,139088,0,0
44,88068,2,1
37,99155,3,1
39,127413,3,1
48,134374,2,1
26,124870,1,1
50,108422,3,1
46,112453,3,1
27,138553,4,1
23,129832,2,0
60,106735,3,1
42,55516,3,0
39,95909,0,1
60,141659,3,1
65,61356,0,1
28,117695,0,1
54,107589,4,1
53,109562,0,1
59,98315,0,1
30,106094,2,1
54,124302,0,1
54,93387,1,1
48,90881,0,1
25,111278,2,0
29,27486,4,0
31,57150,2,0
46,36094,2,0
56,66999,3,1
55,30896,3,0
19,69558,3,0
29,79386,0,1
51,66599,3,1
34,36930,0,0
24,96012,1,0
36,43878,1,0
34,125703,0,1
27,65212,3,1
61,47176,0,0
57,67636,1,1
19,118493,0,0
37,76110,0,1
38,43672,3,0
38,58807,3,0
25,31799,1,0
33,123583,2,1
55,55997,3,0
50,123617,2,1
42,149434,0,1
35,32947,4,0
47,97498,3,1
22,88461,0,0
44,108039,1,1
19,60279,2,0
55,113486,0,1
33,125005,2,1
59,127919,1,1
37,99481,3,1
46,35998,2,0
31,127613,1,1
41,95836,1,1
33,95455,3,1
53,84210,0,1
18,131514,3,0
57,62912,1,1
18,32887,3,0
35,103363,4,1
61,74827,4,1
58,52886,2,0
50,61872,0,1
28,121886,2,1
54,34166,4,0
23,76813,0,0
26,120036,2,1
35,140117,3,1
31,105012,2,1
38,140858,4,1
58,59257,3,0
35,57234,4,0
39,52606,3,0
56,68051,0,1
62,42527,0,0
56,87459,0,1
18,113172,1,0
44,97848,3,1
43,95533,0,1
59,110362,0,1
52,29056,3,0
61,41176,4,0
42,133457,2,1
40,75692,1,1
62,26105,0,0
47,73559,1,1
46,26227,1,0
65,27592,4,0
61,145769,4,1
30,36792,2,0
58,64738,1,1
32,89724,4,1
20,61799,3,0
63,117663,2,1
31,25935,1,0
58,76915,0,1
35,99593,2,1
49,47344,2,0
30,111486,2,1
61,114441,2,1
54,48006,0,0
55,41809,0,0
26,59029,2,0
32,140474,2,1
64,127531,4,1
30,136105,0,1
62,113832,2,1
57,58150,2,0
47,25256,3,0
59,113224,0,1
38,81694,3,1
35,40953,2,0
47,89955,4,1
51,124486,0,1
64,54431,0,0
35,145375,3,1
52,83833,4,1
18,76361,1,0
39,35722,2,0
19,121658,1,0
62,80550,0,1
33,50805,1,0
39,65737,0,1
58,106958,0,1
19,87910,3,0
19,102664,4,0
34,57394,0,0
48,56242,4,0
21,132693,4,0
51,129085,1,1
22,126679,2,0
57,82478,0,1
58,83517,2,1
25,36211,0,0
20,74465,4,0
62,33523,1,0
21,145470,3,0
21,64514,2,0
58,81602,0,1
24,113809,0,0
53,31842,4,0
42,77649,0,1
57,123561,3,1
32,138322,2,1
60,106789,0,1
47,75321,3,1
45,140335,2,1
57,38274,4,0
59,147891,0,1
47,92792,4,1
55,50228,0,0
24,26610,2,0
63,33853,2,0
30,143537,2,1
26,108540,2,1
34,71581,3,1
48,119977,2,1
46,49369,1,0
26,129467,0,1
21,41735,4,0
55,82127,2,1
59,123877,4,1
37,101502,2,1
27,44321,3,0
37,104079,4,1
36,73343,0,1
51,101865,1,1
21,56114,2,0
53,137551,0,1
45,70064,1,1
30,108958,1,1
22,69767,1,0
60,87354,3,1
56,115756,4,1
55,99199,4,1
57,64273,3,1
39,46270,0,0
47,139832,0,1
49,53757,0,0
58,54232,1,0
47,106778,1,1
33,88012,4,1
65,74271,1,1
43,49149,0,0
41,26296,0,0
40,28934,2,0
25,43664,4,0
46,50480,2,0
41,30754,0,0
30,50929,4,0
29,53697,4,0
64,47843,4,0
53,57239,1,0
30,27817,1,0
34,144360,0,1
19,133979,1,0
42,110835,0,1
39,147698,1,1
37,84795,1,1
41,131101,4,1
60,47460,2,0
57,140561,3,1
63,33569,0,0
27,140700,1,1
30,50124,2,0
42,116010,4,1
38,103584,3,1
58,57053,0,0
57,101981,1,1
52,63559,1,1
38,57397,0,0
58,129282,4,1
26,136608,2,1
55,141108,3,1
31,120328,0,1
48,128677,2,1
22,46945,2,0
42,123475,2,1
41,90350,2,1
47,48461,4,0
63,74005,2,1
62,88346,3,1
48,60171,2,1
43,108637,2,1
59,29797,1,0
32,142294,1,1
46,138137,1,1
43,53651,4,0
45,141484,3,1
54,45605,4,0
34,97161,0,1
26,123516,0,1
36,83262,2,1
40,55169,2,0
20,85981,2,0
57,69089,3,1
46,86282,3,1
44,73170,3,1
38,60785,3,1
19,48536,3,0
32,59815,0,0
40,143158,0,1
36,135441,2,1
50,96650,0,1
35,146452,1,1
24,40543,0,0
41,30017,2,0
30,68746,1,1
61,68154,4,1
37,122676,4,1
30,117489,2,1
26,137066,2,1
34,26118,4,0
36,132781,4,1
43,148969,3,1
55,124327,0,1
48,110733,2,1
27,138438,3,1
32,54743,1,0
48,55634,2,0
55,128019,2,1
47,119700,3,1
39,128797,0,1
38,135860,1,1
45,125942,3,1
31,82498,3,1
53,28945,4,0
26,100695,1,1
37,148647,0,1
49,131220,4,1
39,54555,3,0
45,114884,3,1
62,95464,4,1
38,101933,0,1
54,127938,0,1
26,45144,4,0
54,107554,2,1
56,100219,3,1
42,51765,3,0
22,95056,3,0
30,87230,0,1
39,99647,3,1
58,142275,4,1
23,47468,0,0
61,97470,1,1
20,133327,2,0
49,28517,1,0
30,34108,3,0
36,51986,1,0
36,111451,2,1
22,84593,0,0
41,92964,0,1
28,67830,3,1
43,45582,0,0
26,95313,3,1
48,122405,0,1
42,143435,1,1
26,139091,1,1
37,81649,3,1
28,104129,2,1
37,102003,1,1
50,118948,3,1
35,51437,0,0
27,83422,0,1
43,104278,1,1
51,68108,2,1
49,85319,3,1
54,30122,0,0
36,109711,3,1
40,116791,4,1
43,105350,1,1
44,57654,1,0
57,121107,3,1
47,75418,1,1
62,99529,0,1
43,116572,0,1
33,141069,1,1
35,140678,2,1
36,112380,0,1
62,120228,1,1
49,78907,2,1
25,73330,0,0
24,91112,4,0
44,84105,1,1
34,52180,2,0
20,85577,0,0
22,108737,3,0
42,70043,3,1
30,76992,0,1
18,57847,0,0
63,145210,1,1
38,112856,3,1
49,85470,0,1
23,96883,1,0
63,149520,3,1
26,86707,4,1
28,47359,0,0
56,38174,1,0
36,41272,2,0
65,76229,1,1
22,113000,0,0
61,60815,1,1
46,71935,1,1
31,118639,0,1
61,94769,1,1
46,116323,0,1
58,131366,2,1
59,111840,0,1
42,115485,4,1
46,31870,2,0
18,31378,3,0
30,146742,1,1
41,144112,1,1
30,36978,0,0
44,28662,0,0
39,132548,1,1
61,112680,0,1
32,140642,0,1
60,47004,1,0
20,79484,2,0
24,131905,4,0
38,98669,1,1
57,52147,2,0
43,148066,3,1
25,55462,1,0
24,71737,4,0
29,26965,3,0
59,66450,0,1
42,52887,3,0
32,33652,4,0
59,106777,4,1
20,33825,1,0
44,64522,2,1
49,38344,2,0
54,47473,4,0
24,103625,4,0
58,116267,3,1
61,146183,1,1
39,47980,4,0
60,88193,0,1
39,27313,2,0
55,83839,3,1
50,108963,1,1
50,102000,0,1
32,27780,2,0
25,65481,1,0
65,81164,1,1
57,35405,0,0
26,74089,3,1
36,51478,1,0
42,51789,0,0
33,146033,2,1
46,121895,4,1
26,61454,4,1
59,128149,0,1
51,128780,3,1
59,131523,4,1
19,55016,4,0
39,56752,1,0
52,32087,1,0
61,116262,1,1
56,139387,3,1
51,67157,1,1
46,107546,0,1
22,139015,3,0
22,149998,1,0
21,108147,1,0
31,41457,0,0
29,102677,2,1
31,55973,2,0
23,80868,3,0
37,46516,1,0
33,80576,1,1
56,57632,4,0
36,100552,3,1
58,51398,4,0
48,35487,4,0
43,74508,1,1
48,82852,3,1
50,104874,3,1
27,132427,3,1
19,124867,3,0
45,136941,0,1
37,103011,2,1
27,97463,1,1
34,74866,3,1
37,84454,4,1
42,98681,2,1
48,34429,4,0
26,118698,3,1
30,45280,1,0
18,26682,2,0
64,120072,4,1
49,78025,3,1
43,122280,4,1
42,89166,4,1
59,102110,0,1
44,140998,0,1
25,75439,2,0
28,50457,3,0
34,126091,4,1
50,117946,3,1
58,115241,4,1
62,32563,3,0
45,121424,1,1
33,87616,0,1
41,107700,0,1
62,112251,1,1
34,104355,3,1
61,44315,4,0
33,103924,2,1
60,135299,1,1
18,40300,0,0
59,118272,3,1
43,117545,2,1
23,92965,1,0
45,46734,3,0
34,115680,4,1
50,94887,3,1
55,65367,3,1
64,138956,0,1
24,108385,2,0
40,131722,1,1
35,123137,1,1
65,77162,4,1
18,47072,3,0
18,37697,0,0
62,79767,2,1
44,110789,4,1
64,81485,1,1
29,74106,1,1
63,42607,1,0
49,48853,2,0
25,84069,2,0
31,49331,1,0
21,123292,1,0
30,58993,3,0
46,107160,2,1
24,138817,1,0
23,63420,0,0
42,41342,4,0
22,69846,0,0
55,55773,3,0
49,113185,0,1
18,33002,4,0
18,112205,2,0
20,37693,1,0
51,128781,0,1
42,104034,2,1
35,147175,3,1
48,124209,4,1
56,81289,4,1
41,114372,4,1
38,132065,1,1
41,112173,3,1
42,105059,0,1
40,139436,4,1
24,25404,3,0
62,77665,1,1
19,103893,0,0
51,61630,1,1
41,84233,2,1
61,111360,3,1
50,79149,1,1
18,108633,4,0
19,108070,4,0
20,130848,4,0
61,83236,1,1
56,88509,3,1
65,105293,0,1
40,81087,3,1
60,137341,0,1
64,75444,4,1
56,50569,1,0
51,139849,2,1
63,91143,0,1
26,90264,0,1
37,134098,2,1
47,47027,3,0
25,88198,2,0
33,56897,1,0
28,123730,0,1
24,82002,0,0
28,146766,4,1
42,125441,4,1
32,119263,4,1
60,87429,0,1
60,42793,2,0
58,120081,3,1
23,129273,4,0
32,147130,2,1
56,33476,4,0
42,144297,3,1
59,109161,2,1
45,130964,1,1
32,58959,0,0
36,36492,0,0
23,69595,2,0
30,122598,0,1
54,73200,1,1
38,74832,2,1
65,25220,4,0
21,102340,2,0
30,136033,3,1
45,66896,4,1
61,147411,1,1
51,111998,2,1
55,54116,0,0
43,26204,2,0
47,66409,1,1
36,134735,1,1
49,114126,3,1
27,103835,4,1
27,122918,0,1
56,66961,4,1
50,115256,0,1
35,136105,2,1
48,107716,1,1
49,63206,3,1
21,131195,4,0
27,133512,1,1
64,147477,1,1
62,121433,0,1
29,137299,3,1
64,76355,4,1
60,144586,1,1
19,96819,3,0
39,80369,3,1
40,124315,3,1
43,34414,2,0
64,62098,4,1
62,145987,1,1
62,137230,2,1
43,37755,1,0
38,123601,2,1
21,136386,4,0
47,110804,1,1
54,43030,3,0
62,88234,4,1
27,52494,1,0
65,50644,0,0
41,120152,2,1
24,113908,1,0
42,149570,3,1
61,135318,1,1
21,37589,4,0
48,48544,0,0
25,92559,4,0
55,81861,1,1
58,119706,3,1
33,29455,0,0
33,76989,3,1
37,115175,2,1
29,110563,3,1
62,129244,0,1
47,138363,3,1
35,107881,3,1
41,26520,0,0
25,35831,0,0
49,109070,2,1
32,28018,2,0
54,100055,3,1
35,115928,0,1
55,48736,3,0
48,109488,3,1
37,99897,1,1
24,67628,0,0
63,144128,2,1
29,78127,0,1
43,97883,2,1
51,89036,0,1
51,134726,2,1
52,118552,0,1
31,111321,0,1
29,137984,2,1
62,48584,0,0
53,83619,4,1
25,30130,1,0
54,52030,1,0
23,98727,4,0
20,36090,0,0
50,64135,4,1
52,47492,3,0
60,25011,1,0
37,31051,2,0
36,111397,2,1
46,43331,2,0
49,116108,4,1
51,144378,4,1
56,95544,2,1
31,115168,0,1
60,132448,0,1
33,29814,1,0
27,64283,1,1
26,103924,2,1
31,102566,4,1
35,41841,2,0
45,34746,2,0
34,59167,3,0
59,143444,1,1
43,84777,0,1
34,113673,3,1
62,43775,2,0
31,34248,4,0
58,116331,1,1
63,73777,2,1
60,109904,2,1
56,46501,3,0
27,66465,3,1
42,28396,2,0
33,35161,4,0
25,94660,0,0
61,96875,3,1
22,68169,0,0
41,144176,4,1
35,44179,1,0
35,26292,0,0
42,54127,3,0
24,127594,0,0
29,94006,4,1
55,132655,3,1
24,94331,4,0
62,99993,4,1
53,60527,2,1
24,142515,0,0
28,66680,3,1
29,70242,2,1
53,102937,3,1
48,102635,1,1
34,26244,2,0
63,45380,1,0
27,74650,2,1
65,60044,0,1
64,108780,4,1
63,126912,1,1
61,104783,3,1
63,85003,1,1
46,71399,3,1
50,62594,4,1
45,93235,1,1
37,108313,0,1
37,78282,4,1
23,108188,0,0
22,120676,1,0
23,46641,2,0
21,36086,4,0
53,146843,3,1
18,149308,3,0
61,91674,1,1
48,90248,2,1
61,113706,2,1
62,41343,3,0
18,105777,1,0
65,25955,3,0
62,95035,4,1
33,121859,2,1
61,104848,0,1
56,83805,1,1
61,146921,2,1
32,47913,0,0
41,135023,1,1
50,71306,0,1
45,89947,3,1
28,73927,0,1
39,144805,1,1
52,136513,0,1
36,64213,3,1
36,59701,1,0
18,121734,2,0
43,53503,4,0
59,92571,0,1
47,141980,2,1
49,32536,4,0
18,105678,3,0
39,64105,4,1
24,25675,4,0
64,49400,3,0
40,26161,0,0
45,89493,1,1
23,94349,2,0
27,78833,0,1
49,25905,1,0
60,57785,1,0
48,76820,4,1
37,72775,3,1
29,95310,4,1
24,82484,3,0
28,43333,4,0
65,81880,0,1
40,140812,1,1
25,49846,4,0
20,42521,3,0
44,122507,4,1
20,46012,1,0
48,112194,4,1
25,80193,3,0
53,89955,1,1
38,123446,3,1
50,120157,3,1
26,39382,0,0
19,41531,1,0
40,90536,0,1
61,55999,0,0
61,133768,4,1
45,103261,0,1
45,87939,4,1
36,88691,0,1
45,57472,2,0
27,120584,2,1
29,57698,4,0
25,138268,4,0
62,57421,3,0
30,87114,0,1
62,120742,2,1
57,48748,1,0
55,107432,1,1
32,40789,1,0
43,30028,4,0
30,146778,1,1
45,27314,2,0
30,36919,0,0
42,78385,2,1
37,116771,1,1
32,69063,3,1
48,33041,2,0
45,109393,0,1
37,39425,4,0
41,61773,4,1
63,79797,1,1
38,142323,0,1
29,30359,0,0
21,111563,4,0
31,62397,3,1
35,144076,2,1
24,81479,1,0
34,149299,3,1
41,68815,4,1
25,37699,0,0
61,97321,1,1
39,72260,4,1
65,127079,2,1
51,104261,4,1
33,110229,4,1
31,101588,3,1
23,141286,0,0
26,107517,2,1
25,30379,2,0
59,132139,1,1
30,117361,3,1
24,34814,2,0
57,69944,4,1
64,87154,1,1
52,119472,1,1
20,41755,1,0
44,97154,4,1
53,70526,4,1
46,107557,0,1
45,33874,3,0
44,93650,2,1
19,46880,2,0
35,116318,1,1
36,30956,2,0
21,129122,1,0
65,131762,3,1
49,114744,2,1
50,34828,1,0
46,123399,2,1
42,98727,3,1
43,104589,4,1
31,49125,0,0
28,99959,1,1
55,116320,0,1
50,84695,2,1
63,119447,2,1
34,64768,1,1
36,117832,4,1
53,40611,1,0
32,30978,2,0
33,63252,0,1
58,44416,4,0
26,60446,0,1
59,57637,1,0
52,40228,0,0
59,70542,2,1
41,67540,0,1
63,140865,2,1
34,119644,1,1
44,142746,2,1
36,67550,0,1
58,131944,0,1
40,53741,4,0
29,58552,0,0
52,111155,2,1
24,119712,3,0
59,58730,2,0
53,52021,3,0
32,67501,4,1
31,101239,3,1
27,83465,1,1
64,120195,3,1
41,44442,3,0
23,90006,1,0
47,49251,1,0
30,99666,3,1
64,48646,4,0
19,65653,1,0
29,132151,3,1
61,104668,1,1
22,43811,0,0
45,57145,3,0
59,77757,0,1
64,94045,1,1
64,123362,0,1
56,38071,3,0
42,27715,0,0
18,125066,0,0
26,57550,0,0
35,43695,2,0
18,128861,0,0
24,96089,4,0
63,36136,1,0
26,87970,2,1
46,131884,1,1
37,68483,3,1
27,56956,0,0
52,115707,4,1
58,96252,0,1
19,133124,0,0
24,96387,4,0
24,92048,3,0
27,25158,1,0
19,54710,3,0
42,44316,4,0
59,62597,1,1
61,75429,0,1
49,47224,0,0
32,38334,4,0
40,34999,2,0
39,40512,4,0
23,142386,0,0
56,44805,1,0
45,94531,4,1
56,48771,3,0
27,142062,4,1
57,132159,4,1
40,139740,0,1
35,145092,3,1
60,73380,4,1
63,129685,0,1
18,137946,1,0
59,44213,4,0
27,76196,3,1
64,129444,3,1
22,39832,2,0
45,120251,4,1
27,36855,4,0
26,48838,3,0
40,66853,3,1
45,88083,3,1
56,129005,4,1
26,130138,1,1
42,79874,2,1
49,95614,2,1
49,94792,2,1
32,75413,0,1
55,118706,3,1
51,100743,1,1
62,36436,1,0
41,25375,1,0
19,72500,2,0
48,42510,0,0
21,144454,4,0
41,136247,1,1
36,85344,1,1
53,147072,3,1
33,52621,1,0
21,122910,1,0
25,116197,1,0
42,121086,0,1
62,80667,4,1
21,116934,0,0
60,101232,0,1
48,134764,2,1
28,28956,1,0
41,43517,0,0
33,35101,0,0
54,133929,3,1
27,125324,1,1
48,122459,1,1
65,94133,4,1
48,78939,4,1
46,127419,0,1
36,39583,1,0
21,140495,0,0
56,123452,1,1
50,46017,0,0
43,134141,3,1
61,149287,3,1
53,118245,4,1
54,90781,4,1
63,54794,3,0
28,60628,0,1
51,74487,1,1
65,52769,3,0
57,32339,1,0
43,49077,2,0
56,135325,0,1
62,86398,3,1
38,110550,3,1
42,46603,0,0
41,109757,3,1
30,60378,0,1
24,35198,4,0
56,127078,4,1
19,56395,4,0
28,95984,0,1
22,52775,2,0
18,124158,4,0
30,97311,1,1
58,146792,0,1
33,60280,0,1
54,99029,0,1
54,128576,3,1
20,31297,4,0
23,148667,4,0
18,71746,4,0
43,90564,1,1
38,123545,3,1
64,71640,1,1
62,113432,0,1
39,78383,2,1
24,90821,1,0
19,101962,3,0
48,101855,0,1
36,46131,1,0
61,85700,0,1
58,37227,1,0
31,130837,1,1
63,46108,2,0
51,120514,2,1
59,93588,4,1
46,127937,1,1
39,63121,4,1
57,137191,3,1
20,141743,3,0
33,52370,2,0
56,34830,1,0
54,107285,3,1
24,130477,0,0
27,125442,4,1
53,138709,0,1
49,37335,3,0
38,47245,4,0
28,33934,4,0
54,72622,4,1
23,34323,1,0
63,126179,3,1
34,87031,4,1
46,110235,1,1
25,99545,3,0
20,72641,4,0
43,78612,2,1
61,41906,3,0
41,92171,2,1
38,73979,0,1
61,79158,2,1
46,59449,0,0
57,109392,0,1
65,128624,1,1
62,132640,2,1
18,45258,0,0
36,74259,1,1
54,77334,0,1
32,75885,3,1
60,37255,4,0
47,86405,2,1
47,39302,0,0
29,120915,0,1
43,125691,3,1
30,77628,4,1
22,66587,4,0
56,88739,1,1
62,122161,3,1
25,61487,3,0
20,96444,1,0
48,44072,1,0
38,99475,0,1
56,126476,3,1
21,147743,4,0
45,87050,1,1
21,52720,0,0
61,80433,4,1
34,108320,1,1
23,43577,0,0
35,78093,0,1
37,139527,3,1
44,93783,1,1
60,142056,4,1
29,133861,0,1
23,142303,3,0
39,123720,4,1
28,51031,4,0
44,88127,3,1
52,115286,1,1
62,82250,4,1
62,99752,3,1
18,98519,2,0
30,35198,2,0
57,43955,4,0
60,132938,4,1
18,44727,3,0
27,90463,4,1
25,128811,3,0
34,93248,0,1
46,148643,1,1
58,83894,2,1
24,29782,1,0
65,49596,3,0
62,96576,1,1
56,74487,1,1
40,52494,1,0
61,100607,0,1
41,131663,4,1
19,64576,4,0
50,132354,0,1
62,90422,3,1
44,78790,4,1
40,133551,2,1
45,93572,4,1
25,146418,1,0
47,81149,4,1
29,97450,2,1
28,96141,3,1
42,62359,3,1
58,62125,2,1
24,36484,0,0
23,110147,0,0
57,147224,3,1
24,90064,2,0
52,38068,3,0
50,101183,0,1
60,62998,3,1
31,54213,3,0
53,74948,0,1
30,137242,3,1
25,70955,3,0
44,144012,3,1
18,148157,4,0
32,91527,4,1
35,140291,4,1
37,134901,3,1
61,56661,0,0
44,29282,0,0
19,45103,4,0
51,132483,2,1
38,68920,1,1
54,81363,1,1
53,76296,1,1
57,109467,3,1
21,130032,2,0
45,41891,3,0
64,47769,3,0
38,92800,1,1
45,55273,0,0
63,130011,1,1
50,40515,2,0
43,135497,4,1
53,45847,4,0
31,37223,0,0
19,82333,0,0
58,125929,2,1
27,28646,2,0
63,96260,0,1
54,75122,0,1
65,121229,1,1
47,108160,4,1
29,56420,1,0
37,50405,2,0
33,120199,3,1
34,111410,0,1
35,35874,1,0
58,28033,2,0
24,39540,3,0
56,41080,0,0
27,62022,4,1
29,37160,0,0
49,135706,4,1
31,76222,0,1
49,129260,0,1
44,34643,3,0
58,35002,1,0
61,80038,3,1
38,108040,3,1
28,48567,4,0
18,143441,1,0
60,99356,2,1
20,40362,4,0
40,88427,2,1
56,96628,0,1
28,93386,4,1
25,50276,2,0
19,95248,0,0
51,92075,1,1
31,138622,4,1
25,142777,1,0
19,67931,1,0
32,35937,1,0
35,60870,3,1
30,149941,0,1
40,117809,2,1
59,63577,3,1
65,131038,3,1
45,92194,3,1
30,57780,1,0
30,115053,4,1
43,38486,2,0
55,65840,1,1
31,119641,3,1
45,140717,3,1
45,103162,4,1
38,106646,0,1
56,75206,3,1
30,99336,4,1
41,142688,0,1
46,46921,0,0
50,58169,2,0
44,63466,2,1
59,149567,2,1
40,77206,0,1
25,48580,4,0
45,128664,1,1
40,57154,0,0
31,111108,4,1
41,44010,4,0
25,26262,4,0
62,26428,4,0
31,85997,2,1
38,142800,1,1
53,33681,3,0
36,103879,1,1
51,53503,0,0
53,61444,2,1
60,34807,2,0
59,80279,3,1
38,131613,4,1
30,50837,0,0
49,90359,0,1
35,80212,0,1
25,84347,1,0
56,67844,2,1
42,55988,2,0
19,62360,0,0
59,127669,2,1
18,144490,3,0
36,42178,3,0
20,142418,2,0
51,30127,4,0
59,27132,0,0
48,37467,3,0
64,64452,4,1
38,123787,4,1
43,35455,2,0
38,89725,2,1
21,76554,4,0
62,84582,3,1
59,144337,0,1
41,147906,2,1
24,28838,1,0
21,133194,0,0
26,38780,4,0
62,119929,3,1
32,47307,0,0
30,119910,4,1
52,25647,0,0
34,140778,0,1
25,31291,4,0
22,59567,4,0
62,105314,3,1
35,116575,1,1
26,101474,3,1
25,41552,4,0
27,123701,2,1
44,108480,3,1
60,41039,2,0
51,56525,2,0
48,111673,3,1
35,67193,3,1
32,37032,4,0
36,118242,0,1
40,98205,1,1
60,109821,1,1
62,35225,0,0
49,32899,1,0
18,112883,1,0
47,132283,3,1
30,88916,0,1
39,52349,2,0
51,92361,4,1
37,117866,3,1
59,45184,2,0
24,144816,1,0
32,145153,4,1
42,84301,2,1
50,51610,3,0
30,33996,4,0
45,46521,4,0
54,109984,0,1
27,85418,0,1
65,39444,1,0
19,142191,3,0
29,59964,0,0
48,111754,2,1
46,71131,4,1
25,146494,2,0
23,71455,3,0
31,44742,3,0
50,81472,2,1
39,31967,3,0
35,73467,0,1
21,110016,3,0
64,146637,3,1
30,63535,1,1
43,48153,2,0
35,94410,2,1
49,92976,3,1
24,114281,0,0
59,57629,0,0
32,40097,0,0
20,100396,4,0
33,33630,2,0
24,61105,1,0
57,116686,3,1
43,76496,0,1
32,121196,4,1
49,51962,1,0
31,70564,4,1
63,103159,4,1
64,25407,0,0
29,90960,2,1
48,121874,4,1
62,56276,1,0
38,114318,0,1
28,49555,4,0
47,43590,0,0
60,87206,3,1
39,27729,1,0
34,140508,0,1
28,114024,0,1
56,71156,3,1
55,25131,3,0
33,86940,0,1
20,132338,0,0
54,114135,4,1
32,93848,2,1
28,123958,1,1
24,38106,4,0
65,68997,3,1
49,121313,4,1
52,58730,3,0
34,72748,3,1
18,133494,4,0
37,118081,4,1
51,126518,2,1
48,39779,4,0
61,93066,0,1
27,78781,1,1
60,43564,4,0
49,29050,1,0
54,122125,3,1
41,52041,0,0
30,145671,3,1
58,39146,4,0
58,113971,2,1
46,139831,2,1
29,59774,4,0
39,76252,2,1
44,148897,4,1
37,49978,0,0
55,93167,4,1
57,41116,3,0
47,99273,4,1
36,39442,0,0
49,146534,1,1
47,114249,1,1
51,62982,2,1
53,112073,1,1
37,88809,4,1
22,129829,4,0
18,84488,0,0
31,62095,2,1
25,31972,3,0
37,25667,3,0
40,111540,0,1
21,57955,1,0
40,140175,4,1
50,112205,2,1
27,36272,4,0
27,121082,1,1
45,101706,0,1
36,53686,0,0
48,147281,4,1
33,131392,3,1
45,77312,0,1
34,145611,4,1
56,65728,1,1
54,82123,4,1
55,43242,1,0
34,42785,3,0
53,51151,4,0
37,36219,4,0
54,146519,3,1
52,49034,3,0
45,37588,1,0
51,82920,4,1
50,147536,4,1
47,71424,3,1
47,80116,3,1
47,28627,2,0
19,125502,3,0
23,124071,1,0
57,143862,4,1
33,101064,2,1
41,41682,2,0
52,142953,2,1
36,32017,3,0
26,77814,0,1
47,130838,2,1
47,134995,0,1
23,32168,4,0
59,39031,4,0
56,37766,4,0
54,88106,4,1
21,40917,2,0
61,91954,0,1
62,51878,2,0
27,98668,3,1
26,54300,1,0
37,107344,4,1
64,147753,0,1
49,106744,1,1
25,33800,0,0
27,104140,0,1
51,37696,1,0
31,38579,3,0
19,134147,2,0
46,76211,0,1
25,64311,3,0
48,49123,1,0
52,59114,2,0
61,82557,2,1
25,81669,1,0
58,27838,1,0
27,132288,1,1
28,92045,2,1
30,87411,3,1
36,62938,0,1
55,89613,4,1
60,61068,3,1
42,116442,0,1
47,79643,3,1
27,28666,4,0
47,40745,2,0
42,26444,2,0
37,29467,2,0
46,30587,4,0
26,86329,3,1
35,26195,1,0
40,90619,2,1
31,70722,2,1
42,92245,0,1
29,110972,1,1
40,110974,2,1
39,85225,1,1
35,127886,4,1
43,33940,3,0
42,86833,2,1
60,48642,2,0
63,146557,2,1
60,93869,4,1
26,116457,4,1
55,101116,4,1
55,105933,3,1
22,30888,0,0
64,45863,1,0
24,112197,0,0
49,147451,3,1
38,124602,1,1
64,129281,1,1
24,142937,1,0
64,141978,3,1
44,145897,0,1
21,105203,4,0
25,29904,0,0
46,125054,4,1
56,107744,0,1
29,67094,0,1
62,83918,3,1
26,108544,2,1
53,51179,1,0
34,89369,3,1
61,62498,1,1
30,122275,1,1
45,131671,2,1
30,36274,2,0
19,107459,0,0
31,29356,1,0
18,72128,3,0
54,96641,0,1
39,49288,2,0
49,49921,1,0
54,133472,3,1
50,71151,4,1
57,142932,2,1
26,130066,0,1
46,81034,3,1
22,99599,0,0
26,127549,2,1
37,38226,0,0
49,55221,0,0
56,95849,4,1
19,54362,4,0
34,76173,4,1
22,139352,1,0
36,34801,2,0
54,56640,2,0
57,90542,4,1
43,106087,0,1
52,116425,0,1
55,86732,4,1
59,28929,0,0
39,80234,4,1
30,68848,0,1
26,51769,2,0
64,68202,0,1
33,89691,0,1
54,143531,2,1
62,134445,0,1
40,34275,3,0
56,121900,2,1
23,141328,2,0
48,149072,1,1
35,119808,0,1
24,29666,3,0
50,54523,4,0
45,87599,4,1
32,27810,0,0
19,126399,1,0
52,104709,3,1
61,114600,0,1
53,88199,0,1
42,125359,3,1
62,41415,3,0
62,80945,2,1
26,40149,3,0
25,142590,2,0
41,71109,1,1
39,82216,0,1
33,55413,0,0
55,26317,1,0
44,122973,2,1
54,31000,0,0
64,57757,0,0
22,32425,1,0
46,48670,4,0
20,66173,4,0
56,110879,1,1
36,42002,2,0
43,87744,0,1
60,35066,0,0
34,147994,2,1
31,89871,4,1
32,83135,4,1
41,127263,2,1
36,138897,1,1
51,142044,4,1
38,116458,2,1
50,38681,0,0
40,143020,3,1
63,149592,2,1
49,61671,0,1
31,144544,1,1
51,55216,4,0
65,97478,1,1
25,73809,1,0
20,55815,3,0
59,125164,3,1
25,27790,3,0
20,60428,4,0
55,75354,4,1
23,32827,4,0
57,75323,3,1
19,138085,3,0
42,83198,0,1
32,51965,3,0
29,111497,3,1
52,31849,4,0
20,95981,4,0
19,144282,2,0
39,145939,4,1
55,53382,0,0
39,120130,2,1
45,138474,3,1
64,146709,0,1
24,97521,3,0
64,147221,4,1
52,85752,3,1
54,119269,2,1
51,59091,1,0
42,86254,1,1
26,143975,0,1
35,129803,4,1
23,57759,2,0
36,69241,2,1
43,30060,2,0
35,72408,4,1
60,57835,2,0
18,41293,4,0
54,111609,4,1
34,136095,1,1
46,85650,0,1
46,26162,3,0
20,72018,3,0
58,135667,2,1
31,78557,0,1
55,148054,0,1
35,142577,2,1
53,66160,0,1
46,48567,4,0
35,59018,3,0
26,54808,1,0
27,139195,2,1
59,31498,1,0
25,110799,0,0
29,114711,2,1
46,101007,4,1
20,97536,1,0
21,149741,4,0
34,27112,4,0
52,119151,0,1
56,55762,4,0
24,35155,2,0
46,39835,2,0
22,56061,1,0
38,99758,4,1
61,79521,0,1
59,80898,4,1
27,28236,4,0
56,128306,4,1
39,78495,4,1
48,148532,4,1
57,29083,1,0
41,30847,4,0
27,144520,2,1
19,38924,2,0
31,130910,4,1
50,118817,2,1
55,118433,4,1
31,74655,2,1
20,111122,1,0
42,124957,0,1
22,147620,1,0
54,90994,2,1
58,96857,3,1
52,121081,0,1
51,129622,0,1
56,86909,2,1
51,82805,4,1
35,50562,2,0
36,144415,1,1
39,56860,4,0
32,84745,4,1
65,40127,1,0
46,121049,3,1
41,35445,4,0
53,91275,0,1
41,110633,3,1
56,55192,3,0
44,55115,2,0
26,146335,2,1
33,126770,3,1
61,101645,1,1
56,59115,4,0
39,66136,0,1
23,78543,3,0
50,44450,2,0
49,107920,1,1
29,139872,3,1
18,46859,0,0
44,59521,2,0
63,146913,3,1
65,38237,1,0
20,134295,3,0
19,115445,1,0
22,42351,2,0
51,145405,3,1
45,71447,1,1
43,116347,2,1
33,118321,4,1
25,69146,4,0
55,104791,2,1
24,119657,0,0
22,121829,4,0
46,144363,3,1
58,83950,3,1
36,124308,3,1
62,42643,1,0
64,125395,2,1
50,35982,1,0
18,102798,2,0
41,113330,3,1
42,67000,3,1
29,91672,2,1
35,148832,0,1
32,63974,3,1
39,31329,2,0
51,142611,2,1
55,91614,3,1
36,67310,3,1
38,124260,1,1
27,30496,1,0
45,93044,4,1
54,140288,2,1
38,38037,4,0
36,46704,0,0
36,60893,3,1
46,54312,1,0
36,148103,4,1
56,123758,0,1
32,112350,4,1
27,37579,1,0
53,134941,2,1
28,28584,2,0
20,141738,2,0
52,129725,1,1
18,89011,0,0
41,51626,4,0
54,80902,3,1
51,41538,3,0
36,145323,0,1
63,117579,0,1
46,141507,3,1
49,59479,0,0
26,61497,0,1
40,130334,0,1
65,128982,1,1
64,34745,4,0
28,91461,4,1
35,84436,2,1
61,126848,0,1
63,115169,4,1
20,81803,0,0
63,129097,2,1
38,49955,2,0
60,134790,0,1
58,107219,0,1
33,42940,2,0
42,139309,1,1
61,50647,4,0
48,44848,3,0
29,121149,3,1
36,42274,1,0
58,139801,0,1
51,137349,1,1
18,81927,0,0
49,98103,2,1
31,118059,1,1
20,79808,4,0
57,74845,2,1
33,108586,4,1
48,94528,1,1
37,135191,1,1
36,112552,3,1
49,129431,3,1
56,71809,2,1
48,63720,0,1
32,39728,4,0
44,83611,4,1
33,111824,3,1
25,48094,3,0
38,111587,0,1
40,116353,3,1
63,41784,3,0
49,103781,3,1
61,55783,0,0
36,60117,2,1
31,141629,3,1
21,98696,4,0
34,113472,4,1
44,76298,3,1
45,77255,4,1
21,60168,3,0
64,53697,4,0
58,132285,0,1
37,83672,3,1
32,100039,1,1
52,52027,0,0
57,105052,4,1
26,104293,2,1
19,149554,0,0
42,36829,4,0
40,125511,2,1
22,110843,0,0
51,52585,4,0
52,51009,1,0
52,76842,1,1
36,130026,1,1
41,68450,3,1
31,97476,1,1
18,29728,0,0
51,38437,2,0
43,128722,3,1
20,45571,4,0
37,28177,1,0
58,126241,1,1
20,60711,0,0
42,110888,3,1
26,132255,4,1
23,35030,0,0
50,119648,3,1
19,26932,2,0
56,145451,1,1
24,121452,2,0
43,50465,2,0
37,127861,4,1
45,92155,0,1
37,60920,3,1
30,38065,4,0
59,100523,3,1
42,63173,3,1
23,54131,3,0
53,61511,3,1
36,143969,2,1
50,57062,3,0
19,90147,3,0
41,124968,2,1
63,39195,3,0
32,100743,0,1
43,126083,1,1
46,73473,3,1
54,39280,4,0
39,43844,0,0
24,98516,1,0
31,138354,3,1
55,57763,0,0
27,77847,2,1
48,93603,2,1
32,32724,3,0
34,78983,4,1
65,69285,1,1
20,67132,2,0
56,78285,0,1
35,115491,1,1
53,129162,3,1
52,90511,4,1
59,55898,4,0
47,117912,3,1
50,97719,0,1
24,80797,0,0
42,41683,0,0
28,93149,0,1
28,50869,3,0
25,30119,3,0
49,47376,2,0
49,43332,2,0
44,77350,0,1
36,40411,3,0
36,119364,4,1
51,67255,2,1
41,98899,1,1
27,63036,2,1
61,51799,2,0
63,73660,2,1
56,57930,3,0
47,52606,4,0
65,119388,1,1
28,93731,3,1
18,66640,3,0
29,44706,3,0
22,25734,4,0
62,49598,1,0
62,37300,2,0
47,68389,0,1
21,106916,3,0
56,45506,0,0
40,108406,2,1
32,70214,0,1
30,60989,4,1
45,101607,4,1
41,106854,3,1
34,98546,2,1
59,111424,1,1
22,102678,1,0
24,120768,1,0
35,48373,4,0
54,38411,1,0
51,101980,3,1
39,100452,2,1
56,61338,2,1
60,144174,3,1
31,47033,0,0
32,53369,0,0
57,44200,1,0
28,87320,0,1
38,35195,0,0
26,92070,3,1
45,112142,3,1
38,64656,2,1
25,56558,2,0
43,74454,3,1
63,87190,4,1
37,134923,2,1
38,94558,0,1
56,135387,1,1
28,148927,4,1
63,43728,3,0
53,82887,3,1
62,128411,4,1
61,40760,2,0
45,110471,4,1
29,28315,4,0
47,126023,4,1
64,80584,1,1
57,98373,1,1
42,74047,1,1
65,26398,1,0
46,72315,2,1
30,25735,2,0
37,68050,0,1
41,145036,4,1
50,145791,0,1
56,60786,0,1
59,61038,3,1
43,30756,4,0
35,106955,0,1
54,132914,0,1
63,146579,3,1
56,107868,3,1
49,47776,3,0
65,139679,2,1
24,30006,4,0
19,105336,1,0
63,121494,1,1
26,35855,3,0
25,32346,3,0
58,118138,0,1
38,37776,2,0
35,136748,1,1
59,105478,0,1
39,134743,4,1
63,47179,2,0
64,148771,4,1
51,26857,3,0
44,134801,0,1
22,50289,2,0
27,120545,4,1
23,47621,3,0
20,61113,2,0
30,115271,2,1
44,47671,0,0
37,60882,2,1
40,40429,4,0
47,99471,0,1
54,146932,3,1
23,40238,0,0
29,120623,0,1
29,66615,2,1
58,27635,1,0
18,53511,4,0
47,35652,1,0
37,134747,1,1
65,124068,1,1
37,31990,3,0
63,62627,1,1
35,43405,2,0
38,79261,1,1
30,60756,1,1
29,63657,4,1
62,82619,4,1
23,89210,4,0
55,72659,4,1
59,93556,3,1
58,115051,1,1
20,149474,2,0
42,45408,2,0
54,52611,3,0
40,109673,4,1
31,69850,2,1
53,133771,4,1
23,92275,1,0
34,53607,3,0
34,29121,0,0
51,111288,1,1
48,43325,3,0
55,67335,4,1
54,74533,2,1
20,67253,0,0
58,72039,0,1
28,80234,3,1
39,69128,0,1
29,144688,4,1
37,46331,3,0
52,49400,0,0
46,131066,2,1
47,102801,2,1
62,82012,3,1
48,134326,1,1
34,119813,4,1
56,69286,3,1
61,77579,4,1
20,146764,1,0
50,39136,3,0
45,126459,4,1
54,77527,2,1
19,46499,2,0
28,145894,4,1
56,116439,2,1
30,149714,2,1
26,42025,4,0
21,36848,4,0
27,130052,4,1
47,76903,1,1
47,25110,1,0
30,140730,1,1
37,65308,0,1
29,55957,1,0
45,36818,1,0
27,114746,2,1
41,25648,3,0
28,70182,0,1
48,97067,3,1
62,52851,3,0
60,74321,3,1
63,56816,0,0
42,41843,4,0
26,77413,4,1
36,132451,3,1
56,76622,2,1
22,70464,3,0
60,122049,2,1
19,54057,2,0
29,125642,1,1
41,72484,4,1
50,132903,0,1
57,103534,3,1
22,109617,1,0
26,90529,1,1
20,52686,4,0
45,37170,4,0
42,110726,1,1
45,44758,4,0
37,75700,3,1
20,59212,3,0
29,46435,3,0
61,92809,0,1
47,130674,0,1
40,114923,0,1
59,138045,3,1
18,46087,4,0
26,100324,2,1
42,114954,3,1
18,88719,3,0
45,126103,0,1
37,80703,4,1
65,108115,0,1
56,130791,3,1
50,73866,3,1
63,68917,2,1
41,39637,1,0
45,94692,3,1
61,35486,1,0
18,69186,2,0
34,50901,2,0
57,120371,3,1
45,31362,3,0
36,30222,0,0
49,85325,4,1
21,141544,2,0
61,73404,4,1
45,69231,4,1
19,96139,4,0
29,63435,4,1
44,27296,3,0
38,64017,0,1
56,39638,4,0
64,29798,2,0
65,76932,1,1
29,36016,2,0
24,41522,1,0
58,89677,3,1
35,70270,3,1
62,105903,1,1
64,132542,2,1
54,85085,0,1
22,67806,4,0
20,44234,2,0
64,108599,0,1
42,92191,0,1
39,146561,4,1
45,77525,0,1
29,149565,4,1
64,110576,0,1
45,40260,1,0
54,59206,4,0
57,92376,2,1
33,115997,0,1
41,100148,3,1
31,124708,3,1
35,122893,1,1
35,90740,0,1
56,77254,1,1
61,62344,4,1
18,78370,1,0
19,127504,3,0
60,42008,4,0
35,85613,2,1
58,66701,0,1
32,54468,0,0
63,67547,1,1
22,105135,4,0
64,118327,2,1
47,102059,3,1
58,103018,4,1
52,75992,3,1
53,26647,4,0
39,66896,4,1
46,44893,3,0
65,90401,1,1
52,116452,1,1
61,76126,4,1
43,29229,2,0
23,107756,3,0
53,70259,0,1
31,123043,2,1
41,64850,4,1
38,84178,3,1
19,45434,2,0
55,46854,2,0
40,99041,3,1
44,125262,0,1
36,97933,3,1
33,74189,2,1
26,74601,2,1
25,37711,3,0
31,52696,0,0
54,62925,1,1
28,125515,3,1
53,78545,4,1
31,79811,2,1
35,66864,4,1
58,38846,4,0
50,95205,2,1
43,54504,3,0
49,124198,3,1
36,133283,3,1
28,146098,1,1
43,62802,0,1
52,133772,4,1
47,111008,1,1
61,143919,0,1
42,101042,3,1
44,78778,1,1
58,28806,2,0
32,43162,2,0
57,90976,0,1
56,99787,3,1
19,67601,2,0
33,46818,2,0
58,86854,0,1
41,27977,2,0
59,76031,2,1
50,138172,1,1
28,85000,4,1
64,139642,1,1
29,86888,1,1
38,42386,4,0
22,142236,0,0
31,100707,3,1
47,57118,2,0
46,56704,1,0
47,90564,0,1
56,134822,4,1
28,57094,3,0
64,34154,0,0
65,29236,3,0
51,86631,3,1
22,127634,3,0
34,140783,2,1
25,118820,2,0
59,95014,0,1
46,88020,0,1
36,131386,3,1
64,125763,0,1
41,77354,2,1
58,110148,3,1
45,128209,0,1
24,44134,4,0
55,123772,0,1
64,47145,4,0
44,111053,4,1
27,144665,1,1
48,52536,4,0
24,68257,0,0
47,142859,3,1
33,124218,4,1
39,63704,3,1
39,128202,3,1
62,58806,2,0
35,102912,0,1
26,44401,2,0
36,28400,1,0
41,98864,4,1
63,63170,4,1
63,45749,2,0
58,64943,3,1
63,82653,4,1
27,122482,1,1
27,104619,4,1
42,58725,1,0
19,136531,1,0
55,64709,1,1
55,26581,4,0
41,119521,2,1
65,139063,2,1
43,87517,2,1
28,70116,1,1
55,136753,2,1
38,93594,4,1
42,138430,3,1
59,47167,2,0
48,47988,3,0
42,26865,0,0
39,54468,4,0
31,54400,1,0
35,104775,0,1
59,50813,4,0
49,85204,2,1
58,143790,0,1
65,135853,2,1
32,122173,1,1
41,112063,0,1
43,107103,0,1
39,91508,0,1
35,97520,2,1
65,95481,0,1
21,83541,2,0
51,57502,1,0
34,129499,1,1
62,147727,1,1
32,115392,3,1
29,30273,2,0
35,97348,4,1
23,122400,1,0
64,133880,0,1
26,93492,4,1
21,52227,1,0
33,101765,2,1
48,85852,0,1
52,140558,0,1
38,128548,0,1
30,87691,0,1
46,35929,3,0
30,38090,2,0
55,53179,2,0
49,64316,2,1
18,101246,3,0
25,119369,3,0
59,50532,2,0
58,105532,3,1
18,57997,3,0
56,60486,3,1
58,48138,4,0
50,88344,2,1
36,149706,4,1
34,138673,2,1
33,69714,4,1
61,98566,2,1
37,107040,3,1
25,124170,1,0
49,25854,4,0
50,86670,3,1
28,48435,0,0
45,113208,4,1
24,146280,3,0
39,108608,2,1
29,50374,0,0
32,52946,4,0
50,65027,4,1
51,86849,0,1
61,64329,2,1
31,99843,1,1
38,45498,1,0
43,127997,1,1
28,104970,1,1
38,92694,3,1
59,103017,3,1
64,60308,1,1
34,86863,4,1
41,44003,4,0
39,120251,4,1
65,66333,3,1
37,80744,2,1
43,124967,3,1
18,124906,3,0
21,78580,4,0
59,130561,1,1
47,125538,4,1
19,132286,1,0
31,111776,4,1
36,134124,4,1
19,67184,3,0
42,67688,2,1
53,121864,1,1
31,105944,2,1
46,137250,4,1
24,34755,1,0
28,67661,3,1
64,102717,3,1
20,127397,3,0
62,144129,3,1
33,61718,2,1
55,74154,0,1
24,32355,4,0
35,95503,4,1
46,146058,4,1
25,86845,1,0
65,34697,4,0
64,79234,1,1
27,102307,4,1
54,51213,2,0
23,82443,1,0
38,100069,2,1
60,59172,2,0
51,132126,4,1
62,27864,1,0
22,139127,4,0
41,143633,3,1
65,140944,1,1
29,67109,3,1
32,85398,4,1
39,51081,4,0
34,104117,0,1
26,40622,3,0
45,76944,3,1
21,134009,2,0
21,144666,2,0
41,27123,2,0
45,29205,2,0
38,128564,2,1
49,62047,2,1
39,108148,0,1
65,34902,2,0
23,98176,0,0
52,45738,2,0
23,100225,3,0
57,110219,1,1
22,125547,3,0
35,86042,3,1
65,44949,4,0
22,48812,2,0
39,84512,2,1
62,121922,3,1
19,77620,2,0
36,25832,2,0
42,27473,0,0
32,67255,3,1
27,58928,1,0
55,113413,4,1
52,84998,1,1
54,146288,4,1
63,138671,2,1
27,49752,1,0
31,65433,1,1
24,28437,2,0
56,148796,0,1
26,95788,4,1
22,67920,4,0
32,111267,1,1
30,64705,1,1
45,60530,1,1
31,126232,4,1
19,42997,3,0
25,134334,3,0
19,83189,1,0
42,31450,3,0
46,77321,1,1
31,126054,3,1
55,131758,0,1
23,47950,2,0
55,119964,2,1
25,46349,1,0
25,148298,3,0
65,104278,4,1
65,66534,3,1
30,52568,0,0
50,72167,3,1
34,91680,0,1
47,27116,0,0
42,130304,3,1
43,137393,0,1
40,72237,4,1
22,81904,4,0
32,116909,0,1
59,109355,3,1
48,27077,4,0
64,109850,4,1
20,43446,1,0
29,99000,0,1
26,92976,1,1
26,116104,3,1
20,33019,2,0
31,138553,4,1
41,105944,3,1
28,79950,1,1
29,147721,2,1
27,122251,1,1
41,140222,0,1
28,28929,3,0
31,65116,3,1
58,73913,4,1
57,67083,0,1
19,68461,0,0
48,29485,1,0
44,31094,2,0
42,124942,2,1
64,93839,1,1
28,38122,0,0
40,142596,1,1
23,80034,0,0
25,87349,3,0
44,137216,2,1
46,42616,2,0
58,25094,4,0
48,86536,4,1
26,67320,2,1
41,105427,0,1
48,89592,2,1
30,41493,1,0
50,42014,1,0
32,111403,0,1
65,37424,3,0
36,141250,2,1
24,57739,1,0
34,49199,4,0
39,118121,3,1
60,102435,2,1
51,100650,4,1
26,67984,3,1
41,111665,1,1
55,121522,0,1
65,143753,3,1
58,31293,1,0
29,26877,1,0
58,29471,1,0
28,77004,4,1
18,99984,3,0
48,137417,4,1
30,107406,2,1
43,84258,1,1
47,106436,4,1
52,82653,0,1
65,61609,2,1
39,69204,1,1
34,69693,3,1
53,84810,0,1
60,137225,4,1
51,59454,0,0
41,80904,0,1
52,41544,0,0
32,84956,0,1
25,97150,4,0
26,139466,4,1
37,84318,3,1
53,148148,0,1
50,48935,3,0
50,50543,1,0
61,54079,0,0
30,121129,4,1
51,103765,1,1
54,137712,2,1
51,31159,2,0
41,95707,1,1
62,149146,2,1
28,74082,1,1
24,114180,1,0
58,108140,2,1
32,135524,1,1
52,148494,2,1
45,137498,1,1
35,31411,3,0
36,76088,2,1
44,142144,3,1
47,67194,1,1
64,147964,4,1
18,34813,4,0
63,97844,4,1
31,145986,2,1
56,33757,0,0
44,43389,1,0
48,132799,1,1
33,76280,1,1
59,79920,3,1
55,50345,1,0
40,34244,1,0
35,43407,3,0
25,120155,2,0
61,44902,1,0
46,43665,4,0
38,26411,0,0
51,65784,2,1
24,126142,2,0
48,55432,3,0
37,132772,0,1
52,122374,2,1
47,45142,0,0
64,69744,4,1
20,75004,4,0
25,107168,3,0
45,101674,1,1
63,115628,3,1
36,54443,2,0
24,36609,2,0
56,138388,4,1
33,138948,3,1
62,81685,3,1
21,108631,0,0
35,135405,4,1
34,108920,2,1
39,80003,4,1
40,35891,0,0
24,118466,3,0
33,101779,3,1
32,102474,3,1
60,59832,0,0
63,88945,2,1
56,134761,2,1
42,104511,2,1
60,75146,0,1
56,39129,2,0
59,37920,2,0
24,40397,1,0
41,101037,2,1
44,131860,3,1
63,122558,0,1
40,109815,3,1
47,100149,2,1
20,148233,3,0
58,122568,3,1
60,144024,0,1
31,99308,1,1
19,107643,4,0
24,63309,3,0
19,120559,3,0
34,72000,4,1
40,57597,4,0
46,127722,0,1
38,85057,4,1
28,52443,2,0
53,109972,4,1
65,77601,4,1
29,135719,3,1
23,68747,4,0
57,95547,1,1
38,133617,4,1
24,144822,0,0
58,78223,4,1
57,90168,1,1
42,51496,4,0
63,88627,4,1
39,130630,3,1
41,123929,1,1
28,67304,0,1
25,49876,2,0
37,144122,2,1
62,109188,2,1
36,124191,2,1
52,48318,3,0
57,116178,0,1
30,37237,0,0
63,103377,3,1
34,44105,4,0
52,71373,3,1
26,145751,3,1
24,135757,4,0
57,99725,0,1
38,54468,3,0
20,57231,2,0
27,112493,4,1
19,89814,1,0
62,53701,1,0
32,82718,1,1
27,26627,4,0
33,27722,2,0
48,134829,3,1
44,97918,2,1
54,50197,3,0
29,136136,2,1
55,77378,2,1
42,122883,4,1
63,129437,4,1
34,81533,4,1
41,142971,1,1
38,95827,4,1
22,115858,1,0
38,137714,1,1
52,100885,1,1
24,145255,2,0
63,87355,2,1
38,38737,2,0
32,119385,4,1
63,117031,2,1
32,85986,4,1
54,134656,0,1
47,106108,3,1
49,102471,3,1
22,149933,1,0
19,98394,3,0
53,110233,0,1
40,87472,1,1
22,114392,4,0
22,119223,4,0
54,58031,0,0
63,103346,3,1
45,117303,1,1
43,53207,3,0
37,95568,4,1
39,55482,2,0
50,149029,3,1
27,125440,2,1
61,101922,4,1
18,104900,0,0
63,123889,4,1
55,40687,0,0
57,33339,2,0
44,120732,1,1
64,50509,1,0
56,126414,1,1
29,28864,3,0
64,40663,4,0
23,37341,3,0
54,116872,3,1
44,74976,3,1
26,136052,4,1
29,37564,4,0
40,48253,3,0
34,90494,0,1
29,59144,3,0
30,54706,4,0
59,107969,0,1
39,84208,0,1
51,58786,0,0
56,32982,2,0
21,114484,4,0
24,47087,0,0
51,26648,0,0
38,75430,4,1
19,129862,2,0
54,74130,0,1
29,49704,2,0
49,48827,2,0
31,70252,0,1
61,144618,1,1
56,74042,2,1
29,141842,3,1
63,135883,1,1
50,44510,3,0
19,106537,0,0
52,141422,0,1
37,147556,4,1
24,70751,1,0
55,92959,1,1
24,90228,1,0
56,45349,2,0
39,147921,3,1
60,96824,3,1
46,148733,0,1
60,97674,0,1
39,57272,4,0
27,56385,3,0
30,129078,3,1
20,71965,0,0
48,131287,2,1
24,136119,2,0
23,111967,4,0
51,98793,2,1
62,94720,2,1
43,124211,2,1
59,51336,4,0
38,42757,3,0
30,63398,3,1
43,82034,3,1
23,89286,0,0
49,38673,4,0
53,88452,2,1
42,65094,3,1
36,126035,0,1
51,133954,0,1
30,149096,0,1
37,141928,2,1
65,143001,2,1
52,47722,4,0
65,31285,2,0
19,31187,4,0
42,49672,4,0
52,31872,3,0
65,91633,2,1
29,91682,4,1
61,116643,0,1
31,37930,3,0
29,141962,1,1
63,66983,0,1
63,51687,3,0
31,99861,2,1
18,30928,3,0
31,143006,0,1
36,25621,1,0
60,131645,4,1
29,76107,1,1
41,145269,3,1
20,45437,1,0
56,57266,2,0
60,58840,3,0
61,99781,4,1
31,148243,4,1
44,115476,0,1
44,132944,3,1
42,61449,1,1
49,58216,2,0
18,107121,3,0
20,116226,3,0
26,111895,1,1
22,108571,0,0
25,45830,3,0
22,49033,2,0
38,46937,4,0
61,118719,3,1
36,95288,4,1
36,137133,2,1
34,39220,0,0
43,132856,1,1
23,97712,3,0
30,41661,2,0
20,86467,3,0
24,39602,1,0
20,134195,3,0
29,35958,0,0
33,82140,2,1
41,82423,1,1
46,103250,0,1
60,147370,2,1
30,125735,1,1
64,66670,0,1
54,26862,1,0
39,137654,4,1
29,70890,3,1
30,143169,0,1
43,74811,1,1
36,91269,0,1
32,49112,1,0
39,111246,3,1
19,139207,3,0
22,135549,1,0
56,94278,4,1
53,46115,1,0
53,66622,0,1
25,114753,0,0
44,92901,2,1
19,106079,1,0
64,147264,4,1
41,30037,1,0
24,114694,1,0
18,74966,0,0
54,32656,3,0
54,40681,1,0
58,29613,2,0
52,34689,0,0
59,133003,3,1
54,109513,3,1
36,114864,2,1
42,83939,1,1
61,89298,2,1
34,70239,3,1
48,145511,1,1
47,95314,4,1
32,43927,4,0
58,120810,1,1
42,58713,1,0
41,121994,0,1
45,130572,4,1
27,30577,3,0
44,118151,2,1
32,77721,1,1
58,71260,1,1
43,80199,3,1
47,121134,3,1
46,149829,3,1
47,72652,4,1
38,112211,3,1
26,119805,2,1
31,57244,1,0
63,50030,2,0
30,149256,2,1
41,143011,3,1
53,138041,3,1
41,109410,4,1
31,76488,1,1
48,39240,2,0
59,84286,4,1
57,79017,0,1
30,53465,4,0
53,141644,1,1
60,75369,2,1
45,48634,3,0
19,115959,1,0
42,99369,1,1
35,122776,2,1
27,109048,3,1
54,127479,1,1
27,78908,4,1
47,57204,1,0
49,66446,2,1
57,94545,0,1
61,37722,0,0
23,27813,0,0
21,68451,0,0
38,147101,4,1
30,122463,1,1
31,65312,0,1
41,106688,4,1
55,143556,3,1
48,69383,1,1
36,64746,0,1
53,45946,1,0
28,79419,0,1
52,144305,2,1
44,45746,2,0
53,107402,3,1
62,61861,1,1
25,112014,1,0
46,37723,0,0
26,140373,3,1
48,74724,3,1
28,125550,0,1
55,115193,4,1
46,101662,2,1
29,83632,0,1
49,149073,2,1
40,141077,4,1
23,141194,4,0
22,48230,1,0
57,64335,3,1
27,39545,1,0
58,67034,4,1
63,128911,0,1
40,104011,3,1
19,106508,2,0
44,47159,4,0
34,50168,2,0
35,93214,0,1
49,66755,1,1
21,110118,1,0
62,65191,4,1
46,81747,4,1
20,60761,3,0
60,35517,4,0
53,29112,1,0
57,26399,2,0
19,64676,3,0
30,143559,3,1
42,75907,0,1
62,113067,4,1
62,74170,4,1
41,130269,2,1
45,78371,4,1
26,148588,4,1
64,59286,2,0
30,89071,4,1
35,35919,3,0
60,36114,4,0
50,142416,0,1
19,131267,1,0
24,56845,0,0
29,73940,0,1
27,99961,1,1
23,138205,0,0
18,119779,0,0
65,130773,4,1
57,34225,1,0
55,107067,3,1
58,139478,4,1
60,38871,2,0
25,32361,1,0
30,145324,0,1
29,37019,0,0
18,81750,1,0
31,31553,0,0
42,66996,2,1
30,87396,1,1
63,89920,2,1
63,49387,3,0
36,120887,2,1
21,83001,1,0
50,25827,0,0
29,50915,4,0
27,140104,2,1
54,49817,0,0
62,124833,0,1
30,49516,4,0
32,46289,3,0
58,134581,2,1
36,103846,3,1
50,108964,4,1
31,80905,4,1
40,121396,1,1
51,25915,4,0
36,123867,1,1
22,33076,0,0
49,70118,0,1
57,124044,3,1
23,113347,3,0
18,122552,0,0
38,102088,4,1
62,114270,2,1
61,33634,2,0
34,120308,4,1
46,71938,3,1
41,90496,4,1
49,66087,2,1
65,49941,1,0
55,47354,0,0
62,71254,3,1
47,140340,3,1
38,146037,3,1
47,138859,3,1
46,45012,1,0
65,123376,3,1
44,149470,0,1
26,128319,4,1
42,139065,1,1
43,72934,0,1
45,128727,1,1
27,102717,1,1
31,37431,0,0
43,86903,1,1
35,69212,1,1
19,90185,3,0
28,64783,2,1
35,54850,1,0
49,104537,3,1
45,82030,1,1
49,112266,0,1
40,38895,0,0
38,117539,3,1
56,62921,1,1
33,92995,3,1
31,79571,3,1
18,65371,1,0
39,107635,4,1
61,106065,3,1
57,40970,2,0
26,94420,4,1
39,119995,4,1
62,138258,1,1
41,99098,3,1
22,27321,3,0
41,79657,1,1
31,148807,4,1
62,55597,4,0
58,145027,3,1
35,97744,4,1
54,129047,4,1
62,50477,1,0
38,127445,2,1
32,117812,2,1
57,56066,1,0
49,98832,3,1
19,66085,2,0
24,75350,1,0
57,67159,0,1
51,89348,3,1
56,143021,4,1
22,83914,3,0
30,128714,4,1
63,43754,4,0
21,87094,1,0
32,107977,0,1
38,71683,2,1
48,98646,1,1
35,66947,3,1
38,104268,2,1
30,133021,1,1
56,104309,0,1
36,121130,0,1
65,140968,1,1
51,129706,2,1
36,57535,3,0
45,116835,0,1
37,59208,1,0
27,63810,0,1
19,110411,3,0
23,73317,3,0
27,83547,3,1
53,45575,2,0
46,124413,4,1
24,147801,4,0
47,61169,1,1
63,104500,3,1
36,46351,2,0
26,67310,0,1
25,31871,4,0
53,87534,4,1
27,66322,3,1
53,28337,3,0
59,67452,3,1
29,67809,2,1
20,109360,4,0
38,99136,2,1
20,140770,2,0
21,119735,1,0
49,33372,0,0
26,44866,0,0
51,46414,1,0
23,123914,4,0
40,69323,0,1
44,70032,0,1
49,77502,2,1
21,93770,3,0
59,128511,3,1
62,45314,2,0
23,131740,1,0
46,45848,0,0
34,54805,1,0
21,109509,2,0
19,31879,1,0
48,30556,0,0
32,124421,1,1
27,139095,1,1
50,66872,4,1
42,124085,3,1
19,91879,4,0
49,28081,3,0
53,33907,0,0
30,102289,0,1
31,55081,2,0
49,25937,4,0
62,35567,2,0
41,91735,1,1
43,52889,1,0
52,25963,2,0
36,59818,2,0
41,91962,3,1
28,134421,1,1
56,58590,4,0
30,67868,4,1
43,40619,4,0
46,28777,3,0
56,110381,2,1
43,51816,1,0
25,30460,3,0
24,122362,1,0
30,124583,2,1
65,122946,4,1
62,113369,1,1
55,132198,4,1
41,85788,0,1
59,107066,1,1
54,141681,4,1
31,91990,0,1
37,26620,1,0
29,137768,4,1
31,90482,3,1
64,67907,3,1
43,103880,1,1
49,87937,2,1
56,62400,1,1
22,105788,0,0
18,136762,0,0
57,31557,0,0
35,146917,0,1
37,83334,3,1
64,99463,1,1
24,32017,4,0
31,109642,1,1
45,122235,4,1
22,61697,3,0
59,27935,4,0
20,142771,0,0
37,43591,4,0
47,146913,1,1
25,145508,0,0
48,47882,0,0
25,36284,1,0
47,139005,2,1
62,98065,4,1
35,27956,2,0
48,33294,1,0
31,33540,3,0
61,74469,0,1
20,90198,3,0
47,79057,1,1
18,100597,0,0
60,33258,4,0
63,61905,3,1
30,130112,4,1
19,112981,4,0
30,55778,3,0
18,110220,0,0
54,134496,3,1
53,149799,3,1
32,118791,0,1
36,72714,0,1
56,73142,3,1
48,96380,1,1
41,111324,4,1
64,97223,2,1
27,67036,4,1
44,47801,2,0
43,73773,3,1
40,125573,4,1
27,131722,3,1
61,96076,3,1
41,81585,0,1
56,58187,1,0
39,146204,4,1
59,86152,3,1
52,137957,1,1
20,70017,2,0
58,44012,2,0
39,95806,1,1
54,43287,1,0
62,76950,0,1
44,140438,0,1
50,96302,0,1
51,38607,2,0
18,58386,2,0
60,148507,1,1
65,54724,4,0
49,40325,4,0
64,134637,4,1
53,147805,3,1
51,111100,3,1
32,100631,4,1
65,78477,0,1
32,108947,3,1
27,134359,1,1
63,25078,2,0
24,89907,1,0
22,116086,4,0
33,124064,3,1
37,133164,1,1
52,108656,0,1
30,28080,0,0
19,63769,0,0
31,49341,0,0
22,58218,3,0
25,80301,4,0
60,77822,0,1
62,103323,4,1
39,75822,4,1
31,64817,3,1
57,102291,3,1
58,105583,2,1
20,114013,3,0
20,90535,4,0
40,29068,4,0
62,87075,3,1
52,125897,0,1
45,115255,2,1
57,140426,4,1
61,89265,0,1
42,30068,3,0
23,87242,4,0
52,37065,0,0
33,119932,0,1
47,74787,4,1
33,104116,3,1
20,67319,4,0
53,126864,3,1
31,105441,3,1
24,26349,1,0
55,138078,0,1
50,83252,0,1
50,48754,3,0
35,116374,2,1
42,130028,2,1
59,119939,0,1
34,101763,0,1
62,92729,3,1
29,143261,3,1
36,136877,1,1
20,63048,2,0
39,80932,0,1
61,45289,0,0
30,88195,3,1
33,25746,3,0
65,130749,1,1
42,30750,4,0
29,54284,4,0
61,101489,3,1
32,118562,3,1
62,149261,0,1
24,46552,1,0
26,122039,2,1
54,28103,3,0
49,73060,3,1
19,117852,2,0
62,73272,2,1
24,79869,3,0
20,61556,3,0
53,117018,3,1
22,33542,0,0
34,140052,4,1
48,77602,2,1
33,143832,1,1
25,28160,1,0
23,99766,1,0
60,50757,3,0
60,96554,4,1
53,59472,3,0
22,128546,1,0
55,79166,0,1
53,30210,1,0
30,44318,4,0
26,122863,3,1
18,73740,0,0
50,128296,0,1
25,93755,4,0
55,94536,0,1
37,140393,1,1
38,145682,1,1
48,130018,1,1
30,112036,3,1
48,87748,1,1
24,47599,3,0
53,108020,2,1
22,44151,1,0
50,44058,0,0
48,92290,0,1
54,46591,1,0
58,123751,3,1
58,72411,1,1
34,78266,0,1
45,30624,4,0
43,28626,1,0
60,120223,4,1
43,83959,2,1
32,123121,1,1
48,105595,2,1
44,109677,1,1
33,103509,2,1
36,90160,0,1
45,103619,0,1
44,33694,2,0
23,117336,1,0
59,30236,4,0
35,76546,4,1
47,110218,4,1
37,134618,2,1
56,67872,4,1
48,92035,3,1
42,124276,2,1
62,98424,2,1
56,111639,2,1
26,86515,4,1
23,115626,3,0
39,94827,2,1
57,107754,0,1
34,107460,4,1
35,139655,4,1
56,92307,1,1
38,146480,4,1
33,99188,1,1
40,65153,1,1
39,92852,3,1
35,59591,2,0
45,112776,1,1
57,141726,1,1
62,63668,1,1
61,114912,4,1
63,96142,2,1
38,51799,3,0
55,93172,1,1
25,119973,4,0
58,57378,1,0
56,128539,4,1
29,141296,3,1
41,57195,3,0
48,118984,4,1
54,85172,2,1
39,44181,4,0
56,34443,4,0
25,74356,2,0
43,25428,0,0
30,131429,4,1
49,84606,2,1
55,132630,4,1
50,99377,3,1
30,59825,0,0
45,107327,3,1
56,39166,3,0
45,75709,4,1
25,43314,1,0
25,72360,0,0
20,136040,0,0
35,39085,2,0
52,60181,1,1
24,146339,3,0
31,30234,2,0
21,26291,0,0
39,106836,4,1
36,81335,1,1
32,53893,2,0
56,99791,4,1
53,71340,1,1
27,28008,2,0
55,66512,1,1
28,130606,3,1
31,96003,2,1
19,46023,0,0
54,122053,2,1
35,131109,3,1
25,37541,1,0
44,53963,1,0
47,104902,1,1
29,145275,1,1
35,39075,0,0
33,112970,4,1
45,100974,2,1
42,83479,1,1
32,38155,0,0
44,118378,3,1
46,44711,3,0
57,123394,3,1
19,95944,4,0
31,140580,3,1
45,128492,2,1
39,67215,0,1
49,91526,2,1
42,134867,3,1
56,51931,4,0
27,117203,0,1
56,134699,3,1
28,128293,3,1
31,53564,4,0
40,78097,4,1
33,118707,4,1
32,74734,2,1
48,28181,2,0
33,109603,0,1
46,118463,0,1
42,99928,4,1
41,74934,0,1
49,82185,3,1
45,36725,3,0
34,70643,1,1
35,73050,4,1
48,45722,1,0
32,136889,2,1
59,92786,2,1
51,131186,1,1
20,74996,4,0
21,124707,1,0
23,117681,1,0
23,105668,2,0
21,57819,0,0
51,147160,4,1
46,44533,4,0
27,137525,3,1
35,139164,1,1
32,78669,4,1
28,93224,0,1
32,139269,0,1
57,31834,2,0
59,127642,1,1
36,96819,3,1
45,142299,1,1
33,27252,1,0
56,118392,0,1
22,126297,0,0
35,132123,1,1
52,41270,3,0
53,124727,4,1
64,48451,1,0
52,147178,1,1
33,128141,0,1
38,137119,1,1
35,92272,0,1
50,91127,0,1
43,42688,1,0
21,86481,1,0
26,56709,2,0
41,100217,4,1
47,57216,3,0
29,118088,0,1
63,57534,1,0
58,104431,0,1
22,74469,1,0
18,62644,3,0
51,129705,3,1
61,123862,3,1
53,95971,3,1
51,86160,2,1
40,128073,2,1
54,119156,3,1
34,93612,3,1
28,90949,3,1
26,130491,0,1
31,34622,2,0
41,135355,4,1
25,104219,3,0
42,74275,4,1
41,28129,4,0
49,51044,0,0
31,82086,1,1
46,138403,2,1
65,43329,4,0
43,57046,1,0
19,143030,1,0
46,58150,3,0
43,86125,3,1
41,140655,1,1
47,42093,3,0
21,57160,1,0
58,145946,0,1
36,74025,0,1
40,85960,3,1
59,139309,3,1
22,103412,4,0
40,132622,2,1
53,87535,0,1
48,33880,4,0
39,50359,4,0
50,46750,0,0
24,44128,2,0
35,32849,0,0
50,53664,2,0
41,28164,3,0
43,68783,2,1
47,70472,2,1
38,62345,4,1
21,130018,2,0
55,41160,3,0
49,81807,2,1
20,112335,2,0
64,123164,2,1
50,33819,1,0
42,68273,3,1
64,119705,4,1
27,43639,1,0
23,105854,3,0
35,76694,1,1
20,30768,4,0
18,149984,1,0
30,79837,2,1
30,79734,1,1
45,96703,2,1
34,145071,1,1
18,33680,1,0
20,59800,3,0
22,53717,3,0
28,146218,3,1
25,35481,3,0
39,105844,4,1
48,58827,2,0
53,96817,4,1
58,112155,4,1
51,45394,2,0
51,114469,4,1
56,127012,1,1
32,131814,0,1
45,88359,4,1
39,148199,2,1
37,90388,3,1
21,149793,2,0
37,130076,4,1
24,133012,1,0
53,54311,1,0
33,85862,1,1
24,116407,2,0
50,72578,3,1
65,77409,3,1
54,68412,4,1
23,56784,1,0
57,88068,0,1
38,146388,0,1
45,78205,3,1
27,79293,3,1
19,68749,4,0
25,65371,1,0
49,140226,3,1
43,102125,1,1
43,81374,1,1
36,56881,2,0
28,69054,1,1
56,67879,2,1
42,136830,0,1
24,35760,0,0
65,26112,1,0
52,81169,3,1
23,147470,1,0
21,25273,3,0
29,29284,1,0
36,135569,4,1
61,114871,4,1
60,99972,0,1
20,46655,4,0
39,38103,0,0
55,35793,0,0
57,25027,1,0
28,142578,3,1
49,39095,4,0
55,63198,2,1
51,34395,2,0
36,43168,0,0
47,104451,4,1
28,109340,2,1
24,90066,2,0
32,115312,4,1
20,76562,4,0
60,46339,3,0
46,72022,2,1
37,63489,3,1
44,130770,1,1
37,112327,4,1
31,56546,3,0
27,117174,1,1
20,35414,0,0
55,139706,0,1
27,39113,3,0
26,44572,0,0
36,125973,4,1
62,66936,2,1
33,119193,3,1
45,78723,0,1
59,112591,2,1
64,102027,4,1
63,52495,3,0
59,29434,4,0
28,76222,1,1
40,33658,0,0
20,135247,4,0
42,49453,3,0
47,111288,3,1
63,138059,4,1
46,42419,4,0
65,117718,3,1
60,66259,2,1
62,49112,0,0
28,57846,3,0
23,88818,4,0
27,30508,1,0
33,92211,2,1
49,61419,1,1
64,48660,3,0
20,126038,0,0
58,72281,4,1
57,73892,4,1
18,38709,3,0
50,51438,1,0
27,68583,2,1
35,94582,3,1
51,102396,2,1
57,50776,3,0
64,129894,0,1
47,119254,2,1
53,63036,2,1
47,30834,4,0
39,27348,3,0
55,107187,0,1
48,133731,3,1
47,144813,2,1
54,55270,4,0
55,54215,3,0
34,64358,0,1
32,112612,2,1
34,76748,4,1
18,94565,1,0
20,54071,3,0
33,77032,0,1
45,31260,0,0
35,95157,2,1
44,27142,2,0
64,129153,4,1
56,111941,0,1
49,101044,1,1
52,111676,2,1
36,127193,0,1
33,146324,3,1
53,120121,4,1
29,96442,1,1
18,114795,3,0
23,68093,1,0
48,27711,0,0
26,147038,4,1
28,111174,4,1
60,58697,3,0
28,143745,3,1
31,120572,1,1
41,37793,4,0
37,96082,2,1
58,33990,0,0
27,139454,0,1
18,149988,1,0
22,127061,4,0
29,39859,3,0
39,40917,2,0
52,85987,2,1
25,88077,2,0
35,127956,0,1
40,128415,0,1
40,48120,3,0
30,96474,4,1
64,27389,2,0
23,33314,1,0
27,69839,1,1
51,131852,2,1
30,87742,4,1
19,69588,3,0
45,38575,2,0
43,52834,1,0
30,106405,3,1
55,123007,0,1
65,54720,3,0
53,126035,3,1
42,67233,4,1
30,142960,0,1
20,84363,1,0
18,99834,4,0
19,112107,4,0
59,69397,3,1
65,134775,0,1
38,137984,3,1
23,42574,0,0
56,93224,2,1
25,102710,1,0
48,89794,2,1
53,120145,4,1
25,106912,0,0
58,66558,1,1
37,95396,3,1
36,30103,0,0
21,148082,4,0
60,42946,4,0
42,45058,4,0
39,136376,3,1
22,94594,4,0
22,90311,4,0
65,64298,3,1
19,28427,4,0
38,49218,0,0
26,147081,2,1
56,103583,0,1
41,39860,0,0
34,125663,4,1
38,141445,0,1
29,100551,1,1
55,129906,0,1
32,31432,4,0
37,135292,2,1
52,144665,0,1
63,96950,2,1
62,96573,4,1
53,111232,4,1
24,142352,3,0
20,65880,3,0
23,111231,4,0
35,122136,0,1
26,34010,0,0
55,25525,0,0
48,30573,3,0
41,78213,2,1
24,59640,1,0
55,148162,2,1
33,35749,4,0
28,49265,2,0
62,138599,0,1
58,131462,0,1
48,53628,1,0
28,121713,2,1
33,78465,0,1
61,93547,4,1
54,129157,1,1
49,96770,1,1
21,81324,1,0
57,112409,3,1
30,133137,2,1
36,70123,1,1
43,102433,3,1
55,62704,4,1
33,105790,0,1
63,80079,4,1
59,104332,3,1
18,40022,3,0
55,50056,4,0
62,41802,2,0
29,131751,2,1
25,112952,1,0
26,118201,0,1
32,57767,0,0
64,34463,3,0
26,53591,4,0
25,100310,0,0
59,52551,0,0
62,26803,3,0
24,69742,1,0
46,43924,1,0
64,109929,0,1
41,67613,3,1
42,111444,2,1
61,61053,3,1
60,51417,1,0
31,76014,4,1
30,139026,1,1
49,89082,4,1
45,31413,4,0
18,81792,3,0
28,33048,0,0
65,85128,2,1
36,51717,3,0
25,140514,4,0
27,62151,4,1
29,80856,0,1
48,127982,2,1
22,101871,3,0
40,64740,1,1
46,51335,4,0
48,76196,4,1
28,87960,1,1
46,143594,1,1
19,127368,1,0
59,88688,3,1
32,149323,2,1
50,109133,1,1
25,60084,4,0
51,58398,0,0
35,137984,2,1
37,122832,3,1
19,33253,2,0
24,56617,4,0
34,131130,1,1
60,147076,2,1
57,100289,2,1
29,107250,3,1
51,25441,1,0
19,67909,2,0
44,99442,4,1
18,88048,1,0
29,39216,4,0
64,125160,3,1
34,116229,4,1
55,51144,3,0
60,135350,2,1
54,98927,4,1
24,74797,3,0
57,50725,1,0
38,31003,4,0
40,86785,1,1
52,68703,3,1
32,81468,2,1
19,115404,0,0
24,99076,1,0
32,78835,0,1
31,86221,3,1
52,121811,0,1
24,114254,2,0
46,119166,1,1
32,121734,1,1
31,73611,0,1
20,58614,0,0
55,78626,0,1
35,109281,2,1
46,142060,1,1
23,69671,1,0
57,40568,0,0
34,128690,2,1
52,122834,1,1
20,87391,4,0
52,46893,0,0
49,132094,1,1
44,141322,4,1
24,36627,2,0
55,55058,2,0
35,25012,3,0
62,70738,4,1
46,97913,1,1
19,121849,0,0
58,99934,0,1
60,61078,1,1
29,132782,1,1
32,121662,0,1
64,48513,1,0
31,50905,1,0
36,85405,0,1
60,83912,1,1
57,42631,0,0
25,120124,1,0
41,107199,4,1
61,81599,1,1
62,33292,1,0
48,74556,0,1
28,74091,0,1
52,47950,3,0
24,36118,1,0
31,34596,1,0
44,39213,3,0
32,116709,1,1
35,118545,2,1
63,97744,2,1
55,142830,2,1
39,141180,3,1
28,133629,2,1
52,111575,2,1
31,149992,3,1
45,47562,2,0
46,61592,4,1
34,104466,1,1
64,129635,0,1
30,78191,4,1
42,126260,2,1
47,146536,0,1
55,40118,1,0
21,55112,2,0
25,98408,3,0
43,144188,2,1
63,121680,1,1
21,92889,1,0
52,139792,1,1
26,56520,0,0
50,137499,2,1
52,140922,0,1
33,95648,2,1
23,69448,2,0
52,37260,4,0
34,68525,2,1
26,133542,1,1
20,81062,3,0
31,43312,1,0
62,108394,0,1
51,44375,2,0
46,34363,3,0
64,108080,2,1
23,121697,4,0
47,46578,4,0
39,28926,0,0
18,127242,0,0
60,115555,0,1
64,28977,0,0
38,46616,2,0
23,35830,1,0
48,149923,0,1
46,127714,2,1
59,73698,0,1
58,123103,2,1
19,119270,1,0
40,66005,3,1
61,40093,2,0
59,62992,4,1
34,45876,0,0
52,131530,1,1
56,112574,2,1
52,87492,4,1
49,93448,0,1
27,48032,4,0
50,106481,0,1
38,74734,3,1
20,91472,3,0
47,28440,0,0
56,31403,0,0
60,59247,1,0
42,70265,4,1
23,72378,2,0
35,94472,1,1
43,74508,2,1
25,55907,3,0
27,129556,4,1
50,54864,4,0
41,111681,0,1
41,65648,1,1
54,74194,0,1
53,118623,0,1
58,86573,0,1
44,52252,1,0
44,103918,2,1
53,85296,2,1
40,128091,0,1
57,127054,2,1
29,41484,0,0
21,60102,0,0
25,138410,3,0
34,134431,2,1
25,141680,2,0
51,121797,0,1
34,106995,4,1
59,48258,2,0
48,90332,1,1
51,50409,3,0
63,125119,1,1
51,109900,0,1
43,60101,1,1
27,113211,0,1
27,116310,3,1
57,113854,4,1
64,47396,2,0
54,109565,4,1
44,64005,1,1
19,56813,3,0
63,42106,4,0
64,120057,2,1
45,53032,0,0
37,127012,4,1
23,85550,0,0
42,63223,3,1
28,71488,4,1
36,138544,0,1
29,77858,1,1
64,113572,4,1
39,96233,1,1
36,50122,0,0
60,36089,3,0
42,65334,3,1
35,138126,4,1
50,100459,2,1
50,145097,0,1
32,120784,0,1
41,56646,2,0
62,90663,2,1
29,133844,4,1
39,120092,1,1
47,104966,0,1
61,115211,4,1
20,62971,0,0
36,56302,1,0
31,52385,4,0
30,133596,2,1
34,101955,4,1
63,41014,3,0
64,54082,1,0
24,36804,0,0
63,103624,3,1
51,86138,0,1
52,31334,2,0
30,56600,2,0
23,107689,1,0
49,53414,1,0
43,109414,4,1
32,30139,3,0
20,119812,0,0
23,145341,2,0
50,90099,4,1
42,37492,3,0
50,137509,3,1
53,119409,2,1
18,26398,1,0
31,132524,0,1
19,101820,0,0
39,127056,3,1
25,97055,1,0
56,93664,0,1
33,115229,3,1
39,86901,3,1
34,120585,4,1
56,40689,3,0
18,140642,2,0
61,53010,3,0
41,104920,4,1
26,141114,0,1
22,65793,2,0
22,130973,0,0
51,108792,2,1
36,39267,2,0
36,54601,1,0
43,94453,3,1
39,134846,0,1
55,43257,3,0
30,47360,1,0
31,104504,2,1
50,44383,0,0
33,84151,4,1
39,69262,3,1
22,37088,4,0
20,116149,4,0
26,93115,2,1
44,148295,0,1
41,107638,0,1
39,56149,3,0
43,81186,3,1
65,31076,2,0
62,37580,0,0
65,41880,3,0
19,148056,0,0
30,139665,0,1
51,140990,1,1
41,76195,3,1
56,36584,0,0
42,45184,3,0
22,66992,1,0
24,149883,1,0
31,58295,4,0
40,31822,3,0
50,97127,1,1
45,99978,0,1
49,107100,3,1
45,125014,2,1
59,143281,1,1
57,52637,2,0
34,63063,0,1
25,56732,4,0
53,25649,2,0
46,127268,1,1
39,64117,1,1
48,138093,2,1
65,142142,2,1
26,78406,0,1
31,55637,4,0
57,119877,0,1
21,38431,4,0
46,115584,0,1
56,132774,0,1
50,73266,2,1
55,117739,0,1
36,62455,2,1
29,147547,0,1
63,84389,4,1
55,130817,1,1
43,124119,2,1
63,100076,2,1
58,80146,2,1
54,130915,3,1
60,63851,2,1
59,104254,2,1
65,120650,3,1
23,141542,2,0
36,44029,2,0
41,100927,3,1
58,149772,2,1
33,44258,4,0
54,38493,4,0
19,126226,2,0
37,99643,2,1
30,149949,1,1
30,39202,1,0
32,63591,1,1
45,77980,2,1
53,147883,0,1
44,106555,0,1
53,86994,1,1
43,108917,0,1
47,125111,3,1
19,109139,3,0
29,123209,1,1
37,98617,1,1
51,104525,1,1
38,112837,2,1
41,110221,1,1
51,43156,2,0
19,134572,4,0
18,142604,4,0
44,141297,0,1
27,143259,2,1
57,81904,4,1
19,96991,1,0
43,102399,4,1
52,113677,1,1
45,111627,4,1
23,127708,2,0
42,100092,3,1
40,78336,0,1
31,26957,2,0
48,131003,3,1
24,113081,1,0
30,130805,2,1
38,99908,4,1
25,58021,1,0
35,77254,2,1
27,56536,2,0
37,136380,2,1
35,107056,0,1
19,134121,1,0
48,123609,1,1
18,25853,2,0
45,103694,3,1
42,33205,0,0
25,134276,3,0
50,51484,0,0
23,112597,1,0
57,68888,0,1
21,148908,0,0
42,94181,0,1
57,109972,4,1
23,63408,2,0
22,137438,4,0
21,84393,3,0
29,138101,2,1
30,139273,2,1
46,109157,3,1
58,43828,0,0
64,73281,1,1
58,61673,4,1
19,142403,3,0
46,83024,2,1
36,76214,1,1
21,118626,3,0
26,120161,3,1
44,113000,1,1
56,42982,4,0
19,97805,0,0
65,139353,3,1
64,106971,3,1
42,145991,0,1
28,99110,2,1
22,125809,4,0
19,77072,2,0
61,94931,4,1
22,50594,1,0
30,84489,1,1
23,147846,1,0
38,71907,1,1
30,70185,3,1
24,86235,2,0
23,85850,0,0
31,136351,1,1
61,38324,0,0
56,46414,0,0
42,39761,1,0
45,56191,2,0
60,66648,1,1
47,89978,2,1
54,70215,3,1
25,49954,1,0
46,34743,2,0
36,65251,4,1
55,31446,1,0
55,67339,0,1
27,138262,3,1
36,91881,0,1
24,81512,4,0
36,31933,1,0
46,51855,4,0
24,77213,3,0
52,39192,1,0
47,122113,3,1
60,92291,1,1
29,34853,0,0
28,108763,0,1
49,142213,2,1
52,133438,1,1
24,107348,1,0
34,93082,3,1
28,100041,2,1
39,121278,3,1
64,115017,2,1
46,55653,3,0
32,139653,2,1
33,139903,0,1
50,48228,2,0
61,66738,3,1
19,69364,1,0
54,123339,3,1
65,28003,3,0
62,102150,2,1
64,108447,3,1
43,114226,0,1
47,87694,0,1
43,137840,3,1
33,143005,3,1
51,127221,1,1
18,72852,0,0
42,95860,1,1
23,111364,1,0
29,54348,4,0
38,113327,1,1
23,76558,4,0
18,126880,4,0
52,83626,0,1
61,59722,3,0
54,44705,0,0
51,110367,1,1
22,99792,1,0
38,99431,3,1
47,123954,2,1
20,98076,2,0
52,126262,4,1
33,81355,2,1
56,96022,4,1
52,138780,0,1
28,41629,0,0
39,129645,0,1
56,115674,1,1
60,135331,2,1
45,119265,2,1
63,115624,4,1
50,63255,1,1
37,140669,2,1
39,135904,2,1
50,97553,0,1
59,36011,4,0
40,84226,2,1
50,85015,0,1
62,110830,3,1
23,71784,1,0
33,142335,2,1
43,83665,3,1
48,50688,2,0
60,49479,0,0
57,84245,4,1
42,127268,0,1
57,33320,3,0
49,105010,2,1
49,75393,2,1
27,137331,2,1
54,144972,3,1
50,90172,1,1
26,66958,2,1
54,50710,3,0
65,30004,2,0
38,114333,2,1
18,77244,1,0
61,106946,1,1
41,31798,4,0
19,111975,4,0
42,74930,2,1
39,114864,3,1
54,30022,0,0
61,41361,1,0
35,142934,2,1
29,127023,4,1
41,60169,4,1
29,147451,2,1
43,85383,2,1
43,50704,1,0
40,133326,2,1
36,49338,1,0
58,149733,1,1
61,94822,2,1
35,128485,3,1
32,138546,1,1
52,143163,2,1
24,69588,3,0
28,59174,0,0
61,114198,4,1
29,94866,4,1
64,147180,3,1
29,144793,4,1
42,46978,2,0
28,77907,2,1
32,138814,1,1
39,94434,2,1
61,73503,0,1
32,137780,2,1
24,98391,3,0
41,72946,0,1
59,89177,2,1
34,75630,2,1
38,27048,2,0
38,124088,3,1
61,62657,4,1
32,25996,1,0
37,107329,2,1
25,140048,2,0
54,34766,0,0
48,103512,3,1
28,31145,1,0
51,134186,4,1
55,55935,4,0
20,36273,4,0
31,76711,4,1
23,67630,4,0
47,39093,4,0
38,51515,0,0
31,120542,1,1
41,106183,1,1
44,87371,2,1
24,56214,3,0
46,136615,4,1
20,27104,2,0
35,149876,1,1
62,138280,0,1
36,149569,0,1
20,126755,4,0
29,84851,3,1
57,94364,0,1
62,102559,2,1
48,98595,0,1
56,121010,1,1
48,25881,4,0
41,42009,1,0
50,94046,2,1
40,77716,1,1
26,147575,4,1
53,131050,3,1
44,32650,4,0
55,91380,3,1
46,95636,3,1
35,64144,1,1
26,89580,4,1
50,69208,4,1
52,107860,4,1
64,102112,3,1
41,129412,4,1
63,135307,2,1
36,48301,2,0
26,64916,2,1
25,35876,3,0
39,28328,1,0
18,140669,0,0
20,45439,4,0
41,108776,1,1
55,109848,1,1
22,55988,1,0
59,139998,0,1
38,138834,4,1
22,52308,0,0
38,69555,3,1
20,93391,1,0
58,107969,3,1
53,121751,1,1
61,38155,4,0
37,62272,2,1
51,105859,3,1
42,101865,2,1
63,89307,1,1
49,136456,1,1
45,83851,3,1
64,149447,4,1
59,79169,1,1
65,25834,1,0
41,135882,2,1
65,117233,1,1
41,62737,1,1
22,93921,1,0
29,117742,2,1
24,121606,1,0
30,134620,0,1
26,51238,2,0
27,140168,0,1
58,64959,2,1
23,32731,3,0
65,26063,0,0
51,57079,3,0
34,89164,1,1
31,119050,2,1
47,70220,0,1
52,46634,3,0
43,92984,0,1
60,84772,1,1
29,142945,4,1
48,85851,4,1
34,122888,4,1
53,107278,4,1
48,42782,3,0
27,138080,2,1
20,67655,1,0
57,36827,2,0
60,122242,3,1
42,142919,2,1
33,120624,0,1
43,31959,2,0
29,119147,3,1
25,109596,3,0
29,33299,3,0
61,53189,1,0
46,128181,1,1
54,110904,2,1
29,134820,0,1
38,48827,1,0
27,100582,2,1
57,53062,3,0
28,38213,3,0
38,111146,2,1
22,108932,4,0
33,97500,2,1
27,55992,1,0
38,110631,4,1
62,57049,2,0
52,51632,4,0
53,148167,4,1
35,79771,0,1
49,119999,3,1
65,122473,3,1
32,46176,3,0
36,57392,0,0
54,68597,4,1
34,100708,3,1
57,118780,0,1
29,142082,3,1
56,133117,2,1
46,25352,1,0
54,47849,3,0
22,46245,0,0
39,57307,2,0
47,124581,2,1
49,119209,0,1
31,89268,4,1
26,100966,2,1
51,56854,1,0
27,28680,0,0
26,128970,4,1
43,120578,0,1
53,49699,1,0
20,140785,0,0
34,124745,2,1
49,104505,3,1
51,90989,2,1
54,82458,4,1
61,52601,4,0
60,92414,4,1
29,56037,2,0
43,146150,0,1
20,51475,0,0
35,64597,1,1
42,109594,0,1
54,137090,2,1
38,39349,3,0
22,70467,1,0
31,139295,2,1
23,27993,1,0
59,100653,1,1
64,148447,2,1
65,70645,0,1
23,64687,1,0
48,61331,2,1
30,32430,2,0
30,144492,0,1
54,79471,3,1
23,52579,2,0
49,37180,2,0
25,44029,3,0
21,108006,1,0
64,44895,0,0
31,45631,0,0
61,146108,3,1
44,86152,1,1
21,40095,2,0
65,113268,0,1
25,39773,3,0
43,38697,1,0
29,30485,0,0
57,119590,0,1
46,42824,4,0
60,122331,2,1
46,147211,1,1
30,146304,2,1
65,120640,1,1
20,63484,2,0
30,81550,3,1
39,52315,2,0
18,111551,1,0
47,110278,4,1
51,38582,1,0
36,48086,0,0
23,62283,0,0
53,114527,3,1
58,93788,1,1
39,137701,0,1
54,112152,4,1
26,44677,2,0
36,74227,1,1
19,135099,2,0
30,116832,4,1
40,119578,3,1
22,131229,0,0
31,118804,2,1
56,70251,1,1
62,101475,3,1
19,126759,0,0
32,84471,0,1
27,61105,1,1
45,147574,4,1
53,67813,2,1
41,75773,4,1
26,52788,0,0
34,148405,0,1
65,127042,1,1
19,43460,3,0
21,80372,0,0
41,105511,1,1
48,55252,2,0
49,61428,0,1
28,103520,2,1
21,83079,0,0
45,80862,2,1
19,79046,1,0
26,41578,4,0
51,110209,0,1
39,66869,4,1
28,133497,0,1
32,116907,4,1
20,57728,0,0
25,27209,2,0
41,144010,3,1
49,98980,3,1
41,80468,4,1
57,33504,4,0
46,102348,4,1
41,62361,3,1
29,148963,1,1
34,87858,0,1
26,134677,4,1
47,81909,0,1
25,30783,2,0
21,125814,0,0
50,41074,0,0
31,28492,3,0
53,55127,0,0
46,77250,4,1
23,89092,1,0
45,92669,0,1
52,26720,2,0
24,131474,4,0
46,39077,1,0
55,28995,0,0
39,117314,0,1
47,36067,1,0
50,30564,3,0
46,38325,1,0
21,85548,1,0
39,35447,0,0
36,72332,2,1
35,89491,4,1
30,129992,3,1
29,39969,1,0
19,27284,2,0
45,48819,4,0
52,137643,2,1
61,71574,3,1
45,117197,3,1
56,58260,3,0
19,51812,0,0
53,25716,4,0
30,112955,1,1
56,77766,1,1
46,145844,4,1
45,141606,3,1
45,132897,1,1
23,71299,2,0
22,93762,1,0
26,116681,3,1
19,29205,0,0
35,77819,3,1
45,38129,4,0
39,107160,2,1
19,123971,0,0
25,31629,3,0
55,88655,3,1
25,144790,4,0
20,27575,4,0
55,55926,2,0
53,33905,2,0
62,137449,4,1
54,25396,4,0
33,112518,0,1
38,127820,1,1
20,58491,2,0
56,90776,0,1
55,64010,2,1
49,146800,3,1
56,94361,3,1
58,54318,0,0
30,85718,2,1
46,114804,0,1
44,75098,2,1
53,123291,4,1
24,78855,3,0
24,44456,1,0
49,62572,0,1
49,87900,2,1
35,57537,1,0
29,124902,4,1
45,48988,1,0
65,115293,2,1
60,102460,2,1
36,101397,2,1
25,105025,3,0
18,33781,4,0
28,140792,3,1
60,43293,0,0
31,86245,0,1
50,85390,2,1
28,38853,0,0
44,32198,1,0
60,112209,0,1
58,130283,4,1
24,136361,2,0
23,55829,4,0
61,116988,2,1
54,92234,2,1
50,140992,2,1
46,143073,1,1
25,35944,3,0
19,120807,2,0
50,107045,2,1
36,146609,2,1
19,131865,0,0
52,146644,3,1
34,64860,2,1
26,46065,0,0
46,149099,4,1
51,92258,1,1
54,82718,2,1
41,82365,0,1
52,47619,0,0
19,59013,2,0
20,79891,3,0
38,87033,0,1
29,135378,1,1
42,98849,0,1
37,103077,3,1
23,125218,0,0
28,91964,3,1
61,132104,2,1
35,128738,1,1
56,112872,3,1
53,143464,2,1
27,85733,3,1
55,148636,3,1
60,108281,0,1
35,30653,2,0
40,55059,0,0
34,143583,0,1
55,80511,0,1
40,80987,0,1
49,142910,2,1
59,57520,1,0
49,62239,2,1
53,54377,4,0
64,74464,4,1
24,127109,3,0
55,129577,3,1
29,63384,0,1
56,146402,3,1
62,108840,4,1
57,74324,3,1
52,57591,4,0
57,81270,0,1
35,84383,2,1
37,44882,0,0
46,26522,1,0
53,69304,0,1
42,43656,1,0
40,101021,1,1
58,78297,4,1
52,96658,1,1
18,90867,2,0
32,59854,2,0
43,94822,2,1
32,105488,0,1
45,43017,4,0
43,87852,1,1
51,83349,2,1
54,33932,3,0
19,106689,0,0
23,64308,0,0
31,133749,0,1
55,142448,1,1
40,111662,2,1
58,131805,1,1
31,118681,3,1
24,55493,1,0
48,119334,3,1
18,69791,1,0
33,30739,4,0
38,97914,2,1
24,77508,4,0
62,27874,1,0
41,143807,4,1
37,89958,1,1
34,41327,2,0
24,81219,4,0
59,29137,1,0
62,62899,4,1
19,128245,2,0
44,77699,0,1
48,124038,3,1
65,33563,2,0
26,116775,4,1
56,95548,2,1
52,107639,0,1
52,95915,0,1
43,85519,2,1
27,37700,4,0
23,83045,4,0
44,92760,0,1
32,135065,4,1
57,49210,3,0
58,74352,4,1
52,80336,2,1
60,95569,2,1
33,116603,2,1
43,116288,2,1
53,82717,4,1
50,74959,2,1
37,115267,0,1
38,69601,2,1
34,66098,0,1
25,41268,2,0
26,119683,2,1
61,48669,0,0
61,127373,3,1
41,57295,3,0
62,30831,4,0
25,34225,3,0
23,80375,0,0
32,134120,2,1
52,123658,2,1
43,52150,3,0
38,57578,3,0
63,109884,1,1
24,92458,2,0
34,67946,4,1
56,32315,3,0
49,26006,0,0
19,102872,2,0
37,130774,1,1
37,94514,2,1
34,48452,0,0
36,145652,3,1
42,114444,4,1
65,137926,2,1
57,82004,3,1
49,78799,0,1
38,128439,3,1
34,46211,0,0
37,66254,3,1
41,89229,3,1
39,95453,0,1
54,84063,4,1
38,53931,1,0
50,130547,2,1
19,80725,1,0
33,137333,4,1
34,129717,3,1
42,127665,1,1
58,49159,3,0
39,116828,4,1
21,39208,3,0
58,68778,2,1
56,70485,1,1
21,26200,3,0
28,137141,1,1
25,47925,1,0
36,48729,3,0
45,140520,3,1
62,111067,3,1
37,77590,1,1
38,105382,0,1
42,28637,0,0
23,48183,4,0
63,38096,0,0
41,144369,2,1
34,94914,2,1
58,75888,0,1
18,124679,2,0
18,39201,3,0
55,92668,3,1
48,118187,3,1
53,41757,1,0
23,47660,2,0
56,140668,4,1
46,146992,0,1
35,83473,1,1
63,78549,4,1
28,108701,3,1
22,44303,0,0
28,32008,1,0
51,57929,1,0
65,124578,3,1
39,54881,3,0
40,116283,2,1
64,75576,2,1
21,85450,2,0
40,132348,1,1
41,59698,2,0
29,65601,1,1
25,113047,2,0
62,123458,1,1
50,67506,4,1
41,129453,4,1
21,29120,3,0
34,65042,4,1
36,110486,3,1
39,121962,1,1
30,135822,0,1
25,43342,1,0
27,147507,3,1
36,125892,2,1
57,125315,3,1
61,148218,2,1
64,131902,0,1
46,82460,3,1
31,56836,4,0
59,109084,1,1
49,47245,0,0
30,138719,2,1
52,74742,1,1
22,142668,3,0
40,118613,0,1
59,96159,0,1
22,104526,3,0
33,133357,0,1
34,68116,1,1
20,75674,2,0
32,67598,2,1
50,133756,1,1
35,106805,1,1
39,136118,1,1
37,26548,0,0
62,128263,0,1
50,34060,3,0
46,87150,2,1
36,92395,0,1
45,70264,1,1
35,58305,4,0
60,72115,4,1
34,81032,0,1
52,52559,2,0
41,115234,0,1
48,104005,2,1
31,84026,2,1
24,27040,4,0
33,109364,2,1
25,44278,2,0
47,90842,2,1
60,58483,2,0
65,75593,2,1
54,100927,3,1
55,94165,2,1
27,140972,2,1
21,65117,4,0
48,100861,1,1
48,38717,4,0
46,114263,1,1
34,74393,1,1
20,131197,0,0
64,103409,2,1
65,74982,4,1
29,60101,1,1
31,134004,2,1
59,54672,2,0
46,46329,2,0
33,56230,2,0
24,44785,0,0
59,111446,2,1
49,28943,3,0
28,148692,2,1
31,47597,2,0
50,146130,0,1
63,100769,2,1
31,46991,1,0
25,30869,0,0
18,49263,1,0
29,141518,0,1
19,33261,2,0
42,85464,3,1
42,40022,0,0
19,91574,2,0
60,138748,2,1
61,88025,3,1
25,26468,2,0
23,132194,4,0
30,73846,3,1
23,62848,0,0
64,55832,2,0
36,146707,4,1
59,56977,0,0
55,91890,0,1
48,61223,3,1
53,109084,1,1
30,66269,4,1
44,138554,2,1
38,134059,0,1
20,25478,1,0
64,126331,0,1
47,134484,3,1
29,25459,4,0
35,148660,4,1
65,102113,3,1
46,134325,0,1
39,27561,0,0
45,81734,3,1
45,60215,0,1
22,26709,3,0
41,64202,0,1
63,36835,1,0
36,25207,3,0
52,67458,0,1
43,105493,2,1
35,126243,2,1
48,30499,2,0
57,26971,4,0
53,124642,1,1
45,80009,2,1
30,63561,2,1
27,74534,2,1
64,99379,2,1
57,78117,1,1
42,104551,3,1
18,94200,1,0
52,81813,2,1
53,93162,2,1
25,86928,2,0
61,111561,3,1
57,34522,4,0
19,73627,2,0
45,48672,4,0
47,135610,0,1
54,84568,3,1
19,115860,2,0
33,41581,0,0
23,42393,3,0
62,125139,4,1
47,136315,2,1
54,98278,1,1
42,26925,4,0
23,97521,0,0
54,73305,1,1
22,127755,3,0
41,68989,2,1
38,40437,3,0
49,84889,4,1
63,36824,1,0
49,63901,3,1
56,49232,0,0
24,96016,2,0
27,61743,0,1
56,118424,2,1
43,148203,1,1
45,59900,1,0
28,43469,2,0
48,68813,2,1
55,34758,3,0
21,131320,4,0
64,120867,4,1
35,145094,1,1
24,132912,2,0
40,114262,4,1
41,88714,0,1
38,82031,2,1
26,25378,2,0
27,41558,4,0
49,133855,0,1
63,100303,0,1
64,31524,0,0
58,77336,1,1
63,142765,4,1
44,61059,0,1
47,47502,1,0
26,61496,3,1
29,90942,1,1
53,105088,4,1
64,141061,4,1
18,32656,0,0
49,93179,2,1
29,46091,4,0
63,84326,1,1
23,42858,3,0
22,76050,2,0
41,25818,3,0
22,32722,4,0
53,109080,0,1
23,40226,2,0
41,25134,2,0
29,135603,3,1
24,131991,0,0
38,49370,3,0
23,122980,0,0
65,72543,1,1
46,31978,2,0
26,51163,0,0
20,85604,0,0
45,102810,4,1
61,26927,0,0
48,58610,0,0
50,100235,4,1
53,118241,4,1
62,63408,1,1
59,43461,2,0
51,86384,3,1
55,97788,2,1
31,138404,3,1
40,42236,2,0
34,61572,3,1
25,79187,0,0
57,128944,2,1
27,87145,1,1
37,131291,2,1
23,52946,0,0
20,58792,4,0
20,45149,4,0
53,112030,2,1
43,54069,1,0
22,86377,4,0
31,140559,4,1
46,58558,2,0
33,69223,1,1
44,94460,0,1
43,137989,4,1
52,82071,0,1
65,81264,3,1
30,102107,2,1
32,119076,4,1
37,147021,2,1
50,50589,2,0
37,48183,4,0
32,75151,4,1
43,144931,1,1
52,31217,4,0
39,31956,3,0
46,146505,4,1
63,31569,3,0
41,83849,2,1
39,71194,0,1
41,77044,1,1
31,98999,1,1
64,133088,0,1
56,29458,2,0
39,143268,4,1
24,30571,3,0
58,116729,4,1
64,28611,2,0
24,141586,1,0
24,149654,0,0
24,85646,2,0
42,37419,2,0
61,27503,1,0
39,130570,4,1
63,148526,3,1
61,75995,0,1
61,117103,1,1
28,108079,0,1
43,118989,2,1
41,145504,1,1
38,132160,4,1
62,148272,0,1
61,48216,0,0
23,112406,1,0
29,82375,4,1
54,71837,0,1
18,45697,3,0
62,145451,0,1
23,66878,0,0
39,53127,1,0
40,129588,2,1
34,82691,2,1
39,29193,3,0
36,30744,3,0
24,125268,3,0
63,50069,1,0
47,102982,2,1
21,146995,4,0
63,122407,2,1
61,72992,0,1
32,112349,0,1
21,26274,3,0
36,113806,2,1
31,64854,0,1
31,115443,2,1
25,25393,4,0
40,41522,0,0
31,81152,0,1
50,105160,4,1
22,34438,2,0
37,107163,2,1
24,54016,4,0
57,105818,1,1
52,72077,4,1
33,144184,4,1
61,99328,4,1
27,30990,4,0
42,34261,0,0
21,78419,3,0
54,148282,2,1
18,109426,0,0
43,99867,3,1
53,32705,0,0
52,75706,3,1
48,59441,0,0
62,142366,1,1
48,90661,4,1
62,114157,1,1
63,141623,1,1
60,50407,2,0
36,65207,2,1
62,74147,1,1
19,25364,3,0
49,85093,3,1
28,68800,4,1
18,53569,1,0
58,70605,0,1
22,89648,1,0
42,66039,4,1
26,142813,3,1
29,62469,0,1
47,95416,4,1
29,101298,0,1
58,49480,2,0
62,127117,1,1
32,128452,1,1
37,68388,0,1
22,26996,0,0
54,30221,3,0
61,31081,4,0
33,25736,2,0
53,144737,3,1
50,58197,1,0
18,44853,0,0
23,75335,3,0
46,53828,1,0
57,146571,0,1
36,142490,4,1
47,68788,2,1
53,128540,2,1
46,67372,2,1
29,36498,1,0
55,121593,2,1
45,65853,1,1
43,31085,1,0
33,79929,1,1
18,140965,1,0
47,73502,4,1
51,49449,0,0
34,85547,3,1
19,116082,2,0
26,25143,3,0
25,36905,4,0
28,54576,2,0
18,48715,1,0
45,116805,1,1
24,109808,2,0
64,111540,1,1
22,71212,2,0
25,93452,2,0
49,119737,0,1
61,72977,2,1
24,81850,0,0
25,90946,3,0
31,95193,4,1
39,97120,2,1
23,120725,2,0
38,99576,3,1
62,86662,1,1
63,115535,0,1
42,97877,2,1
20,117907,0,0
39,145215,1,1
48,95120,2,1
31,33803,2,0
42,104777,1,1
50,144093,2,1
48,142861,1,1
50,61190,4,1
37,138538,0,1
60,37579,2,0
26,47036,3,0
28,25159,0,0
29,97246,1,1
57,63606,2,1
26,106955,1,1
26,111833,1,1
21,58025,0,0
35,61535,3,1
35,110830,1,1
64,42259,2,0
65,39379,0,0
44,149975,4,1
54,103963,1,1
62,26337,1,0
65,107221,0,1
26,29733,1,0
21,61306,1,0
32,136722,1,1
26,118970,3,1
49,72077,1,1
62,139794,0,1
33,73880,1,1
20,142769,1,0
50,37260,3,0
39,141173,0,1
44,58222,3,0
30,25378,0,0
40,118748,2,1
32,147539,3,1
47,85240,4,1
43,143370,2,1
24,105098,2,0
32,42304,0,0
61,28003,1,0
56,36751,3,0
61,140796,0,1
48,64129,3,1
56,30357,1,0
55,123182,2,1
31,40641,0,0
34,57498,2,0
35,33766,2,0
42,76364,1,1
27,99381,0,1
30,148061,0,1
44,88812,0,1
50,32323,4,0
43,98030,4,1
44,135288,3,1
47,123715,0,1
42,55653,3,0
27,36024,2,0
50,130405,3,1
41,72404,0,1
37,101180,4,1
34,64387,0,1
46,81555,3,1
30,114765,4,1
56,125952,1,1
63,54454,2,0
44,70061,0,1
37,109832,2,1
42,46925,3,0
30,41970,1,0
42,42654,3,0
25,36594,4,0
27,58518,1,0
44,112223,1,1
65,70026,2,1
62,67016,4,1
61,44831,0,0
61,92461,2,1
58,141167,0,1
52,121331,3,1
56,149567,2,1
24,121980,2,0
44,44335,1,0
64,65781,0,1
60,103746,2,1
61,74842,4,1
32,51347,2,0
39,130512,1,1
26,119393,4,1
47,49465,4,0
60,32550,4,0
52,55913,1,0
33,59175,1,0
20,131026,1,0
22,35313,4,0
60,94337,3,1
43,28668,4,0
64,60006,4,1
47,127021,3,1
62,98887,4,1
49,68361,3,1
43,101916,4,1
64,126199,4,1
30,72250,1,1
45,73590,2,1
48,137360,4,1
43,75680,2,1
50,75109,0,1
45,52344,4,0
26,35364,1,0
39,62427,4,1
19,95187,0,0
54,68521,2,1
37,91590,0,1
39,49296,3,0
56,43690,4,0
41,100460,3,1
43,64595,3,1
29,39790,1,0
18,84401,4,0
26,56404,4,0
63,102136,0,1
35,48801,3,0
25,147306,4,0
21,112516,4,0
59,96363,2,1
30,57481,1,0
44,132030,0,1
37,126810,4,1
37,52982,0,0
46,99261,3,1
32,111217,3,1
32,38664,0,0
19,95013,0,0
49,148226,2,1
40,145553,1,1
27,147148,0,1
23,73281,2,0
46,37108,2,0
35,66724,1,1
31,72546,4,1
65,142474,1,1
45,141546,2,1
47,59047,4,0
61,110260,3,1
21,39736,3,0
30,109255,1,1
59,147389,0,1
62,94341,3,1
39,139728,1,1
32,143611,3,1
47,84371,1,1
54,81357,3,1
61,67456,3,1
30,50556,3,0
18,39611,4,0
21,109633,0,0
58,116785,4,1
27,131649,3,1
52,33242,0,0
41,67661,2,1
60,30980,0,0
19,145687,1,0
48,137241,1,1
64,41780,0,0
37,49419,4,0
47,111844,1,1
25,80760,0,0
56,64468,1,1
54,115741,0,1
31,125016,3,1
51,130660,0,1
49,46558,0,0
30,40941,1,0
42,106583,4,1
40,117954,1,1
51,126654,3,1
29,143814,0,1
56,109525,1,1
54,120191,3,1
33,70084,1,1
64,73959,2,1
40,133428,1,1
33,44445,1,0
27,108877,3,1
32,116660,2,1
30,142128,2,1
56,104681,1,1
18,62660,4,0
48,115595,1,1
40,54556,1,0
32,80473,3,1
23,91489,4,0
20,86543,3,0
23,143934,0,0
53,85177,0,1
50,49567,3,0
56,90252,0,1
50,130765,1,1
30,74955,0,1
24,26855,3,0
25,45443,3,0
24,71428,2,0
32,142040,2,1
61,98429,1,1
63,36749,3,0
60,129039,3,1
63,124882,4,1
52,137660,4,1
43,87714,1,1
38,83014,4,1
26,44024,1,0
31,115551,1,1
27,149817,1,1
63,91631,0,1
58,38910,2,0
36,58260,1,0
40,98428,2,1
27,119025,1,1
29,121239,4,1
43,32492,3,0
29,132617,2,1
39,52664,4,0
59,31463,3,0
33,134198,3,1
33,33738,0,0
52,32264,4,0
43,114610,3,1
35,38702,1,0
18,88644,4,0
32,137298,2,1
37,126209,0,1
59,98621,4,1
27,26776,0,0
32,126550,3,1
29,77598,0,1
50,127831,4,1
60,77336,1,1
54,133550,3,1
60,72890,3,1
22,66134,4,0
48,30902,4,0
38,57955,2,0
22,129763,1,0
58,111466,0,1
41,36334,3,0
64,60083,0,1
22,99216,4,0
39,81133,4,1
19,99655,0,0
54,119489,3,1
55,52724,2,0
38,84095,2,1
49,71891,1,1
21,87542,0,0
26,27380,4,0
28,81963,1,1
60,26954,0,0
57,138623,3,1
24,42819,0,0
27,65302,0,1
30,99917,1,1
63,81360,2,1
43,85654,2,1
54,109838,3,1
43,29762,2,0
51,87202,1,1
22,46623,3,0
49,142073,3,1
32,35473,2,0
29,42282,3,0
59,76039,0,1
47,69448,2,1
51,95092,2,1
48,110032,2,1
44,71191,1,1
58,147679,1,1
58,114776,2,1
62,115828,4,1
30,40111,2,0
23,107570,3,0
39,65470,1,1
19,92173,2,0
58,68892,1,1
32,41343,1,0
20,45780,0,0
55,34077,4,0
19,126527,4,0
49,130847,3,1
35,62065,2,1
58,84781,4,1
48,25902,0,0
18,43386,3,0
53,85852,3,1
37,65525,2,1
60,124944,3,1
49,77548,4,1
54,83697,2,1
46,146026,4,1
23,80022,1,0
42,141723,4,1
45,115521,0,1
34,137446,4,1
20,28021,3,0
33,71268,4,1
62,53913,3,0
30,29932,2,0
65,75609,4,1
54,80918,2,1
29,85870,3,1
23,39406,2,0
59,71936,1,1
54,116218,3,1
32,67086,1,1
21,116058,4,0
55,86073,0,1
29,73235,4,1
25,46169,2,0
28,85643,3,1
61,52049,3,0
37,55771,0,0
38,105488,4,1
51,106364,2,1
54,125067,4,1
57,76573,4,1
36,79256,3,1
33,64129,4,1
34,139643,4,1
65,54020,4,0
63,58737,0,0
37,105214,0,1
43,99630,2,1
55,57058,2,0
33,134285,4,1
35,100801,3,1
36,54676,2,0
35,139959,3,1
34,27251,2,0
61,134677,2,1
28,44150,1,0
21,102767,4,0
50,80067,1,1
56,119758,3,1
64,147575,1,1
54,112688,2,1
59,125995,2,1
55,137477,4,1
24,57660,1,0
24,26045,2,0
46,41919,0,0
62,47719,0,0
48,124835,0,1
48,67837,4,1
51,70579,1,1
36,107614,3,1
41,69129,3,1
55,42289,1,0
20,57038,0,0
20,64553,4,0
54,81732,4,1
42,146752,0,1
27,119835,2,1
32,99261,0,1
19,43538,4,0
24,42873,0,0
31,121185,3,1
39,137521,3,1
40,94306,2,1
43,49944,4,0
55,69221,3,1
18,97794,3,0
23,145939,2,0
57,53626,0,0
34,117512,4,1
53,64104,1,1
34,116195,4,1
43,75841,1,1
23,34499,1,0
52,97185,4,1
21,141001,1,0
36,141686,1,1
30,133634,3,1
28,147262,1,1
20,137456,1,0
30,65635,3,1
36,49000,4,0
44,52251,0,0
19,64486,1,0
60,84082,2,1
44,91117,3,1
52,133946,0,1
20,97373,4,0
63,117778,1,1
54,137768,4,1
42,123731,2,1
21,45052,0,0
59,111856,3,1
46,141558,4,1
22,86055,4,0
30,29920,4,0
31,135293,4,1
21,45337,1,0
52,129063,4,1
21,46413,1,0
53,104888,4,1
45,76228,4,1
29,83779,4,1
64,139313,1,1
30,51350,1,0
51,45095,2,0
32,26221,1,0
19,42621,4,0
43,100185,0,1
31,51792,0,0
32,27879,1,0
30,58244,3,0
47,82799,0,1
64,115735,0,1
60,143083,3,1
47,72867,0,1
46,137184,3,1
27,126699,3,1
57,104948,4,1
38,57653,0,0
29,61437,4,1
31,32346,0,0
29,144306,1,1
65,101247,2,1
34,131963,3,1
28,55800,0,0
31,60501,1,1
20,41653,2,0
36,85090,0,1
55,131102,0,1
23,84535,1,0
28,111758,1,1
36,31831,4,0
21,82586,3,0
34,111580,2,1
47,120636,0,1
48,109173,3,1
38,133113,4,1
44,38876,2,0
56,147646,1,1
34,31559,3,0
41,108862,2,1
32,95362,3,1
27,128365,3,1
58,44442,4,0
50,139322,0,1
29,45388,4,0
56,30256,2,0
62,69989,3,1
43,124385,2,1
36,118403,4,1
50,119988,1,1
33,88631,1,1
58,49592,3,0
54,125849,0,1
29,38071,1,0
23,36265,0,0
25,94588,3,0
50,30500,1,0
62,70436,2,1
44,130819,2,1
21,112767,0,0
47,137074,0,1
49,63187,0,1
58,147228,1,1
56,44798,4,0
24,102038,2,0
57,58006,4,0
29,103404,4,1
65,141096,0,1
49,38372,1,0
29,43625,3,0
42,123099,4,1
33,53876,2,0
47,48827,1,0
19,72279,4,0
27,43919,0,0
42,48088,3,0
61,67008,4,1
55,140221,3,1
30,144114,1,1
65,121461,0,1
62,95723,1,1
30,62997,4,1
37,83041,0,1
37,90824,2,1
49,91659,2,1
55,145907,4,1
18,60515,3,0
19,130439,1,0
18,137745,4,0
57,114537,3,1
50,114699,4,1
22,105226,4,0
30,128287,3,1
49,58735,2,0
62,143459,1,1
43,80985,1,1
28,149207,2,1
65,66488,3,1
32,60128,1,1
46,145754,3,1
48,66799,1,1
28,144544,4,1
54,45134,0,0
44,35558,3,0
40,96137,0,1
27,131105,2,1
26,28640,4,0
54,120043,1,1
27,102663,4,1
25,34350,4,0
44,53621,0,0
27,102517,4,1
38,124280,2,1
43,55486,3,0
33,85722,1,1
59,78556,1,1
57,119728,4,1
60,125131,1,1
20,81552,3,0
22,68938,4,0
57,92419,0,1
59,112663,2,1
39,37726,1,0
31,119876,0,1
32,110813,2,1
20,30715,4,0
54,95049,1,1
63,137137,1,1
22,132337,0,0
29,136477,1,1
24,149486,1,0
22,73773,4,0
50,111867,0,1
63,73822,2,1
27,138997,3,1
52,79677,2,1
49,77620,4,1
18,38629,2,0
25,94578,4,0
34,97911,2,1
21,76047,4,0
37,123314,1,1
61,25125,0,0
42,48286,2,0
50,145005,3,1
46,108660,2,1
48,57053,4,0
51,67898,3,1
58,77655,4,1
43,123164,4,1
65,40565,2,0
45,119925,1,1
31,63822,1,1
25,105021,1,0
63,146918,3,1
27,48467,0,0
30,48989,0,0
37,115462,0,1
20,62266,1,0
57,58152,2,0
31,129312,0,1
36,121041,3,1
50,145197,2,1
62,138487,0,1
23,86742,2,0
46,45109,3,0
55,104876,2,1
57,61396,2,1
62,94054,0,1
59,46087,2,0
62,51104,0,0
65,97030,0,1
21,53749,3,0
45,78716,0,1
65,115202,1,1
63,25279,0,0
18,70591,1,0
65,46141,2,0
39,50348,2,0
43,49713,0,0
18,67174,0,0
38,131117,1,1
35,57017,2,0
33,97067,0,1
40,97502,1,1
44,135421,2,1
28,111505,2,1
57,33185,0,0
46,77180,2,1
62,81648,1,1
47,124127,3,1
33,137432,1,1
29,135603,2,1
31,140607,2,1
57,142041,3,1
61,128494,1,1
31,131765,3,1
44,142981,0,1
50,69069,0,1
58,96084,3,1
29,77120,3,1
24,57483,3,0
53,64938,0,1
18,34749,1,0
27,112008,2,1
28,51361,1,0
63,104793,1,1
24,113214,2,0
50,120825,1,1
40,142664,1,1
47,121622,2,1
64,137215,0,1
51,87504,4,1
63,147931,0,1
43,149868,3,1
49,75546,0,1
59,30694,3,0
58,119811,4,1
55,46895,0,0
58,142814,2,1
51,38166,4,0
33,125967,0,1
57,41703,3,0
56,83273,3,1
25,85377,2,0
62,39505,4,0
55,79919,2,1
52,109312,1,1
52,115803,4,1
40,111604,3,1
29,121262,0,1
63,132729,1,1
62,76221,3,1
41,116217,3,1
52,75393,1,1
57,139016,4,1
54,133715,0,1
26,67424,3,1
31,65376,2,1
50,102748,2,1
28,70013,4,1
32,103950,4,1
60,82036,0,1
46,121753,4,1
26,100934,2,1
19,83333,4,0
58,87282,1,1
57,79002,3,1
55,64913,0,1
46,100247,2,1
43,88495,0,1
53,25504,2,0
56,84937,4,1
61,114091,3,1
34,98288,4,1
61,105977,2,1
36,78166,4,1
22,149991,2,0
30,130215,2,1
50,136015,4,1
25,78864,3,0
33,62876,3,1
51,148695,4,1
31,77254,2,1
52,130962,2,1
24,74914,4,0
55,94953,0,1
34,63012,4,1
18,128852,2,0
28,111885,2,1
43,139797,0,1
38,47400,0,0
20,46499,3,0
26,85120,0,1
43,77456,4,1
53,103882,0,1
19,135083,2,0
29,60462,2,1
34,71998,2,1
24,125948,1,0
18,97912,2,0
54,97816,1,1
60,130447,0,1
39,88237,4,1
60,131797,2,1
53,56058,2,0
56,121586,3,1
34,134236,0,1
53,70564,3,1
33,26909,1,0
46,128324,4,1
18,31192,0,0
31,31019,4,0
64,76167,3,1
24,102617,2,0
40,109547,1,1
19,144427,4,0
42,63375,0,1
53,59217,2,0
30,133195,3,1
52,112158,4,1
45,83828,2,1
21,90883,3,0
64,144572,0,1
59,40507,2,0
48,46233,3,0
59,130335,0,1
19,39810,1,0
45,73806,0,1
21,55267,4,0
36,64716,4,1
26,103833,2,1
20,76563,3,0
35,112197,4,1
45,98220,3,1
41,46605,4,0
20,74522,1,0
26,40313,4,0
40,105121,2,1
45,139326,3,1
26,66343,3,1
29,49148,1,0
25,104821,0,0
39,55921,1,0
58,109871,4,1
46,128956,0,1
34,90392,4,1
48,143065,3,1
37,95934,4,1
61,127952,4,1
41,103287,1,1
56,82288,4,1
28,37633,1,0
52,54520,4,0
18,89107,0,0
26,62679,4,1
64,70573,1,1
24,46787,2,0
21,25435,1,0
43,41741,1,0
23,146964,0,0
63,127122,3,1
33,145997,1,1
58,85727,3,1
28,80784,4,1
52,109218,2,1
64,57293,2,0
40,97834,4,1
63,113487,4,1
53,67562,1,1
29,101605,4,1
28,114295,4,1
26,118428,4,1
24,78225,0,0
50,67951,3,1
41,105602,0,1
46,33724,0,0
39,145093,0,1
51,136631,0,1
41,65437,2,1
23,58859,3,0
47,65272,4,1
48,55188,4,0
58,53157,4,0
27,64002,3,1
51,120918,4,1
25,134217,3,0
25,71714,2,0
37,117055,2,1
47,51140,4,0
36,136071,2,1
31,29803,4,0
32,89006,2,1
52,28969,1,0
30,41359,2,0
31,80218,0,1
22,115227,1,0
33,133199,2,1
56,48883,3,0
20,92237,3,0
50,95116,1,1
53,33954,4,0
29,87903,2,1
48,50729,0,0
36,133424,2,1
45,49111,4,0
61,33204,4,0
29,41020,3,0
62,65072,3,1
38,134016,1,1
38,120543,1,1
48,131452,2,1
21,38307,2,0
54,138177,0,1
40,80686,3,1
30,63343,4,1
42,90085,0,1
65,87808,3,1
65,74663,1,1
55,131046,3,1
55,147177,0,1
37,54423,1,0
43,42898,2,0
56,100443,4,1
42,107458,3,1
34,143755,4,1
21,104900,2,0
54,101786,0,1
62,29840,0,0
21,94765,2,0
53,69601,3,1
32,100686,0,1
52,143740,1,1
61,117913,4,1
28,37478,0,0
52,102915,3,1
60,93428,4,1
36,47308,4,0
42,61298,2,1
51,63999,2,1
60,105618,3,1
55,73589,3,1
28,98536,4,1
49,68069,2,1
40,123858,2,1
26,148921,2,1
65,39570,2,0
21,48481,1,0
22,82816,2,0
47,120830,2,1
56,111551,0,1
26,64221,2,1
52,49580,2,0
46,142796,0,1
47,26885,4,0
55,94352,4,1
34,146299,4,1
24,128534,4,0
31,80765,3,1
28,93560,3,1
51,38737,0,0
29,120173,1,1
58,28890,1,0
51,90900,4,1
45,136269,2,1
25,126628,0,0
54,57212,2,0
49,134352,2,1
23,61058,4,0
54,26488,0,0
65,129192,2,1
60,145182,2,1
58,135876,1,1
24,83365,3,0
54,31159,4,0
38,44373,2,0
45,146190,3,1
55,52227,1,0
41,36721,4,0
65,91137,2,1
19,123899,3,0
65,26558,4,0
30,41585,3,0
19,122796,0,0
25,100454,1,0
55,35462,0,0
33,137413,2,1
26,136782,2,1
48,65288,1,1
59,138526,4,1
40,40894,1,0
64,80914,0,1
54,32742,2,0
38,133311,2,1
24,137143,2,0
63,41124,0,0
36,67957,0,1
26,64234,1,1
63,85429,1,1
43,34132,4,0
62,129212,2,1
49,51953,3,0
43,43331,3,0
23,53446,4,0
50,119453,2,1
43,99494,1,1
31,71298,1,1
57,32910,0,0
58,68760,2,1
38,139532,3,1
23,73066,4,0
46,112249,1,1
23,110283,4,0
42,132532,3,1
33,101648,3,1
54,49371,4,0
40,128527,0,1
24,74785,4,0
33,76496,2,1
20,111510,1,0
50,144408,1,1
48,88721,1,1
47,28692,1,0
52,102922,3,1
59,74572,3,1
18,69972,1,0
36,48211,2,0
23,74507,4,0
34,34003,3,0
22,29582,0,0
57,116300,3,1
38,108179,1,1
39,95177,4,1
44,133558,4,1
20,73929,0,0
20,49760,2,0
52,25160,1,0
49,53048,0,0
34,43705,3,0
44,52332,3,0
26,147372,2,1
24,59510,4,0
61,60466,3,1
25,94319,2,0
32,102591,4,1
31,146446,0,1
54,78970,2,1
20,79839,3,0
43,59095,2,0
58,115709,0,1
54,47767,1,0
50,95330,4,1
57,91734,3,1
35,139185,4,1
40,39665,1,0
39,95469,3,1
26,135868,3,1
25,84442,4,0
30,27788,3,0
53,98393,0,1
24,124294,3,0
35,126667,0,1
30,64985,1,1
55,91044,2,1
22,91487,3,0
31,96876,3,1
46,110445,4,1
50,54156,1,0
31,78045,4,1
48,83917,0,1
34,37359,1,0
63,26104,2,0
18,106617,0,0
40,50297,2,0
58,139471,3,1
19,49417,2,0
26,76891,1,1
40,59669,1,0
20,146088,4,0
22,110879,1,0
32,142235,0,1
57,29567,4,0
46,85532,1,1
18,60196,4,0
22,27579,0,0
63,115458,3,1
62,102537,4,1
24,99059,1,0
28,60484,4,1
33,135125,2,1
59,34867,0,0
57,88271,2,1
37,37948,1,0
27,123389,4,1
52,149796,3,1
19,101989,2,0
48,44794,3,0
34,138449,2,1
44,51828,1,0
29,73915,0,1
49,135360,4,1
27,49316,4,0
18,59736,1,0
29,79947,0,1
24,94936,2,0
21,29645,1,0
37,75144,2,1
45,38004,3,0
31,31587,3,0
18,44570,2,0
43,83805,1,1
21,147454,1,0
20,29167,2,0
39,127161,1,1
43,142081,3,1
64,42765,0,0
54,72237,1,1
44,96264,2,1
19,26307,4,0
47,87363,2,1
38,28935,0,0
24,89871,1,0
26,68717,2,1
18,28407,3,0
31,105653,3,1
23,49839,0,0
59,84175,1,1
28,37258,0,0
31,95849,3,1
54,30407,2,0
48,140946,0,1
59,76098,3,1
27,49331,0,0
19,130416,4,0
38,139050,4,1
65,78413,0,1
49,39543,2,0
28,96717,0,1
48,134344,0,1
47,58663,4,0
33,78354,0,1
27,133141,1,1
37,63421,1,1
29,72257,1,1
23,109927,3,0
18,43883,4,0
29,53137,2,0
35,124002,0,1
27,121019,0,1
55,60598,4,1
65,132910,3,1
48,140776,1,1
42,105874,0,1
31,113395,1,1
44,109089,4,1
38,37369,1,0
26,86646,3,1
23,110399,3,0
56,132261,4,1
64,98032,0,1
61,42555,4,0
40,133417,4,1
55,95785,4,1
25,75104,0,0
26,38863,0,0
54,112479,0,1
38,146915,2,1
55,145872,0,1
28,130568,3,1
52,140453,3,1
62,62425,2,1
52,140985,3,1
34,87779,2,1
45,128699,2,1
61,80220,1,1
31,85766,3,1
21,143994,0,0
50,93880,4,1
37,84793,4,1
19,92000,1,0
46,132592,2,1
23,98997,0,0
54,29263,3,0
36,106226,2,1
26,36239,3,0
37,30716,0,0
43,99878,2,1
30,76516,2,1
64,106962,1,1
30,127946,4,1
32,61516,2,1
35,91828,3,1
35,83857,0,1
50,45672,0,0
32,100246,2,1
44,66754,4,1
45,49574,1,0
63,137156,0,1
28,33640,1,0
30,122449,3,1
61,148050,1,1
18,72091,4,0
18,140166,1,0
31,25259,0,0
19,27382,2,0
51,74401,1,1
36,122488,3,1
47,56361,2,0
25,105240,0,0
18,92653,2,0
54,125678,2,1
23,40901,4,0
25,78240,0,0
19,100975,0,0
42,99411,1,1
33,43201,3,0
30,147397,3,1
65,134008,2,1
61,94721,2,1
64,85270,2,1
20,75882,0,0
52,129222,4,1
37,96214,0,1
53,80739,3,1
34,75922,1,1
20,31640,0,0
56,131946,2,1
50,61350,1,1
33,81958,0,1
24,119766,1,0
46,35811,0,0
51,140655,0,1
38,37119,2,0
53,109641,4,1
62,58965,4,0
50,43549,2,0
37,44671,0,0
30,108351,4,1
60,26577,0,0
41,51667,4,0
33,61403,3,1
44,28928,3,0
38,74160,2,1
56,103280,4,1
36,101284,4,1
43,81615,3,1
27,118862,0,1
24,32675,2,0
26,59995,0,0
26,117581,2,1
23,115271,2,0
27,145671,1,1
59,54162,2,0
46,103179,4,1
18,44567,3,0
27,29414,2,0
40,90640,0,1
49,59351,4,0
26,86285,1,1
40,108515,1,1
44,65838,1,1
32,70146,3,1
19,26103,4,0
23,45902,2,0
24,126133,2,0
26,97307,4,1
24,96952,0,0
61,79876,0,1
58,48159,4,0
40,98985,0,1
36,112236,3,1
25,140785,0,0
21,85902,2,0
29,53713,0,0
34,80898,3,1
19,32049,0,0
26,98604,1,1
51,43785,3,0
23,28882,0,0
64,140209,1,1
30,143499,1,1
54,121338,3,1
22,70986,0,0
26,28848,4,0
52,118759,4,1
18,90242,3,0
45,123491,4,1
32,131810,4,1
37,75047,0,1
37,110864,1,1
27,82646,3,1
32,136690,4,1
42,133162,0,1
24,106531,0,0
39,56011,0,0
41,90433,1,1
64,65517,3,1
27,59009,1,0
40,98181,3,1
23,89378,3,0
52,47161,1,0
38,124203,0,1
65,114048,1,1
47,112579,1,1
43,84383,0,1
50,76378,3,1
63,131068,3,1
40,147143,3,1
27,137187,1,1
35,35038,2,0
46,140851,3,1
52,82933,2,1
35,128560,2,1
36,87037,3,1
23,111820,1,0
55,32876,1,0
41,26971,0,0
44,147244,0,1
50,64755,2,1
54,88356,4,1
27,41456,1,0
38,138258,4,1
31,65317,0,1
37,120165,3,1
65,123815,3,1
53,44970,0,0
27,36387,4,0
58,81731,4,1
56,121764,4,1
28,71781,4,1
54,127977,1,1
19,77385,4,0
36,109255,0,1
25,38248,2,0
49,126464,1,1
52,97146,0,1
51,44235,3,0
33,25330,3,0
32,65202,1,1
39,113757,2,1
36,90594,2,1
29,119898,0,1
51,92740,4,1
55,130037,3,1
52,28040,3,0
43,59035,0,0
40,135984,0,1
24,30733,1,0
23,46102,4,0
37,50699,4,0
23,130139,1,0
33,138140,0,1
25,117829,3,0
21,65757,2,0
65,149657,2,1
45,25549,1,0
49,43648,0,0
63,120680,2,1
42,31929,0,0
30,46385,0,0
62,51429,0,0
56,83552,2,1
55,106644,2,1
21,35509,0,0
35,29251,0,0
31,64035,3,1
25,56549,0,0
62,90061,0,1
55,132824,3,1
59,97715,3,1
20,127324,0,0
58,124309,3,1
27,124688,4,1
61,118754,2,1
21,119602,2,0
34,37913,2,0
59,62341,3,1
51,68077,4,1
18,107403,0,0
22,52005,3,0
39,54288,4,0
51,46711,0,0
19,86937,1,0
53,94269,3,1
51,122606,0,1
48,43035,3,0
56,124674,0,1
63,54713,3,0
25,148927,3,0
24,80935,0,0
53,115473,2,1
25,127130,2,0
48,134417,1,1
26,142146,1,1
61,103082,2,1
58,75357,4,1
48,89279,0,1
52,50947,3,0
39,134772,1,1
20,83642,3,0
53,138153,0,1
18,48863,4,0
53,26956,2,0
41,127810,4,1
47,138656,2,1
20,26930,1,0
59,58671,4,0
30,129648,1,1
31,139863,3,1
29,46268,0,0
43,101687,0,1
42,103966,3,1
53,71191,3,1
34,77220,3,1
19,75978,3,0
61,114474,4,1
22,82269,2,0
62,40518,1,0
54,136372,4,1
62,123116,1,1
23,67186,0,0
65,40130,3,0
37,132931,1,1
42,34528,0,0
48,146601,0,1
31,50903,4,0
20,148340,2,0
34,142019,1,1
36,136219,1,1
62,123049,0,1
57,95542,1,1
54,42950,4,0
52,137103,4,1
50,33645,1,0
19,26339,4,0
24,121808,3,0
56,131085,0,1
18,66470,1,0
20,44314,0,0
41,144484,0,1
42,87425,4,1
63,97096,3,1
62,63115,3,1
63,129095,1,1
32,112522,2,1
39,55496,4,0
53,36890,0,0
18,67710,0,0
25,140404,4,0
49,80130,4,1
27,89301,2,1
55,128184,3,1
25,66950,3,0
33,97326,4,1
38,122577,0,1
26,96566,0,1
46,143961,3,1
39,130798,0,1
26,55698,2,0
41,125280,2,1
49,91412,0,1
39,72484,4,1
27,74332,0,1
60,131443,2,1
47,46073,1,0
64,75246,0,1
27,63749,4,1
45,124402,4,1
35,80423,3,1
47,43526,0,0
40,33474,3,0
24,28580,3,0
31,33014,2,0
47,41056,4,0
42,130579,4,1
59,88004,2,1
59,123649,1,1
48,112107,0,1
31,37806,3,0
38,65225,1,1
51,27090,1,0
46,63863,0,1
37,90962,4,1
63,85164,1,1
42,31528,1,0
54,47643,4,0
34,126001,3,1
61,94216,3,1
27,142113,3,1
29,97745,2,1
37,30989,3,0
44,81178,4,1
26,26348,3,0
59,141964,3,1
61,52115,1,0
48,148941,0,1
63,52069,4,0
31,120240,2,1
43,87375,3,1
62,43135,4,0
56,41433,1,0
51,81523,2,1
48,104610,0,1
44,142430,0,1
34,92765,2,1
43,102505,1,1
29,32541,4,0
41,126898,1,1
34,25789,4,0
19,115086,2,0
56,126187,1,1
48,51216,2,0
44,122282,0,1
38,103142,3,1
45,149720,4,1
18,66192,1,0
61,111014,4,1
44,84012,0,1
65,87087,2,1
56,140583,3,1
49,118150,4,1
40,58382,1,0
45,136481,0,1
55,117335,0,1
33,133943,2,1
34,44288,1,0
48,52532,3,0
65,134745,1,1
47,120504,1,1
29,32816,1,0
29,148691,1,1
48,38538,0,0
22,134565,3,0
41,110360,3,1
45,104527,0,1
49,38973,3,0
28,32498,4,0
28,105843,2,1
41,39944,4,0
35,134726,2,1
43,100644,2,1
32,29244,4,0
29,148207,0,1
45,100836,0,1
31,101613,1,1
29,28878,1,0
65,79160,2,1
53,26823,0,0
35,49167,3,0
35,89940,0,1
21,80352,2,0
19,138816,0,0
46,85889,0,1
31,130673,0,1
43,146090,1,1
46,141273,0,1
39,114817,0,1
20,63168,2,0
30,52351,1,0
44,134462,3,1
29,58266,4,0
42,100703,1,1
25,138118,3,0
28,98819,4,1
46,81784,1,1
53,25698,2,0
32,98770,0,1
65,77127,4,1
34,32977,1,0
40,105711,2,1
53,67604,0,1
62,104118,1,1
65,104260,1,1
26,85557,1,1
49,48616,2,0
23,45980,2,0
25,132773,3,0
32,70621,0,1
37,126240,2,1
45,32798,1,0
45,119178,3,1
46,76790,4,1
28,84456,1,1
53,109478,4,1
40,51923,2,0
49,59704,2,0
65,107129,2,1
41,28066,3,0
64,25074,2,0
52,81996,4,1
18,79879,3,0
41,123767,3,1
19,47235,0,0
52,26340,0,0
54,135415,1,1
56,31089,1,0
29,126141,0,1
41,126794,4,1
33,106224,0,1
35,58953,2,0
54,144782,0,1
55,54513,1,0
28,70678,1,1
33,52038,1,0
18,46990,1,0
40,33812,0,0
27,131114,4,1
59,130560,4,1
40,136870,0,1
25,106027,1,0
39,62182,4,1
63,114515,0,1
32,137108,3,1
55,91098,2,1
53,62334,1,1
57,50380,1,0
30,139707,1,1
36,136385,1,1
43,145473,1,1
55,80935,1,1
18,131410,2,0
19,70458,2,0
65,122048,2,1
59,55210,0,0
26,134006,4,1
35,36857,1,0
55,32540,3,0
39,123481,2,1
43,66032,2,1
56,105581,1,1
21,40453,1,0
33,90065,3,1
30,34863,3,0
47,65499,2,1
41,61419,1,1
22,143805,0,0
42,48888,2,0
35,109006,0,1
54,51627,3,0
39,106544,0,1
55,42359,1,0
43,83502,0,1
62,55025,0,0
48,73808,1,1
64,77531,1,1
45,137062,4,1
48,66746,1,1
60,136810,2,1
58,145299,3,1
34,75213,0,1
27,116910,0,1
57,80800,0,1
46,130991,1,1
19,25591,2,0
55,45753,2,0
35,66340,1,1
35,33006,1,0
28,117425,0,1
22,71377,1,0
39,71481,0,1
38,37332,4,0
31,119345,1,1
24,101269,0,0
37,56164,0,0
51,136588,3,1
49,145235,2,1
47,108586,1,1
34,86097,2,1
26,74068,4,1
26,45096,0,0
50,96467,1,1
63,132300,4,1
58,129581,4,1
62,147129,2,1
25,102424,1,0
65,146591,0,1
37,126143,2,1
48,89571,0,1
45,89580,3,1
54,50988,1,0
33,124294,1,1
55,102275,2,1
45,71437,0,1
40,139374,2,1
21,46748,4,0
47,118901,2,1
60,62989,3,1
35,32514,2,0
39,108432,2,1
40,121369,2,1
51,50179,2,0
28,126559,4,1
62,82310,3,1
26,78022,1,1
19,121948,2,0
35,77153,3,1
26,111305,2,1
28,72502,4,1
31,138018,4,1
65,73920,0,1
55,76352,1,1
53,45843,1,0
29,138977,4,1
18,123956,0,0
52,49032,4,0
64,129308,3,1
28,124212,4,1
46,47557,2,0
44,49733,2,0
34,140449,1,1
59,26666,0,0
28,128929,1,1
33,145856,4,1
23,62679,2,0
54,47938,2,0
18,128292,0,0
56,117034,3,1
43,47313,3,0
20,42613,3,0
43,25032,4,0
39,133531,0,1
55,72357,3,1
30,49262,0,0
48,134570,4,1
59,30156,0,0
63,55356,2,0
22,31540,0,0
54,53784,1,0
41,125009,1,1
52,106158,1,1
26,46013,4,0
47,37274,0,0
55,54123,3,0
18,116072,0,0
44,27787,2,0
27,85477,3,1
60,29885,4,0
43,61829,3,1
25,146040,3,0
21,87128,3,0
26,76238,4,1
31,117892,2,1
63,148128,4,1
18,26930,2,0
38,54919,3,0
29,51199,4,0
45,36813,3,0
45,111381,1,1
32,113250,0,1
31,138684,1,1
44,40029,0,0
59,147795,2,1
34,62108,0,1
45,64278,1,1
30,118771,0,1
42,70739,4,1
36,40244,1,0
47,48419,3,0
48,111309,3,1
51,72449,3,1
44,142217,0,1
45,137545,1,1
34,104220,4,1
29,106746,0,1
35,140343,3,1
22,87047,4,0
39,38118,2,0
53,82852,0,1
23,134562,3,0
57,105674,2,1
30,47601,4,0
62,48953,0,0
28,62621,2,1
32,83365,4,1
35,126121,4,1
22,125739,3,0
28,53707,4,0
40,81151,4,1
30,90664,3,1
54,58492,3,0
54,124726,0,1
28,72046,4,1
52,73460,1,1
42,135371,1,1
44,98323,2,1
20,61814,3,0
29,50933,2,0
45,121199,4,1
22,110568,0,0
18,103069,4,0
32,90648,4,1
58,141082,4,1
48,122244,4,1
29,36976,3,0
64,61507,1,1
38,127266,2,1
56,27097,0,0
55,127368,1,1
48,94944,0,1
34,113075,3,1
21,64940,3,0
59,108242,3,1
65,37302,4,0
32,84717,2,1
51,59330,4,0
31,84904,0,1
43,120386,3,1
23,96071,3,0
59,137215,4,1
44,58607,3,0
47,42219,3,0
32,77970,2,1
22,73200,4,0
62,36420,2,0
41,132017,2,1
65,104813,2,1
20,147995,0,0
27,84350,3,1
62,46880,2,0
25,26453,2,0
37,68846,0,1
62,84562,2,1
42,27678,4,0
33,72623,3,1
45,29360,4,0
20,54870,1,0
46,59997,3,0
55,91741,1,1
31,28545,3,0
48,109490,3,1
60,52654,0,0
43,86735,0,1
53,147292,1,1
29,121324,1,1
44,78780,3,1
54,109197,4,1
23,105518,0,0
50,84260,2,1
59,91462,3,1
39,53577,2,0
39,113637,2,1
20,75752,3,0
31,100057,3,1
31,64935,1,1
62,92506,2,1
50,124082,3,1
43,28154,4,0
58,67290,0,1
60,108466,4,1
54,43094,1,0
25,116025,3,0
21,59388,2,0
45,125269,0,1
52,138287,3,1
61,119802,3,1
19,78363,3,0
31,49486,0,0
22,77719,1,0
54,147019,0,1
48,50120,2,0
55,48240,2,0
57,35497,2,0
52,146961,1,1
49,40728,2,0
27,79877,4,1
31,126268,1,1
47,36853,3,0
65,144854,0,1
52,80428,4,1
57,59395,1,0
43,101980,4,1
28,28959,1,0
63,116154,2,1
52,115041,1,1
23,113417,1,0
38,64647,2,1
62,27526,0,0
36,72027,2,1
57,79859,3,1
19,74857,2,0
29,33324,2,0
39,132416,2,1
46,49884,0,0
41,58877,2,0
51,46286,4,0
32,98585,2,1
65,126682,4,1
60,128068,1,1
21,116406,1,0
62,113905,0,1
47,119985,2,1
25,79301,3,0
50,137726,0,1
42,108101,3,1
59,60530,1,1
61,39928,4,0
59,94167,2,1
21,38494,3,0
59,136531,4,1
55,145718,1,1
59,91978,0,1
39,25193,1,0
46,126542,0,1
25,87384,0,0
56,45457,3,0
58,64104,0,1
46,140321,0,1
31,29074,2,0
58,95703,0,1
51,108967,0,1
47,45884,3,0
27,94296,1,1
56,148976,3,1
53,47787,4,0
37,135421,2,1
38,123600,0,1
60,136497,0,1
47,44307,2,0
50,111477,2,1
39,149703,2,1
29,109093,3,1
58,61124,0,1
22,79912,2,0
18,80441,2,0
61,39723,2,0
42,137535,0,1
28,129832,3,1
43,76368,1,1
18,98068,0,0
51,42494,0,0
33,106906,0,1
47,32447,1,0
44,50509,4,0
35,60300,1,1
38,130259,2,1
42,107603,1,1
59,58171,4,0
51,114190,3,1
18,35646,1,0
18,121440,4,0
60,146955,1,1
37,46273,4,0
31,78454,2,1
19,101751,0,0
27,54206,3,0
41,57590,0,0
29,97262,4,1
54,84159,3,1
63,32706,1,0
57,74377,3,1
18,42283,4,0
33,74208,4,1
26,135685,4,1
20,71128,4,0
32,116540,3,1
34,90697,0,1
62,94833,3,1
41,127089,4,1
61,27132,1,0
43,133405,4,1
50,96668,1,1
25,71173,2,0
46,90327,1,1
51,73423,4,1
63,77437,3,1
27,50897,1,0
32,81084,0,1
42,77852,3,1
56,126641,2,1
51,78444,4,1
55,34658,1,0
41,101215,4,1
54,132032,3,1
60,143630,1,1
26,123106,0,1
34,49378,2,0
51,75718,1,1
28,78835,2,1
57,41883,0,0
42,79650,3,1
22,84468,2,0
55,78501,1,1
30,141987,4,1
42,104989,2,1
56,111154,1,1
55,144906,2,1
64,96848,1,1
31,67023,2,1
65,87581,3,1
53,92471,3,1
63,89937,3,1
57,49548,4,0
45,26619,4,0
25,57382,4,0
51,47631,0,0
51,149194,4,1
56,131574,1,1
24,67909,1,0
56,94190,1,1
56,36093,1,0
26,77750,0,1
19,25579,0,0
36,63992,0,1
59,111274,3,1
43,44240,2,0
64,122909,0,1
37,122149,1,1
20,139126,4,0
64,147655,2,1
22,53537,4,0
25,27186,1,0
51,131368,2,1
49,67126,1,1
58,135574,2,1
48,42353,0,0
55,105333,2,1
45,109466,4,1
60,75298,4,1
28,122292,1,1
36,144090,0,1
39,106406,1,1
21,92972,1,0
32,69149,1,1
19,99740,3,0
45,81112,2,1
24,106577,4,0
53,143717,2,1
43,41397,2,0
52,145745,0,1
59,137368,4,1
43,94985,1,1
18,36164,3,0
60,72775,1,1
58,147584,0,1
46,105699,3,1
44,38173,2,0
45,99956,4,1
48,45045,4,0
18,65582,1,0
37,89323,4,1
25,118168,1,0
38,54561,0,0
60,50450,3,0
60,106090,4,1
43,37705,0,0
21,90038,3,0
49,50749,1,0
22,90054,4,0
21,54590,3,0
23,124296,2,0
60,48506,0,0
27,116096,4,1
57,122545,2,1
56,119664,0,1
55,50988,2,0
48,50346,1,0
47,30284,1,0
37,120913,1,1
36,136645,4,1
35,135969,3,1
36,97083,2,1
18,127200,4,0
49,81525,0,1
46,123276,2,1
44,138508,1,1
32,66315,0,1
18,115679,3,0
44,67120,0,1
56,34344,3,0
58,29471,2,0
40,36773,3,0
62,56312,1,0
52,102737,4,1
23,60125,4,0
42,50242,4,0
20,104300,0,0
53,129174,4,1
50,25190,4,0
40,96382,0,1
64,121548,0,1
38,142335,3,1
34,60553,2,1
43,112697,4,1
33,103941,0,1
43,31146,3,0
48,25352,0,0
36,26482,2,0
33,141950,0,1
63,65826,4,1
37,40365,2,0
35,27408,1,0
56,145995,2,1
27,48358,0,0
52,28163,1,0
55,75150,3,1
28,125555,0,1
33,92337,4,1
52,97703,3,1
61,149324,4,1
58,115881,0,1
60,83302,2,1
52,26631,1,0
43,67165,1,1
56,116463,4,1
23,143134,3,0
36,115708,3,1
63,103684,1,1
31,119683,1,1
39,119481,3,1
26,51225,0,0
30,104285,3,1
37,59556,0,0
50,143998,2,1
21,124888,3,0
49,30579,2,0
64,104314,2,1
48,30578,2,0
28,30377,0,0
56,116657,2,1
23,95890,4,0
32,35336,0,0
30,114227,1,1
42,74620,0,1
24,68946,2,0
35,97554,4,1
53,31166,4,0
28,129902,3,1
33,49441,0,0
25,102856,3,0
20,63701,3,0
61,113111,1,1
27,27371,4,0
32,103724,3,1
61,25918,3,0
48,149777,4,1
41,118214,4,1
36,87947,0,1
52,113984,1,1
58,142361,1,1
23,83168,0,0
36,76170,0,1
57,100011,4,1
64,56965,2,0
35,80210,3,1
42,78500,1,1
44,48567,1,0
38,117159,2,1
42,145959,0,1
41,55420,0,0
26,123178,3,1
22,121975,2,0
37,27155,1,0
41,88722,2,1
46,25778,1,0
42,92755,3,1
21,68338,0,0
43,55999,0,0
43,76879,1,1
45,133689,0,1
41,30769,1,0
64,94586,0,1
59,108006,3,1
35,134762,0,1
57,96436,2,1
25,26435,1,0
55,30741,2,0
25,46614,0,0
65,56097,0,0
27,72819,1,1
19,104732,4,0
39,45719,1,0
47,124218,4,1
54,86274,2,1
41,55312,0,0
54,110100,1,1
43,30460,0,0
57,118927,2,1
45,30635,1,0
47,70720,3,1
36,111715,4,1
34,131341,4,1
58,102402,1,1
20,66814,4,0
65,97985,2,1
36,115896,4,1
39,54508,2,0
23,41299,2,0
19,107656,2,0
25,119157,2,0
56,76024,4,1
58,70926,2,1
31,62144,4,1
39,77184,3,1
28,138633,1,1
56,129097,4,1
27,41167,3,0
57,89886,0,1
38,116673,3,1
42,26582,1,0
44,38441,3,0
26,65579,2,1
45,28995,3,0
18,63840,3,0
58,45219,3,0
43,27101,1,0
30,71310,0,1
41,91056,4,1
19,34306,4,0
30,114246,0,1
22,82831,1,0
61,120136,0,1
45,90149,0,1
38,80475,0,1
40,94017,3,1
54,33105,4,0
26,48493,4,0
37,34837,1,0
33,102428,4,1
37,82978,2,1
34,32420,3,0
34,120934,4,1
31,37723,4,0
62,148072,3,1
55,32132,4,0
64,85323,0,1
54,147365,0,1
59,147212,2,1
58,100442,2,1
43,81980,4,1
63,78033,2,1
31,81319,4,1
42,141021,0,1
53,55808,1,0
38,118517,2,1
49,59582,2,0
47,76902,2,1
18,74054,3,0
21,126187,1,0
33,122791,3,1
48,130026,0,1
52,59781,1,0
18,130606,0,0
54,49328,1,0
19,104098,4,0
45,89077,1,1
31,49858,1,0
62,117598,2,1
62,87791,1,1
61,42466,1,0
54,137802,3,1
36,58957,0,0
29,138846,2,1
26,67226,1,1
28,131886,3,1
47,74291,2,1
55,110556,1,1
34,46671,3,0
48,145382,1,1
57,147296,1,1
32,119493,2,1
39,110420,1,1
20,42912,1,0
61,48902,0,0
54,37310,4,0
62,25017,0,0
45,105851,1,1
32,124764,1,1
51,61556,4,1
26,52842,4,0
49,111486,0,1
56,102462,2,1
27,141583,2,1
18,129817,3,0
39,132463,4,1
23,68025,4,0
62,69839,1,1
42,32546,3,0
38,82202,2,1
62,104868,2,1
22,51442,2,0
32,41294,0,0
18,118928,3,0
36,57224,1,0
61,45280,1,0
45,106974,1,1
26,89587,3,1
47,86192,1,1
31,148107,0,1
44,141221,2,1
62,29426,3,0
43,146710,4,1
64,87671,0,1
46,25452,1,0
53,72383,0,1
33,74604,0,1
39,105525,4,1
28,106776,2,1
37,42730,4,0
23,120410,0,0
58,86986,4,1
64,32031,1,0
49,60422,0,1
61,109935,3,1
48,127432,4,1
50,46889,3,0
47,80082,1,1
41,99602,0,1
45,133843,1,1
18,135463,0,0
33,117613,3,1
30,130493,2,1
60,71770,3,1
34,148976,3,1
64,34302,4,0
54,83696,4,1
38,102989,3,1
59,101834,1,1
24,93513,1,0
55,116617,2,1
61,88491,2,1
52,117807,4,1
56,128493,0,1
34,103478,2,1
45,29506,2,0
65,106293,4,1
38,26862,4,0
56,117038,1,1
27,132943,3,1
45,63875,1,1
26,42273,1,0
55,58719,3,0
24,42139,0,0
28,119188,2,1
55,117260,2,1
59,34781,0,0
39,105729,4,1
53,147262,4,1
32,57961,0,0
18,116724,0,0
29,114791,3,1
45,122165,1,1
26,144225,1,1
55,94606,4,1
49,64344,1,1
58,46183,4,0
43,118733,3,1
65,91062,3,1
22,136050,2,0
50,93990,1,1
26,51873,3,0
51,109274,2,1
59,88318,0,1
39,111148,2,1
36,33833,3,0
51,31484,3,0
62,35097,1,0
62,119809,4,1
54,109205,4,1
43,65101,3,1
65,100360,2,1
52,139011,4,1
43,28211,4,0
50,81148,3,1
57,60302,2,1
42,50270,2,0
33,25485,2,0
46,45206,1,0
43,130379,0,1
21,135023,2,0
21,100226,1,0
44,35967,3,0
43,42355,0,0
24,79879,4,0
40,143078,4,1
64,83932,2,1
44,149660,4,1
39,90439,2,1
43,67267,4,1
40,141453,3,1
40,38090,1,0
34,86637,3,1
35,25749,0,0
21,75648,2,0
46,69247,2,1
44,130952,2,1
26,63164,0,1
40,34344,3,0
42,71255,4,1
38,38960,1,0
29,141886,4,1
37,59080,0,0
50,102165,2,1
48,147284,4,1
18,43837,1,0
30,94374,3,1
52,80810,0,1
50,126650,1,1
38,132555,3,1
20,120707,0,0
46,27605,1,0
44,50426,0,0
57,64098,4,1
27,145102,1,1
50,109277,3,1
21,47722,0,0
62,68618,0,1
52,105145,2,1
32,28984,2,0
35,122872,0,1
31,60273,2,1
18,101530,3,0
58,33678,2,0
48,103168,3,1
54,140034,3,1
26,135192,4,1
39,45035,2,0
35,39354,1,0
41,76018,2,1
35,94026,0,1
37,66651,0,1
47,51823,4,0
42,123538,3,1
37,91773,0,1
54,67187,3,1
58,108775,1,1
54,57927,0,0
39,101608,2,1
20,43396,3,0
18,47096,2,0
34,60424,1,1
59,139283,0,1
32,36799,4,0
51,103704,1,1
39,93234,4,1
57,135301,0,1
47,50062,4,0
27,30356,1,0
24,98861,3,0
60,85271,3,1
36,94807,3,1
47,72523,2,1
41,149337,0,1
60,65470,0,1
50,142880,3,1
65,60036,2,1
64,45836,1,0
18,90648,2,0
64,41926,2,0
38,128115,2,1
43,116269,2,1
35,38896,2,0
44,45863,1,0
59,125460,1,1
28,141850,3,1
19,121577,4,0
64,96910,3,1
63,106619,4,1
28,85194,3,1
48,63343,2,1
31,37931,3,0
30,116723,0,1
42,77803,1,1
55,53001,0,0
41,37094,2,0
23,86438,2,0
50,44605,4,0
27,141176,3,1
41,132702,4,1
54,65948,3,1
57,96926,2,1
19,147364,3,0
27,55876,1,0
47,120018,1,1
32,110690,3,1
25,84023,2,0
50,148973,2,1
19,44857,1,0
32,86803,2,1
21,29707,3,0
38,132993,4,1
63,96061,3,1
21,112962,2,0
35,131157,3,1
46,101142,4,1
63,59011,0,0
58,128686,3,1
44,90064,4,1
38,51545,2,0
51,35144,2,0
52,106830,0,1
46,123165,1,1
47,92395,0,1
40,101439,0,1
38,89764,2,1
21,98115,2,0
37,73443,2,1
56,124890,3,1
28,78082,2,1
31,91260,4,1
53,92073,3,1
44,51917,2,0
19,137885,1,0
19,114816,3,0
43,35390,1,0
33,102814,3,1
61,39257,1,0
25,147638,2,0
19,107842,4,0
65,36562,2,0
52,38076,1,0
54,109808,2,1
51,109354,3,1
59,127778,0,1
50,125534,1,1
19,110046,3,0
18,144984,3,0
42,118751,2,1
20,139435,0,0
21,84596,2,0
26,53763,3,0
27,102264,2,1
27,75806,2,1
56,142108,1,1
32,61031,2,1
60,146857,3,1
60,64818,2,1
47,145759,0,1
33,118565,4,1
20,80145,3,0
38,85324,2,1
57,79233,2,1
64,138381,1,1
30,69344,4,1
62,83470,0,1
49,82967,1,1
65,38311,1,0
60,142807,1,1
24,67323,4,0
39,107853,0,1
61,135645,4,1
46,113620,0,1
40,41643,0,0
51,87710,2,1
56,113539,1,1
51,60893,4,1
34,30860,4,0
41,91728,2,1
31,38719,0,0
37,33374,4,0
48,149646,0,1
59,145552,0,1
27,147710,1,1
59,128976,4,1
21,51011,3,0
52,83191,0,1
38,107285,3,1
52,103871,0,1
65,29911,2,0
58,82397,3,1
57,83511,2,1
21,139518,1,0
32,108730,4,1
58,59997,4,0
45,92158,4,1
34,79003,3,1
54,131195,4,1
19,144928,1,0
45,120109,3,1
37,131745,0,1
22,81623,1,0
26,105367,4,1
48,53656,3,0
50,111757,1,1
25,71539,2,0
49,72979,3,1
63,145192,1,1
56,144277,1,1
60,82564,1,1
24,91721,3,0
53,126452,1,1
63,29947,1,0
54,133772,0,1
39,98296,4,1
63,111755,4,1
59,46453,1,0
32,47944,4,0
23,74271,4,0
22,97088,4,0
58,121844,4,1
52,57432,2,0
45,129477,3,1
19,149090,3,0
31,64307,4,1
42,135960,3,1
63,58371,3,0
29,120309,0,1
40,122387,2,1
40,96404,4,1
59,35791,3,0
35,122088,2,1
25,80665,0,0
46,25385,4,0
18,149296,1,0
28,35082,2,0
60,37326,3,0
54,97327,0,1
59,134330,4,1
24,54874,4,0
35,112509,3,1
42,116625,0,1
63,102437,4,1
53,51659,3,0
46,62722,0,1
65,41837,2,0
64,137647,1,1
52,78093,4,1
60,108482,1,1
30,126010,0,1
27,80673,4,1
65,28875,2,0
64,109647,2,1
42,117678,1,1
25,98115,1,0
44,74428,3,1
47,41136,2,0
65,74486,3,1
44,82082,0,1
18,43291,4,0
65,76662,1,1
35,47792,0,0
26,128996,1,1
26,114135,1,1
35,105441,2,1
52,30192,0,0
31,120053,3,1
45,97578,1,1
44,88992,4,1
57,122041,0,1
24,87174,3,0
57,34459,4,0
27,108317,4,1
35,131725,3,1
25,60959,4,0
19,105842,1,0
31,57153,4,0
22,85020,4,0
43,144008,4,1
45,140563,4,1
26,138843,3,1
21,39423,2,0
42,57287,3,0
26,74756,1,1
22,99397,2,0
40,121346,3,1
57,108061,4,1
40,101368,1,1
58,48947,3,0
61,82497,3,1
34,131416,0,1
37,104672,0,1
19,53355,2,0
38,25325,1,0
65,130064,4,1
39,33329,1,0
35,127168,4,1
61,58530,2,0
43,88060,1,1
29,94919,2,1
32,100060,0,1
37,86449,1,1
32,33664,4,0
41,61174,3,1
64,121853,0,1
41,114998,3,1
36,101055,1,1
27,71871,0,1
25,59172,2,0
47,93941,2,1
47,102286,4,1
31,33326,1,0
62,26058,4,0
18,101436,4,0
36,56963,3,0
49,110279,3,1
45,37420,2,0
30,31785,2,0
41,90804,0,1
21,38094,2,0
48,56877,0,0
37,52017,2,0
23,67542,0,0
22,57790,1,0
45,88095,2,1
44,47391,0,0
18,88685,2,0
22,96931,3,0
24,30942,2,0
60,78135,2,1
38,80475,4,1
26,68341,3,1
21,78286,2,0
59,134819,0,1
27,138210,3,1
55,111054,1,1
33,146175,0,1
41,148478,4,1
29,117632,1,1
18,77985,0,0
21,49207,1,0
21,49250,2,0
45,139593,4,1
59,115620,4,1
62,27472,4,0
26,47046,4,0
65,37527,0,0
36,128318,1,1
19,77915,3,0
48,29806,0,0
38,34881,4,0
38,121801,2,1
54,43568,0,0
24,137710,3,0
45,142025,1,1
31,136254,2,1
27,41872,1,0
26,61421,0,1
20,66879,1,0
55,42103,1,0
60,48081,0,0
41,74516,1,1
59,28608,0,0
60,121883,2,1
20,136455,0,0
25,124374,1,0
34,95016,4,1
31,54311,2,0
24,50223,1,0
59,47847,4,0
29,92767,3,1
25,129412,1,0
28,56884,2,0
34,68979,3,1
61,62133,4,1
26,53387,4,0
29,90614,3,1
37,126255,4,1
57,83027,3,1
18,47709,4,0
55,92108,3,1
45,50339,4,0
29,122704,0,1
64,131199,2,1
40,57442,3,0
47,108447,3,1
58,143608,1,1
35,111752,2,1
53,108489,4,1
29,106504,3,1
32,71689,3,1
23,68857,1,0
42,77990,4,1
39,98756,0,1
35,88953,3,1
28,73461,1,1
58,91964,0,1
57,145077,3,1
44,64340,0,1
35,86961,4,1
32,57664,3,0
55,116484,4,1
28,62819,3,1
35,146084,3,1
45,119329,4,1
60,55582,4,0
31,98556,2,1
62,115361,3,1
26,124862,2,1
53,141421,4,1
65,57747,1,0
36,51548,3,0
49,146081,2,1
27,64034,0,1
39,87235,0,1
28,109011,3,1
59,116467,3,1
30,122641,2,1
32,67464,4,1
31,148232,4,1
44,96896,4,1
50,123183,3,1
33,112655,2,1
19,79127,0,0
43,120778,2,1
27,63801,2,1
48,102363,1,1
57,104746,2,1
60,35114,3,0
24,71463,1,0
61,149038,2,1
23,38304,3,0
50,110954,1,1
62,85542,0,1
19,57092,0,0
49,130696,1,1
48,42144,3,0
21,86804,1,0
18,148598,0,0
35,95294,2,1
45,131760,3,1
53,143467,0,1
53,142471,1,1
42,120933,4,1
54,52263,0,0
26,41054,4,0
43,127728,1,1
55,125691,4,1
46,77017,1,1
38,109206,4,1
27,123129,2,1
58,46554,3,0
62,63867,4,1
43,51884,1,0
56,39271,3,0
26,123048,2,1
55,107655,4,1
18,53210,3,0
54,59375,2,0
60,35475,0,0
29,109152,3,1
62,144412,3,1
63,63290,2,1
47,36590,2,0
44,84178,0,1
44,114381,2,1
32,53632,4,0
32,103653,0,1
20,38746,3,0
24,47257,4,0
54,28609,0,0
43,126721,1,1
54,103857,4,1
64,101690,0,1
23,50518,1,0
32,60674,4,1
31,87421,3,1
48,111086,1,1
61,60865,2,1
24,61889,0,0
54,96499,4,1
23,120468,0,0
22,138374,3,0
49,103708,1,1
20,34687,4,0
52,36946,0,0
43,26366,4,0
55,110780,2,1
60,111205,0,1
19,31233,4,0
59,142828,1,1
20,44729,2,0
53,133893,3,1
44,146350,0,1
43,145059,2,1
20,123040,0,0
57,103934,0,1
33,63270,1,1
25,135838,1,0
34,90790,4,1
37,97550,4,1
27,32853,1,0
38,50884,0,0
45,33045,3,0
54,112988,0,1
49,134750,2,1
24,51923,2,0
42,32701,0,0
38,128180,3,1
24,137094,0,0
49,40205,1,0
26,127588,0,1
55,114370,4,1
19,42741,4,0
47,112688,0,1
28,147270,2,1
53,130251,0,1
36,37060,0,0
26,135150,2,1
47,136553,4,1
38,42919,3,0
62,34841,2,0
31,82165,3,1
50,73300,3,1
42,63609,3,1
30,104324,0,1
33,97628,0,1
20,145320,3,0
37,105565,0,1
60,74669,0,1
54,62521,1,1
33,109071,1,1
25,70659,4,0
21,34979,1,0
23,145596,4,0
31,68449,0,1
44,103225,3,1
60,49319,3,0
22,78283,2,0
34,131712,4,1
39,46917,4,0
29,124308,3,1
65,65879,0,1
18,43209,4,0
36,88774,0,1
63,86150,2,1
52,103277,2,1
35,93235,2,1
40,80826,3,1
56,62005,2,1
54,149470,2,1
32,32648,0,0
41,38889,2,0
58,116849,4,1
45,84168,4,1
60,145194,3,1
31,72922,4,1
50,63829,1,1
29,83753,0,1
47,45455,3,0
43,42467,4,0
43,73097,0,1
34,75171,0,1
48,27956,0,0
23,63543,4,0
25,134947,1,0
18,132270,3,0
50,109971,3,1
29,59167,0,0
62,92102,3,1
24,139943,0,0
18,108646,3,0
44,95974,2,1
21,113121,4,0
24,88682,1,0
52,43444,0,0
48,78430,1,1
30,90732,0,1
25,71029,1,0
26,55063,1,0
53,44409,1,0
29,97884,1,1
36,26726,2,0
35,86740,4,1
27,93945,1,1
40,104429,2,1
56,63949,0,1
18,60772,0,0
20,120196,2,0
35,84293,2,1
25,54907,4,0
24,117344,0,0
33,70485,0,1
38,50459,4,0
46,146588,1,1
28,125419,2,1
55,42203,0,0
45,62914,0,1
58,116777,4,1
49,97944,0,1
56,124506,3,1
51,56491,0,0
26,146455,2,1
19,136606,0,0
19,142303,4,0
24,106534,4,0
63,148630,4,1
33,64489,0,1
57,68636,1,1
50,124739,0,1
59,59424,4,0
48,97832,3,1
47,62727,1,1
53,29772,1,0
23,109090,2,0
61,97805,2,1
32,27958,3,0
32,124091,4,1
49,144632,2,1
59,118109,0,1
61,54798,3,0
53,101701,0,1
60,44124,0,0
32,132991,2,1
64,143607,3,1
34,147049,1,1
64,77756,2,1
54,26801,4,0
39,97423,4,1
40,144926,3,1
41,102641,2,1
37,116471,0,1
52,124557,4,1
29,100486,0,1
44,104002,3,1
54,108575,0,1
62,64064,4,1
27,93134,2,1
52,81249,0,1
42,33739,0,0
42,68458,3,1
47,56534,1,0
46,124109,4,1
41,83202,0,1
23,77307,4,0
27,83216,3,1
23,146430,1,0
44,112016,2,1
22,64169,2,0
53,32679,1,0
40,53829,0,0
50,61746,1,1
48,119750,3,1
57,105449,1,1
58,105330,3,1
36,60304,4,1
47,126432,3,1
29,67350,0,1
52,61960,1,1
33,122510,1,1
34,47820,1,0
37,92146,0,1
20,60901,0,0
47,117987,1,1
37,39497,4,0
39,57322,3,0
56,39157,4,0
52,69307,4,1
47,61934,2,1
19,75354,1,0
49,98806,3,1
18,46253,4,0
28,73355,3,1
21,56347,1,0
32,111135,1,1
57,129179,4,1
61,103614,4,1
40,48761,1,0
23,67225,2,0
26,93860,3,1
32,31041,4,0
19,144491,1,0
56,82027,3,1
29,143596,2,1
56,36881,3,0
28,38003,3,0
36,149685,1,1
56,43197,1,0
19,64588,0,0
44,85818,2,1
29,143642,0,1
40,114718,1,1
55,48080,3,0
42,104183,1,1
48,137517,0,1
43,54005,1,0
40,123503,0,1
31,40874,1,0
55,45564,2,0
20,64592,2,0
40,25994,1,0
27,30909,3,0
24,113004,2,0
21,38925,2,0
33,109277,1,1
31,73977,2,1
32,89147,2,1
49,36108,2,0
21,25270,0,0
59,27841,1,0
63,101253,4,1
45,38035,3,0
27,49144,4,0
42,118787,4,1
62,89517,0,1
50,121988,4,1
40,103604,4,1
18,120301,3,0
55,106480,1,1
32,25061,4,0
40,120283,1,1
26,122373,1,1
23,75471,3,0
47,145068,2,1
22,62337,4,0
42,62961,3,1
64,62740,1,1
46,26684,0,0
57,63759,4,1
30,113824,2,1
62,144595,0,1
23,112828,3,0
49,81086,3,1
63,81100,4,1
21,70167,1,0
60,86725,3,1
22,41386,0,0
54,45987,2,0
23,132658,4,0
48,96754,0,1
44,111793,0,1
64,106913,0,1
27,42307,1,0
22,113496,0,0
43,87712,2,1
61,146551,3,1
19,75643,3,0
58,81043,1,1
39,57253,1,0
27,51007,3,0
25,95667,4,0
55,45357,0,0
26,74617,2,1
64,62287,2,1
41,79274,1,1
49,35982,0,0
36,135861,1,1
56,65837,1,1
19,30248,0,0
65,57091,3,0
39,126306,1,1
54,123610,2,1
54,143995,1,1
33,117148,0,1
31,43769,4,0
45,70164,2,1
60,107099,2,1
42,74805,2,1
31,41621,3,0
52,118533,4,1
24,89341,2,0
30,130047,3,1
44,69891,2,1
22,140655,4,0
31,145501,2,1
26,30405,0,0
24,127097,4,0
60,139137,0,1
42,130359,4,1
28,116793,3,1
43,63382,1,1
45,83342,1,1
41,33337,1,0
49,48996,4,0
38,148609,4,1
32,130879,1,1
49,149542,4,1
61,76413,4,1
42,105425,3,1
44,59102,2,0
46,92018,4,1
55,80818,1,1
28,61527,2,1
36,117819,4,1
25,27841,4,0
44,106982,1,1
38,25761,3,0
55,41988,2,0
44,67859,3,1
52,146740,4,1
25,43742,0,0
44,125390,1,1
46,139794,3,1
63,89512,1,1
56,148818,1,1
65,66887,0,1
57,82783,2,1
31,58738,4,0
26,34561,1,0
54,39450,4,0
45,138859,4,1
18,49385,1,0
30,63365,3,1
47,97103,0,1
36,144368,4,1
49,119770,2,1
47,137455,1,1
41,40232,2,0
36,116503,0,1
47,28175,1,0
32,110161,2,1
51,42557,0,0
36,84347,2,1
61,135215,1,1
33,50305,3,0
59,120831,1,1
62,32353,2,0
62,117164,4,1
38,33392,3,0
49,77455,3,1
18,76829,1,0
44,107593,1,1
60,43431,2,0
45,51274,0,0
25,33829,1,0
27,28547,0,0
64,113590,2,1
36,90978,4,1
26,75816,4,1
52,51678,1,0
31,80425,3,1
61,100531,3,1
19,149124,2,0
28,148011,2,1
56,78145,3,1
64,122001,0,1
62,52111,3,0
18,136649,4,0
58,113759,4,1
56,145239,4,1
45,139911,2,1
26,28149,2,0
41,145222,3,1
35,99482,0,1
25,138650,1,0
27,59282,2,0
41,125086,0,1
54,146966,1,1
41,31542,0,0
22,39192,4,0
36,76315,0,1
48,70217,2,1
63,115560,0,1
52,140051,0,1
31,149735,2,1
64,91790,2,1
58,124265,0,1
36,58460,0,0
21,61942,0,0
35,56718,0,0
40,78171,3,1
50,69555,0,1
61,52993,4,0
30,93477,0,1
35,92508,1,1
48,65670,3,1
38,71171,2,1
21,50832,0,0
57,108776,0,1
24,145871,3,0
51,147080,4,1
42,61940,3,1
25,88839,3,0
53,59375,0,0
23,146522,2,0
20,45285,3,0
60,38462,3,0
56,94090,2,1
59,117180,1,1
48,116976,0,1
45,37243,0,0
41,92627,3,1
45,129704,2,1
45,39787,0,0
54,99879,3,1
42,82480,4,1
55,121448,2,1
30,112031,1,1
28,79240,0,1
48,139004,0,1
64,67054,0,1
39,95295,1,1
41,49850,4,0
40,109361,2,1
22,102078,4,0
45,67880,3,1
63,44654,2,0
41,57363,4,0
33,57435,2,0
59,102760,2,1
28,62000,1,1
42,77452,1,1
24,86358,3,0
39,98342,0,1
22,114301,4,0
52,131742,4,1
45,81066,2,1
49,104266,1,1
18,131795,1,0
18,44873,2,0
39,51805,1,0
47,48431,3,0
42,81360,2,1
53,131314,1,1
34,66504,0,1
58,73624,0,1
28,66934,1,1
51,73577,4,1
45,38958,1,0
18,130354,2,0
47,132241,1,1
18,95145,2,0
48,41392,0,0
58,84857,1,1
53,138381,1,1
48,128987,3,1
48,84753,0,1
25,140188,2,0
36,43377,4,0
26,115871,3,1
59,91054,3,1
30,25143,2,0
21,26129,3,0
23,44192,0,0
21,133433,1,0
63,137400,4,1
27,50357,4,0
61,63045,3,1
31,141450,0,1
40,121843,3,1
62,111797,3,1
48,37312,2,0
63,143396,3,1
25,113847,2,0
55,107692,3,1
24,74309,4,0
63,104942,3,1
40,126171,3,1
43,125881,3,1
44,63796,0,1
56,104875,3,1
51,137026,1,1
30,62692,4,1
19,27289,2,0
63,73056,1,1
28,147705,4,1
26,113403,3,1
61,118407,4,1
30,127279,3,1
57,51252,1,0
26,134810,0,1
55,34953,4,0
33,106758,0,1
47,27785,4,0
62,62291,3,1
60,56882,3,0
21,124911,0,0
39,89597,2,1
25,35828,4,0
20,122677,0,0
20,34075,3,0
63,133633,1,1
44,26168,0,0
50,29285,1,0
43,70698,2,1
54,119079,1,1
60,59295,3,0
39,103364,3,1
53,145391,1,1
32,66765,4,1
50,90587,1,1
40,89486,0,1
56,49496,0,0
36,99770,3,1
48,99728,0,1
34,75384,1,1
63,91238,3,1
58,75769,4,1
61,134019,1,1
27,28007,1,0
23,148523,3,0
62,43180,3,0
45,72823,1,1
51,43610,4,0
43,95611,4,1
34,137500,2,1
28,119451,3,1
60,41847,4,0
18,30163,0,0
62,140419,1,1
19,96578,3,0
60,31505,0,0
37,112364,3,1
19,66894,0,0
55,28157,2,0
39,61674,1,1
27,89947,0,1
43,110419,1,1
64,32473,1,0
33,66978,3,1
59,144219,1,1
42,103416,1,1
18,36719,0,0
21,119684,0,0
55,31870,2,0
56,102154,1,1
22,97488,3,0
51,39936,0,0
37,136884,2,1
20,47739,2,0
59,149302,1,1
39,116621,4,1
22,68922,2,0
56,124090,1,1
57,114514,0,1
57,121940,1,1
21,146040,4,0
63,53917,3,0
44,80665,0,1
33,125966,3,1
43,47333,2,0
59,28241,2,0
23,43393,1,0
61,108255,3,1
51,33752,4,0
54,64727,3,1
62,58611,3,0
18,139270,4,0
63,53873,0,0
23,29762,4,0
61,96890,1,1
61,127204,1,1
18,137986,2,0
45,90168,1,1
56,83702,2,1
50,63039,1,1
24,98098,2,0
25,122910,4,0
26,112459,3,1
56,55511,3,0
44,121134,4,1
59,28772,0,0
43,131469,3,1
45,87775,0,1
50,89912,3,1
43,138997,1,1
60,94569,2,1
31,78630,1,1
45,96401,2,1
60,112394,4,1
19,36505,3,0
58,46163,3,0
43,47530,2,0
28,49127,3,0
45,82013,3,1
50,133894,2,1
18,99694,1,0
46,109355,3,1
23,149466,3,0
38,47152,1,0
53,145163,2,1
61,141915,2,1
56,25088,3,0
36,101124,2,1
33,130961,4,1
54,95183,0,1
26,67396,4,1
57,87471,3,1
47,44961,3,0
38,104070,3,1
42,63847,0,1
53,134917,1,1
53,73412,2,1
19,66561,0,0
22,145383,4,0
25,126345,3,0
24,141908,3,0
39,88287,2,1
55,49703,2,0
22,149963,1,0
55,149387,4,1
43,70995,0,1
52,94845,3,1
23,109972,0,0
37,93889,3,1
20,32350,4,0
20,25571,2,0
29,59326,4,0
56,117275,1,1
51,149242,3,1
53,134480,3,1
40,108814,3,1
21,107111,1,0
59,27183,1,0
55,50713,0,0
25,38326,1,0
39,108049,0,1
22,109377,2,0
43,134525,0,1
49,61075,1,1
54,123859,0,1
43,111712,2,1
40,44560,1,0
28,54761,1,0
44,104262,1,1
25,108098,2,0
19,75389,1,0
20,26787,3,0
58,50633,0,0
26,131481,4,1
29,143580,3,1
59,118137,3,1
26,59021,2,0
46,72642,1,1
48,148888,4,1
19,116394,4,0
49,140884,0,1
59,124960,4,1
37,76252,2,1
41,143134,3,1
61,126839,3,1
34,31514,3,0
52,143386,3,1
31,72433,4,1
34,148174,4,1
32,58342,4,0
64,33596,4,0
42,110893,3,1
53,95314,3,1
40,146566,2,1
30,112327,4,1
50,50991,4,0
53,122178,1,1
60,148178,4,1
59,96700,3,1
58,45974,3,0
49,53289,3,0
43,133772,4,1
51,66050,1,1
27,28840,3,0
48,72830,2,1
48,25599,2,0
56,63106,1,1
28,126336,3,1
57,98512,1,1
60,133674,4,1
37,56962,3,0
56,115506,4,1
52,29151,4,0
19,125028,4,0
38,129819,0,1
41,119467,0,1
56,47920,2,0
35,77545,3,1
28,121051,0,1
21,85015,1,0
35,47572,2,0
30,99336,0,1
62,86268,3,1
32,144888,3,1
27,135695,2,1
38,60342,4,1
60,107429,0,1
33,98692,0,1
22,80274,1,0
39,98281,4,1
25,71445,0,0
61,42387,0,0
37,70022,0,1
60,49247,2,0
24,65848,1,0
39,54750,0,0
26,144125,3,1
56,59710,1,0
32,123382,3,1
57,137521,4,1
30,35311,0,0
25,43643,1,0
60,71215,2,1
19,61014,1,0
43,71919,1,1
47,132100,4,1
27,97267,3,1
61,74847,1,1
60,70081,0,1
62,31699,2,0
41,89999,1,1
51,50223,2,0
63,113722,4,1
40,63345,4,1
23,59018,3,0
20,129619,2,0
58,35593,2,0
32,67490,0,1
23,87473,4,0
40,133632,4,1
38,124064,1,1
62,84474,0,1
44,42788,3,0
29,96279,0,1
44,84720,1,1
33,82968,4,1
42,37513,1,0
23,112529,4,0
48,74093,3,1
64,119622,1,1
45,58728,0,0
29,123730,3,1
19,92331,4,0
51,40535,2,0
59,82943,3,1
28,26850,2,0
57,147278,0,1
45,99844,1,1
23,104102,3,0
33,27644,1,0
57,103343,4,1
22,82124,3,0
21,65732,4,0
20,118359,4,0
64,105680,2,1
52,43722,1,0
61,117261,3,1
46,54827,0,0
29,149815,1,1
35,127451,1,1
51,145554,2,1
51,30043,4,0
50,70109,0,1
60,63240,1,1
21,44038,4,0
56,131942,1,1
43,64030,4,1
20,137593,1,0
53,48029,1,0
24,57285,4,0
26,86784,4,1
41,82876,3,1
47,49222,2,0
57,33378,0,0
63,68415,4,1
55,28182,4,0
58,58916,1,0
23,93332,1,0
59,64210,1,1
45,140727,2,1
41,54494,0,0
20,114872,1,0
60,101710,3,1
48,40558,0,0
38,27070,3,0
27,114564,2,1
25,149351,3,0
56,41581,3,0
39,131023,0,1
46,53000,1,0
50,39620,3,0
27,114824,2,1
23,122470,0,0
64,90984,3,1
32,132491,2,1
27,45543,0,0
55,97082,1,1
43,99344,0,1
38,83019,1,1
61,85359,3,1
48,39930,0,0
40,42944,2,0
50,114449,3,1
49,25128,3,0
59,63275,4,1
56,122056,2,1
64,35613,4,0
30,32402,4,0
35,66654,0,1
18,131019,1,0
18,42161,3,0
65,130764,2,1
33,98460,3,1
53,105336,0,1
31,122619,4,1
58,70379,0,1
28,102915,4,1
50,77398,3,1
43,31190,1,0
59,127119,0,1
35,26115,2,0
64,128373,1,1
35,78488,3,1
61,70611,4,1
58,34018,2,0
63,119843,1,1
33,128390,3,1
52,91189,0,1
20,34898,1,0
53,112166,1,1
46,47612,0,0
21,139209,4,0
24,56940,1,0
35,74190,0,1
24,96498,4,0
28,44516,0,0
24,55804,2,0
60,96683,1,1
41,129345,1,1
29,29132,2,0
65,50819,0,0
61,75690,2,1
25,119852,3,0
32,79438,0,1
33,95447,2,1
61,112499,0,1
59,147999,3,1
33,121767,3,1
56,26655,3,0
65,91883,2,1
63,65141,3,1
45,88195,1,1
20,30602,0,0
40,41960,0,0
34,116586,0,1
21,87113,0,0
47,39960,3,0
33,60257,2,1
41,139211,0,1
59,112987,2,1
56,67027,0,1
29,53402,3,0
18,94348,4,0
23,125237,0,0
55,123759,0,1
57,59711,4,0
41,59018,4,0
44,104365,3,1
27,105849,3,1
40,69358,3,1
25,103648,1,0
47,81070,3,1
23,55975,3,0
46,121254,0,1
62,123991,2,1
50,79430,1,1
45,56525,2,0
40,77532,0,1
26,122279,3,1
42,146066,3,1
52,53673,0,0
41,72638,3,1
31,85131,0,1
30,96364,2,1
48,122968,4,1
20,46741,1,0
31,115097,4,1
60,74909,0,1
37,63944,3,1
42,48056,3,0
45,51842,1,0
18,63909,0,0
22,130583,3,0
44,127122,0,1
61,64084,1,1
58,112941,0,1
41,49322,4,0
50,54722,0,0
56,77007,2,1
65,80246,1,1
44,59331,3,0
19,135325,4,0
42,66050,3,1
52,99105,3,1
55,91914,3,1
19,53370,3,0
53,98234,1,1
18,28710,4,0
52,53821,3,0
61,104082,1,1
43,120543,1,1
62,135485,0,1
40,100583,1,1
65,149792,1,1
63,149261,2,1
25,111680,1,0
48,147557,0,1
42,68231,2,1
32,61721,0,1
20,143992,4,0
21,74429,1,0
55,37345,0,0
52,84200,1,1
26,92313,1,1
35,87890,0,1
51,50241,0,0
23,95316,0,0
46,116294,2,1
43,110459,0,1
48,68865,3,1
51,105323,2,1
59,58035,2,0
48,142229,4,1
55,105517,3,1
57,103678,0,1
38,46132,1,0
24,89268,0,0
25,61589,2,0
44,128616,4,1
44,71654,2,1
65,37441,2,0
57,95062,0,1
18,81710,0,0
49,52690,4,0
44,137927,1,1
24,78468,1,0
24,47041,2,0
47,73040,4,1
46,132213,1,1
65,138604,3,1
24,79860,2,0
37,104796,3,1
31,88963,2,1
50,34310,0,0
54,134993,1,1
51,136797,2,1
59,101121,2,1
21,76375,2,0
28,116448,0,1
25,125087,1,0
59,132911,0,1
49,35074,3,0
49,70620,1,1
61,116174,1,1
25,75989,1,0
62,50489,3,0
25,130163,1,0
22,86630,2,0
51,68178,4,1
55,29801,0,0
37,115340,2,1
21,56807,3,0
61,46409,2,0
40,123269,4,1
41,92618,4,1
50,54479,4,0
62,80194,1,1
61,103341,2,1
53,124418,0,1
27,88154,4,1
64,53551,2,0
58,45201,1,0
38,126868,4,1
24,82402,4,0
22,134265,2,0
62,121962,1,1
38,98092,0,1
58,121869,4,1
49,138724,3,1
29,143568,0,1
63,48880,1,0
43,131312,0,1
25,116254,2,0
43,55575,2,0
56,59225,4,0
34,37801,1,0
64,126261,2,1
34,66725,1,1
24,66150,3,0
31,126709,0,1
56,56766,0,0
48,103356,3,1
51,111701,4,1
57,31047,2,0
45,116195,4,1
41,140596,2,1
52,85924,1,1
58,61381,0,1
53,123206,2,1
56,138540,1,1
62,39104,3,0
48,108368,1,1
39,110308,0,1
44,77489,2,1
22,33721,1,0
31,106487,3,1
30,147461,3,1
46,28772,3,0
62,42836,0,0
48,111096,1,1
63,63500,0,1
63,145570,1,1
37,42380,1,0
59,47378,4,0
24,115222,2,0
51,140285,1,1
21,78974,1,0
29,121143,1,1
45,65982,4,1
18,37339,2,0
24,110041,4,0
36,60186,1,1
36,124716,2,1
35,45355,0,0
28,115849,4,1
33,130973,4,1
18,116449,2,0
37,82569,3,1
40,116953,0,1
25,112596,2,0
45,111162,0,1
39,79595,4,1
18,105306,2,0
36,38506,4,0
49,71078,1,1
57,95667,2,1
63,33513,1,0
47,30102,4,0
37,133896,1,1
37,134939,4,1
23,114702,2,0
21,91659,1,0
42,137732,0,1
60,143203,0,1
19,109279,1,0
38,75243,4,1
57,60018,1,1
65,100747,2,1
29,29618,1,0
33,87951,3,1
63,75017,3,1
55,112027,3,1
56,47710,1,0
54,70478,1,1
32,95419,3,1
23,99538,4,0
23,134414,0,0
58,132835,2,1
30,104800,0,1
57,128946,1,1
37,41622,4,0
59,107696,1,1
36,25288,3,0
45,113257,1,1
50,122606,1,1
35,78754,1,1
30,130637,4,1
61,92815,2,1
56,55156,1,0
34,52353,3,0
41,38438,2,0
42,82170,2,1
34,120899,0,1
50,81971,4,1
36,48033,4,0
33,120349,2,1
29,75294,2,1
26,97677,4,1
39,27729,3,0
35,51765,4,0
19,100709,4,0
28,124499,2,1
58,143413,2,1
57,73918,2,1
35,140230,3,1
58,138459,0,1
33,99621,3,1
56,139507,3,1
36,67828,1,1
38,103766,0,1
48,78065,4,1
20,58897,3,0
25,130194,2,0
51,51399,0,0
20,124879,2,0
55,69593,4,1
26,97152,2,1
47,52822,4,0
36,121937,2,1
59,77686,3,1
51,81837,3,1
46,102207,2,1
57,100941,4,1
47,27149,3,0
62,38958,3,0
62,136850,0,1
45,101577,0,1
23,135923,4,0
57,82712,0,1
23,28449,1,0
51,59171,3,0
24,69134,3,0
48,133693,4,1
44,81640,4,1
18,110540,4,0
22,96148,2,0
45,148690,0,1
61,37572,3,0
49,111794,4,1
34,98790,1,1
31,62235,1,1
41,105045,3,1
54,92780,4,1
19,140729,4,0
38,124545,0,1
59,68925,3,1
44,137311,2,1
32,88500,4,1
37,30971,1,0
63,123224,4,1
29,129255,2,1
45,34450,3,0
62,95393,2,1
28,142900,4,1
46,41301,4,0
20,135688,1,0
39,32300,1,0
52,67431,3,1
45,122592,1,1
42,139628,4,1
50,128492,0,1
58,78906,1,1
51,109780,4,1
54,57046,3,0
53,138793,0,1
60,75510,1,1
38,92128,4,1
32,27483,0,0
19,125896,0,0
27,82576,2,1
54,74462,2,1
39,36017,2,0
59,52314,0,0
36,109240,2,1
41,44323,3,0
47,70911,2,1
42,124481,3,1
21,141855,1,0
42,67932,3,1
27,31764,1,0
65,80372,1,1
34,64851,4,1
31,107426,2,1
34,77817,2,1
56,74482,1,1
32,38756,2,0
22,113377,1,0
30,54143,4,0
46,114080,3,1
23,87492,0,0
46,140709,1,1
25,141117,3,0
37,61692,4,1
47,85496,3,1
29,113500,3,1
26,75872,1,1
43,83261,2,1
38,116307,0,1
50,105511,2,1
56,89013,3,1
34,127702,3,1
41,105383,4,1
61,62598,1,1
36,135010,2,1
63,68815,1,1
55,71418,1,1
46,123291,3,1
34,140104,0,1
33,87416,3,1
47,80036,2,1
48,61882,0,1
34,139310,1,1
19,138583,3,0
44,86242,4,1
23,65386,2,0
46,70971,1,1
37,36569,0,0
38,123878,3,1
31,110424,1,1
21,106525,2,0
21,128385,0,0
59,119060,0,1
54,136556,4,1
65,29390,3,0
41,77222,4,1
64,91353,1,1
33,122630,4,1
64,59523,4,0
33,93856,4,1
59,111143,3,1
41,57243,4,0
29,144772,1,1
61,42056,3,0
45,29180,0,0
20,59108,3,0
19,137127,2,0
65,35312,0,0
21,121418,1,0
37,101665,4,1
44,35196,0,0
56,115365,2,1
50,99409,2,1
65,77311,4,1
23,36372,2,0
24,114502,4,0
50,53185,3,0
35,77663,3,1
22,65889,4,0
48,83809,3,1
23,91941,3,0
50,88813,0,1
35,119443,3,1
64,101487,3,1
43,112977,3,1
53,141056,1,1
63,105492,0,1
65,73872,1,1
41,77968,4,1
56,101830,4,1
19,94042,2,0
22,61205,1,0
62,55496,1,0
18,120681,1,0
54,117323,1,1
49,80418,4,1
19,66359,4,0
48,114182,1,1
57,95127,3,1
29,144881,1,1
22,58210,0,0
40,33812,1,0
23,94721,3,0
42,29224,4,0
49,65308,3,1
33,52946,2,0
55,134839,0,1
34,84478,2,1
39,46975,4,0
47,64220,4,1
26,25349,1,0
38,104391,4,1
36,38515,0,0
65,139525,1,1
64,54613,2,0
48,109559,1,1
40,35759,2,0
65,114385,3,1
44,65644,3,1
48,64642,0,1
31,36819,1,0
41,35007,2,0
61,49628,0,0
27,71575,2,1
41,50637,4,0
44,126246,4,1
52,131786,0,1
40,52530,2,0
51,126688,2,1
41,108584,1,1
62,40588,3,0
53,103946,4,1
39,139927,2,1
57,32587,2,0
51,64791,0,1
28,97613,3,1
39,72317,2,1
25,74386,3,0
40,124339,2,1
29,53197,2,0
31,148530,0,1
55,53880,4,0
52,124903,2,1
23,96792,0,0
64,32272,1,0
52,33523,4,0
42,49782,4,0
26,117219,2,1
29,65862,1,1
24,115326,2,0
41,100265,3,1
65,135255,1,1
21,135155,2,0
65,146076,0,1
29,33298,2,0
38,45281,3,0
30,63691,0,1
23,63760,3,0
23,50774,1,0
23,68560,4,0
41,50660,0,0
22,67038,1,0
20,49878,0,0
37,63906,0,1
46,82796,2,1
23,113043,0,0
21,105824,3,0
41,105466,2,1
37,111985,4,1
38,84849,3,1
65,135023,3,1
33,123213,4,1
38,141175,4,1
25,127640,2,0
65,49086,2,0
55,37881,1,0
44,148045,2,1
56,59983,4,0
27,32218,3,0
37,114710,0,1
57,145240,0,1
19,79965,0,0
62,123069,3,1
59,74877,2,1
23,27263,0,0
62,120251,2,1
58,42355,1,0
60,57775,1,0
65,41187,3,0
52,43532,3,0
50,146248,1,1
27,115048,0,1
58,131240,3,1
40,146617,3,1
28,110247,3,1
57,99511,3,1
27,28994,2,0
30,107762,4,1
49,100095,0,1
65,25508,0,0
40,99541,1,1
26,111776,4,1
49,41974,1,0
53,107221,3,1
21,117203,1,0
28,44106,0,0
20,109592,3,0
35,98250,4,1
57,89663,1,1
34,130521,1,1
53,85696,0,1
27,104961,4,1
23,63697,4,0
29,143091,0,1
39,113721,2,1
59,28023,1,0
58,149220,2,1
43,27088,3,0
20,62753,2,0
19,47741,1,0
34,26676,3,0
40,136043,4,1
48,59536,3,0
43,115779,2,1
39,30460,2,0
19,58708,0,0
58,90886,2,1
50,68316,3,1
43,115152,4,1
31,29623,0,0
42,68152,4,1
45,130546,1,1
32,92478,2,1
49,94578,2,1
50,83038,3,1
40,80780,2,1
57,133735,1,1
22,52001,3,0
60,31876,3,0
59,41774,1,0
55,28018,0,0
24,129774,1,0
53,75094,0,1
35,88175,2,1
35,112216,3,1
23,123784,2,0
57,27021,1,0
50,27185,1,0
39,40892,4,0
51,101921,4,1
64,57229,2,0
28,149615,2,1
36,65375,0,1
55,118231,0,1
34,85240,2,1
64,31262,4,0
32,65321,3,1
26,98504,1,1
55,71977,0,1
65,78587,3,1
31,108834,0,1
54,68434,1,1
26,111180,3,1
49,26025,2,0
34,138315,2,1
51,77954,2,1
65,125954,3,1
39,74807,1,1
55,141774,1,1
41,126488,2,1
60,49323,1,0
51,143781,1,1
63,95322,0,1
25,94067,1,0
27,57174,4,0
31,30470,3,0
50,92402,4,1
45,95146,4,1
61,148485,3,1
49,143836,3,1
58,89908,2,1
19,105060,3,0
35,67460,2,1
32,87866,4,1
64,61795,2,1
38,133914,2,1
48,68872,1,1
23,55284,4,0
58,51301,0,0
48,67254,4,1
61,128191,4,1
56,107379,1,1
50,116753,2,1
49,60984,2,1
63,84946,4,1
23,114893,0,0
63,108376,4,1
51,75563,1,1
45,83164,4,1
25,134973,0,0
57,106109,3,1
45,58708,4,0
32,60156,2,1
44,71608,4,1
22,125598,4,0
59,82125,4,1
25,105134,3,0
46,94387,2,1
45,56140,0,0
21,99150,1,0
40,121521,2,1
29,32998,0,0
43,127797,1,1
20,36254,4,0
54,87311,1,1
29,145843,4,1
27,41548,2,0
35,124526,2,1
65,53176,4,0
60,103669,1,1
48,75013,3,1
53,31398,2,0
58,93144,4,1
45,110839,0,1
23,130442,2,0
20,60991,0,0
31,50760,4,0
53,25656,0,0
39,139093,1,1
46,123009,1,1
41,129144,2,1
43,77460,3,1
24,146706,4,0
38,59237,4,0
44,140441,0,1
40,57118,2,0
27,141981,3,1
20,105616,3,0
49,137170,4,1
65,133094,3,1
58,116817,1,1
49,42830,0,0
58,68615,1,1
43,146265,4,1
57,100154,0,1
24,103551,1,0
63,94561,4,1
44,83254,1,1
50,72766,0,1
28,36205,4,0
38,119719,1,1
53,57230,0,0
61,90159,3,1
39,139655,4,1
53,43187,0,0
28,75630,1,1
44,59055,1,0
56,73598,3,1
48,109062,2,1
35,62823,3,1
18,83433,2,0
57,126811,0,1
48,133807,4,1
23,112333,2,0
62,99647,0,1
56,91174,0,1
47,88343,4,1
41,33981,1,0
54,113812,4,1
37,37579,4,0
56,127334,1,1
39,52001,0,0
45,145278,4,1
57,95975,1,1
51,124527,1,1
51,127317,4,1
60,99758,3,1
35,82668,3,1
45,70941,3,1
38,101329,0,1
48,27456,4,0
38,64713,2,1
34,110018,1,1
58,134490,4,1
32,125379,3,1
52,86702,3,1
24,69077,3,0
54,47901,1,0
64,25350,2,0
35,125621,2,1
21,88815,3,0
62,56587,4,0
25,70321,1,0
41,102822,3,1
47,41382,0,0
60,31257,0,0
25,149485,4,0
59,58064,3,0
47,137565,1,1
36,105551,4,1
33,111928,0,1
60,59395,2,0
48,42497,1,0
40,148546,4,1
47,90599,4,1
43,58365,0,0
32,69906,4,1
59,120843,3,1
37,37482,3,0
52,68096,4,1
47,53048,2,0
60,66166,1,1
33,137814,1,1
52,73066,4,1
40,97441,0,1
61,123287,2,1
40,88698,2,1
37,134165,3,1
41,146630,2,1
24,110671,3,0
43,30807,1,0
51,126372,4,1
58,108922,0,1
30,78810,1,1
33,52971,4,0
46,25246,4,0
19,85950,0,0
34,77487,2,1
46,108047,0,1
34,120621,3,1
60,102315,3,1
64,131084,1,1
36,41316,2,0
40,118538,4,1
54,69570,0,1
51,118437,1,1
49,148054,4,1
41,118570,3,1
20,41077,3,0
19,50029,2,0
42,38208,0,0
22,85308,4,0
57,113841,0,1
60,135937,0,1
24,82452,0,0
42,85294,2,1
59,60351,2,1
20,89078,2,0
45,116845,2,1
29,148752,2,1
38,66132,0,1
43,143471,1,1
25,123207,4,0
55,131223,1,1
60,97047,2,1
45,83349,3,1
61,57766,4,0
30,128623,3,1
49,56477,4,0
61,129278,4,1
63,94099,2,1
44,30960,3,0
21,84566,1,0
26,94989,2,1
31,60401,0,1
31,55209,4,0
24,123734,1,0
57,25957,0,0
35,49846,0,0
56,86354,4,1
28,89552,4,1
57,54715,3,0
43,136550,1,1
38,87886,2,1
44,82885,0,1
62,60131,2,1
19,50692,0,0
60,31756,3,0
61,119491,1,1
41,126473,3,1
41,98494,1,1
42,133050,0,1
50,47820,4,0
29,149332,3,1
33,142561,3,1
55,148990,4,1
63,127026,0,1
27,141176,2,1
51,76162,3,1
55,38590,0,0
26,113109,1,1
30,129433,1,1
22,59583,1,0
38,138604,1,1
42,35827,0,0
55,89124,2,1
54,130647,1,1
39,131169,2,1
37,76683,4,1
46,59616,4,0
42,144893,4,1
62,53150,1,0
41,114973,4,1
35,62540,0,1
25,93258,0,0
62,94772,4,1
23,53027,3,0
46,49586,2,0
19,115066,4,0
27,32594,1,0
53,133203,2,1
24,115441,2,0
31,83269,3,1
50,64440,0,1
52,127051,4,1
49,148089,0,1
34,75069,1,1
28,28657,0,0
34,111753,2,1
33,50995,1,0
38,59991,0,0
24,39587,1,0
46,47149,2,0
31,144461,3,1
18,50637,0,0
50,88135,3,1
36,86435,3,1
20,120985,2,0
18,80284,3,0
45,39209,2,0
33,126643,3,1
42,43924,2,0
41,25338,3,0
44,110748,3,1
62,134882,0,1
58,79530,1,1
24,90403,1,0
20,61954,2,0
51,135828,2,1
43,98520,0,1
60,64295,0,1
50,76109,2,1
32,30861,1,0
60,46212,3,0
37,110765,4,1
43,58646,2,0
45,86245,4,1
24,102178,2,0
23,77596,0,0
38,119099,1,1
56,114355,0,1
42,127842,4,1
54,29350,2,0
64,118015,3,1
59,27027,1,0
37,42129,4,0
60,40006,2,0
46,114479,0,1
25,97392,0,0
65,138164,4,1
53,100218,0,1
30,77049,2,1
27,100966,3,1
47,26412,3,0
35,47957,0,0
39,145884,1,1
22,103428,1,0
58,143138,3,1
64,43159,4,0
28,77629,0,1
26,47836,0,0
45,99892,0,1
53,117777,2,1
47,73082,4,1
50,26371,1,0
56,55396,1,0
41,96465,1,1
50,133469,4,1
30,114449,2,1
58,35837,0,0
44,72459,3,1
33,141049,4,1
23,87916,4,0
39,145360,4,1
42,100223,1,1
62,117539,4,1
25,28407,1,0
65,35680,4,0
21,143927,0,0
27,144391,2,1
33,49824,0,0
54,68308,4,1
50,149716,2,1
63,88201,2,1
55,26564,1,0
39,130909,2,1
47,38102,3,0
49,35675,3,0
62,28516,1,0
20,70272,3,0
50,84231,0,1
54,64775,0,1
26,58246,3,0
18,68248,0,0
43,58209,2,0
32,124715,2,1
55,67042,1,1
33,83748,3,1
53,58930,0,0
53,84447,3,1
47,85920,3,1
21,26230,3,0
35,54417,4,0
38,148436,2,1
63,84643,1,1
23,108761,3,0
33,30846,1,0
32,48205,4,0
55,128710,3,1
65,133621,3,1
39,144591,3,1
34,138807,4,1
25,127168,0,0
37,96151,4,1
52,137562,0,1
55,64776,3,1
64,130118,1,1
25,95962,0,0
40,75727,0,1
39,135772,4,1
28,88392,0,1
47,102902,2,1
41,132168,2,1
63,141624,4,1
48,79205,0,1
24,39090,0,0
48,149959,2,1
48,76407,4,1
46,72455,4,1
61,122410,4,1
44,69750,3,1
27,92074,2,1
47,44883,1,0
42,114538,2,1
31,63802,2,1
39,60174,0,1
31,101017,0,1
56,91515,4,1
61,74836,2,1
40,122208,3,1
18,135474,3,0
42,119839,2,1
64,103310,1,1
59,119087,3,1
22,53637,2,0
26,147091,3,1
53,87437,0,1
57,125601,3,1
46,141702,3,1
46,103137,4,1
47,30358,1,0
54,99055,3,1
27,74315,1,1
49,86398,2,1
29,140257,3,1
22,112828,0,0
21,149040,3,0
33,71870,0,1
26,97600,2,1
44,47595,1,0
60,128936,0,1
44,95731,1,1
36,51439,1,0
32,50243,1,0
21,128257,1,0
31,105842,2,1
32,58060,4,0
42,27956,3,0
63,141601,0,1
42,99186,4,1
63,54696,0,0
43,105212,4,1
59,42106,1,0
39,82363,2,1
43,67351,1,1
56,65045,0,1
26,91302,4,1
33,88228,0,1
20,127953,3,0
34,58267,2,0
53,69083,4,1
52,87767,4,1
33,38976,0,0
55,107804,2,1
18,58544,1,0
41,70883,4,1
27,94390,0,1
38,57450,3,0
44,124632,4,1
26,72862,4,1
19,87871,2,0
45,97174,2,1
58,83540,2,1
43,28593,1,0
20,54974,2,0
26,47122,0,0
33,141354,0,1
48,29480,0,0
57,118989,4,1
53,77597,3,1
31,149704,2,1
54,111747,1,1
52,131313,3,1
54,93745,3,1
28,145545,2,1
49,51605,0,0
34,130046,1,1
37,99368,4,1
44,47764,2,0
25,87113,2,0
43,65594,4,1
25,80982,0,0
33,50519,1,0
52,97968,2,1
18,86735,0,0
19,67491,0,0
62,30416,1,0
51,88919,4,1
39,114754,0,1
27,148076,0,1
27,114273,1,1
64,117184,0,1
23,119785,3,0
41,64001,4,1
35,33758,3,0
35,94445,3,1
57,43020,0,0
21,138828,4,0
43,79401,1,1
47,66882,0,1
24,71597,1,0
43,114252,2,1
46,58143,4,0
28,133165,0,1
32,138733,3,1
21,88082,2,0
39,63319,2,1
30,51432,0,0
54,73819,2,1
49,43580,1,0
62,97796,1,1
43,95111,0,1
45,31419,0,0
34,68984,3,1
56,45123,1,0
26,77603,3,1
22,60113,2,0
39,90557,0,1
57,108134,3,1
18,37537,4,0
20,119682,0,0
54,81660,3,1
56,136021,3,1
60,42332,0,0
57,41924,4,0
22,99902,1,0
20,40618,2,0
27,97051,4,1
26,56231,1,0
63,44581,2,0
46,135333,0,1
35,100412,1,1
48,101741,4,1
50,46171,2,0
24,70045,2,0
58,144086,4,1
38,131240,0,1
22,81276,1,0
56,109662,3,1
23,62017,2,0
28,27542,3,0
39,133853,3,1
37,116224,0,1
37,144896,1,1
37,98569,3,1
33,101391,3,1
28,75525,1,1
40,103812,0,1
51,146330,2,1
33,115846,0,1
29,64371,2,1
48,120370,3,1
33,124578,3,1
63,128468,3,1
48,47524,4,0
37,50070,4,0
30,107531,4,1
37,106610,3,1
51,89934,1,1
56,138640,3,1
41,87462,0,1
39,143489,3,1
63,136595,4,1
32,142221,2,1
61,109880,0,1
28,105397,2,1
21,124994,1,0
35,146647,2,1
59,27459,4,0
26,63405,3,1
55,138265,3,1
21,107114,0,0
64,31532,2,0
36,26243,2,0
22,79912,4,0
48,54891,3,0
44,41704,4,0
28,78151,3,1
62,127132,1,1
26,72968,4,1
56,45157,0,0
32,79079,2,1
32,31953,2,0
23,119087,4,0
58,32687,0,0
61,68527,1,1
47,56683,0,0
63,39896,3,0
29,132425,1,1
43,65729,0,1
34,89401,4,1
44,99917,0,1
18,108117,0,0
51,59851,1,0
57,129488,1,1
31,68248,2,1
51,121595,4,1
46,130005,4,1
28,45698,2,0
52,108541,1,1
59,124873,4,1
57,79690,3,1
62,88084,3,1
23,71256,1,0
56,27605,1,0
28,81528,1,1
65,64478,3,1
64,127153,1,1
43,67525,0,1
20,119332,1,0
27,104313,2,1
19,100320,0,0
63,108382,0,1
45,64402,3,1
44,33854,4,0
37,44090,3,0
50,89079,1,1
65,117492,4,1
38,59053,0,0
63,145727,4,1
29,109056,1,1
25,77501,2,0
49,103471,1,1
64,117448,0,1
65,81736,3,1
41,131355,4,1
54,54443,2,0
30,65078,1,1
61,100309,3,1
55,27519,4,0
38,136892,1,1
65,126957,2,1
29,128702,4,1
29,92290,3,1
53,115952,1,1
39,84857,1,1
33,133427,2,1
24,141907,1,0
33,27581,3,0
32,61337,4,1
33,107453,1,1
21,48696,1,0
45,65661,0,1
29,44992,4,0
48,147343,4,1
19,108039,2,0
52,74061,1,1
63,132339,3,1
28,32204,1,0
32,70461,0,1
38,145042,0,1
43,31317,1,0
33,132675,1,1
38,37561,0,0
49,117890,0,1
41,149152,4,1
38,95034,3,1
21,130378,2,0
35,108106,0,1
35,44907,1,0
59,132193,4,1
39,76546,4,1
22,35314,2,0
57,45482,4,0
41,137178,0,1
26,67040,1,1
50,129960,0,1
49,126016,2,1
22,101858,0,0
33,132779,4,1
19,70782,1,0
64,115254,4,1
57,58282,0,0
57,118447,3,1
25,68670,3,0
38,71916,3,1
25,142196,3,0
45,129535,1,1
29,92493,1,1
35,78684,1,1
19,135086,3,0
25,122646,3,0
26,135805,0,1
60,112767,2,1
60,72799,3,1
33,66411,1,1
18,139557,0,0
47,82123,0,1
38,30444,4,0
27,32174,4,0
56,98711,3,1
50,130994,4,1
60,110476,3,1
56,83378,3,1
22,65117,1,0
61,53281,3,0
19,144656,2,0
20,122669,2,0
20,39326,0,0
23,145122,4,0
44,121040,0,1
21,121033,1,0
56,44503,3,0
50,93740,2,1
53,37866,2,0
56,52148,0,0
35,129759,3,1
60,40018,3,0
33,97726,2,1
25,78429,2,0
48,117762,2,1
64,71178,0,1
51,132125,4,1
44,147023,2,1
20,70943,0,0
60,102491,3,1
39,77462,2,1
52,124439,1,1
42,87735,1,1
51,29492,0,0
48,149419,1,1
63,88999,1,1
18,119896,2,0
25,113241,4,0
46,45229,1,0
47,52627,4,0
44,62056,0,1
47,92602,1,1
64,119952,0,1
52,54090,0,0
43,104122,3,1
51,124645,2,1
55,107419,2,1
41,38531,4,0
40,62231,2,1
53,51793,3,0
47,141876,0,1
34,75794,3,1
34,98963,0,1
45,74665,2,1
50,119793,3,1
46,73834,0,1
53,69253,3,1
24,36010,3,0
37,71441,3,1
20,71018,2,0
41,132613,3,1
31,64802,1,1
23,91031,0,0
58,110959,3,1
31,102145,1,1
19,119340,0,0
26,70808,2,1
40,81167,4,1
31,56486,3,0
63,87497,3,1
33,27415,1,0
24,74614,3,0
62,98034,3,1
24,102581,1,0
44,39120,4,0
36,96762,3,1
61,45145,0,0
24,43818,4,0
60,32546,1,0
41,132225,4,1
39,67106,0,1
60,32576,4,0
36,102313,0,1
50,122566,0,1
60,98870,2,1
53,135484,1,1
54,135970,3,1
43,107719,3,1
33,93213,2,1
48,42708,4,0
42,37765,3,0
31,26728,1,0
36,57601,2,0
32,126246,0,1
19,28920,2,0
23,63148,1,0
38,45629,2,0
37,106062,1,1
19,89450,4,0
24,82367,2,0
54,109386,3,1
38,60582,3,1
42,45002,2,0
57,90081,1,1
40,38077,2,0
56,129654,3,1
28,44041,4,0
27,84289,4,1
58,77981,0,1
18,46749,1,0
33,29896,1,0
32,142524,4,1
20,73795,3,0
65,86354,3,1
24,49176,4,0
23,111415,4,0
51,98906,0,1
34,38407,2,0
58,46758,2,0
18,69146,0,0
44,77762,3,1
20,118013,2,0
25,136385,1,0
31,100905,1,1
49,94101,2,1
36,126098,4,1
49,108215,2,1
20,101507,2,0
42,129812,1,1
44,35865,4,0
26,87080,3,1
57,67330,2,1
36,64681,4,1
27,26941,1,0
28,129758,4,1
62,97787,1,1
34,95345,2,1
43,50086,0,0
33,138810,3,1
33,85558,0,1
37,73102,0,1
32,148603,0,1
25,144721,2,0
20,116154,1,0
42,114003,3,1
58,101960,0,1
34,128282,0,1
56,124907,1,1
60,100202,3,1
18,75231,0,0
19,59562,3,0
23,139472,2,0
54,134223,0,1
24,131768,2,0
57,41409,4,0
42,111216,2,1
27,141443,4,1
64,88727,3,1
53,97379,1,1
36,33308,0,0
32,59319,0,0
35,37220,1,0
22,92589,0,0
25,148714,2,0
58,38574,4,0
18,149358,4,0
23,116410,1,0
28,66269,0,1
46,139540,2,1
60,25291,4,0
37,84039,0,1
50,72337,3,1
18,100041,4,0
21,130732,3,0
47,38118,4,0
60,132155,2,1
47,94018,1,1
22,27854,1,0
24,59429,4,0
42,60620,4,1
48,41402,1,0
47,68007,3,1
56,60231,0,1
47,120111,4,1
19,54161,1,0
46,59802,4,0
57,107232,2,1
57,145731,2,1
46,25486,2,0
32,57365,2,0
24,117801,1,0
43,123014,2,1
36,36660,1,0
58,78021,4,1
22,25564,3,0
19,54379,1,0
45,124493,3,1
40,55637,0,0
62,109659,2,1
20,70571,3,0
43,56645,0,0
61,134643,0,1
23,28507,2,0
56,78221,4,1
36,78346,0,1
28,67220,1,1
43,29908,3,0
36,27794,0,0
35,82778,4,1
51,77429,3,1
56,64362,2,1
42,126567,2,1
51,102455,4,1
50,58072,2,0
22,86249,0,0
59,57303,3,0
24,28323,0,0
47,129586,3,1
18,123761,0,0
46,88738,1,1
59,87976,4,1
54,143941,4,1
56,50856,1,0
20,83215,2,0
24,39502,0,0
46,38974,2,0
63,124469,3,1
21,29785,4,0
57,28096,1,0
23,60133,4,0
36,36289,4,0
39,136307,2,1
45,83686,4,1
32,55456,1,0
60,111766,2,1
37,111978,2,1
64,78366,4,1
41,148223,1,1
32,99389,0,1
48,126732,0,1
31,120275,1,1
41,56955,0,0
21,65778,2,0
62,129460,2,1
55,48607,3,0
58,77981,4,1
31,119285,3,1
63,39636,2,0
48,109881,3,1
33,38600,3,0
31,99439,4,1
45,116025,1,1
35,91396,3,1
63,119735,1,1
30,128911,2,1
40,135860,2,1
42,137436,4,1
60,56929,2,0
27,138476,3,1
60,131439,3,1
53,84406,0,1
34,116920,0,1
33,60845,2,1
30,128682,0,1
48,145246,2,1
42,82713,0,1
45,25768,4,0
41,98297,0,1
48,139388,1,1
38,85621,2,1
26,40524,0,0
42,42858,4,0
19,76537,2,0
53,105262,1,1
41,123319,4,1
43,64617,3,1
31,132427,2,1
52,115958,2,1
46,27041,0,0
36,111851,4,1
41,88700,0,1
32,103551,1,1
34,111692,1,1
48,116175,0,1
64,95910,3,1
43,122958,2,1
27,72463,4,1
26,104211,0,1
39,28126,2,0
29,76043,0,1
18,31279,0,0
25,112454,0,0
23,132213,4,0
45,34673,3,0
22,135898,2,0
47,50234,2,0
34,128256,4,1
65,106721,2,1
23,43260,0,0
32,25158,0,0
61,121975,2,1
50,43341,1,0
51,136895,4,1
60,74213,2,1
57,31715,2,0
43,87661,1,1
30,113323,1,1
22,33042,4,0
60,59393,2,0
25,89722,3,0
58,57114,3,0
41,66551,3,1
22,104417,1,0
26,34413,2,0
53,42853,1,0
19,78826,1,0
23,93979,3,0
36,40933,3,0
42,33274,1,0
19,45387,1,0
44,59314,0,0
62,107285,3,1
56,56291,3,0
50,49808,4,0
58,104886,2,1
22,79241,3,0
45,60902,0,1
33,44312,1,0
54,112349,0,1
63,99916,1,1
60,48551,4,0
26,128336,2,1
27,141065,3,1
47,144473,0,1
29,74877,2,1
33,85436,2,1
34,104300,2,1
54,67058,1,1
29,66028,1,1
57,79325,4,1
34,64489,2,1
35,124630,1,1
65,107548,3,1
63,120636,2,1
45,91492,0,1
25,34749,4,0
32,53938,0,0
45,58751,0,0
56,117737,2,1
19,67005,2,0
49,87770,0,1
39,66584,4,1
56,113449,0,1
58,144255,3,1
62,141493,1,1
48,94552,3,1
57,31832,1,0
40,100645,0,1
62,44915,0,0
63,120647,4,1
42,55851,3,0
28,40234,3,0
29,141172,3,1
43,120007,0,1
31,44104,1,0
38,91678,4,1
22,95148,0,0
29,106590,4,1
40,111231,2,1
55,99419,3,1
47,125868,1,1
64,84686,2,1
30,103858,4,1
49,136767,2,1
38,125091,4,1
22,98967,1,0
34,119347,3,1
35,114415,0,1
22,33439,3,0
61,53386,3,0
47,26553,1,0
63,94167,3,1
27,71549,3,1
59,85688,3,1
24,38554,1,0
41,149266,2,1
36,120719,1,1
31,52262,0,0
18,96177,0,0
41,77156,1,1
20,122401,2,0
62,44156,2,0
28,107349,4,1
58,98219,1,1
50,86123,1,1
28,129775,0,1
20,141388,3,0
61,118862,2,1
51,51571,0,0
28,108450,3,1
32,118882,3,1
40,124941,4,1
52,70735,1,1
29,25349,3,0
26,25862,0,0
57,83876,0,1
53,63656,1,1
52,86598,4,1
61,34090,3,0
61,118909,1,1
49,105356,3,1
31,107474,3,1
38,33679,1,0
57,120861,4,1
40,68518,0,1
61,117979,0,1
19,72635,0,0
20,92275,0,0
57,64790,2,1
34,118061,1,1
26,81265,1,1
31,115450,0,1
18,52499,3,0
18,84217,1,0
26,56539,4,0
20,45124,2,0
32,25369,1,0
60,60614,1,1
58,60999,1,1
47,68370,1,1
54,40037,3,0
54,43552,2,0
19,138307,2,0
25,139189,3,0
63,76956,1,1
25,80315,3,0
57,75529,2,1
48,120274,4,1
18,57601,1,0
18,58323,4,0
35,144260,4,1
22,148583,0,0
42,38053,3,0
43,59590,2,0
47,25561,0,0
61,96643,4,1
36,128386,4,1
53,28600,0,0
39,120534,0,1
49,78374,4,1
27,101035,3,1
62,47276,2,0
18,101853,1,0
36,37568,0,0
40,25795,4,0
19,110746,2,0
44,105645,2,1
63,79486,0,1
64,119219,1,1
25,68240,1,0
63,68439,4,1
28,116505,1,1
62,46318,1,0
60,128964,2,1
21,67516,2,0
53,50310,3,0
59,83334,4,1
33,70854,4,1
65,32505,4,0
49,78030,1,1
39,122799,1,1
56,72727,0,1
24,36395,0,0
39,126750,1,1
38,66856,2,1
61,82069,1,1
47,83369,2,1
53,95556,1,1
43,30292,1,0
23,83345,4,0
52,102012,0,1
33,27604,4,0
40,130164,2,1
50,25916,2,0
48,40431,2,0
45,33835,4,0
26,48342,2,0
32,73231,4,1
62,125685,4,1
60,120792,4,1
56,140249,1,1
20,67727,4,0
54,78315,3,1
38,83316,3,1
56,104595,0,1
24,114210,1,0
46,102648,2,1
32,27401,4,0
39,86307,3,1
27,82953,4,1
38,125539,0,1
23,75994,0,0
53,99709,4,1
51,99768,3,1
20,129594,0,0
40,111415,1,1
29,40241,1,0
30,74665,2,1
56,126823,3,1
21,26017,2,0
30,60690,3,1
45,114228,0,1
26,113030,2,1
58,100729,2,1
55,105927,1,1
18,115027,3,0
35,76172,0,1
65,40313,1,0
64,134720,2,1
56,123972,3,1
54,140848,2,1
26,86150,0,1
58,143798,4,1
62,76635,0,1
32,52688,2,0
61,88668,2,1
51,113686,4,1
27,92287,4,1
64,109241,2,1
57,92122,3,1
50,110453,0,1
52,126314,4,1
33,100416,3,1
43,116314,1,1
21,118292,2,0
18,109547,0,0
48,56091,3,0
55,62298,2,1
55,105179,4,1
35,65977,3,1
61,143050,4,1
37,61320,0,1
20,84231,3,0
55,143702,1,1
65,80842,1,1
42,108918,4,1
36,110746,1,1
37,125740,3,1
40,99454,0,1
62,76249,0,1
64,58962,1,0
39,100987,2,1
31,145704,2,1
51,68173,2,1
65,32102,3,0
56,117280,2,1
45,72693,2,1
38,84040,2,1
32,145839,3,1
39,79609,2,1
22,74599,3,0
51,65557,1,1
37,113760,0,1
49,135232,1,1
21,83046,0,0
61,135126,3,1
47,75846,0,1
61,108469,1,1
38,111191,0,1
59,107105,0,1
49,91566,2,1
31,75843,2,1
28,44478,1,0
30,118781,2,1
38,62030,0,1
33,143513,1,1
44,101237,2,1
56,69573,1,1
53,68650,0,1
64,49548,1,0
23,125267,1,0
61,130009,3,1
38,50633,1,0
47,56181,4,0
62,112945,4,1
25,62321,2,0
46,45430,4,0
56,115436,0,1
30,43304,1,0
33,60106,3,1
49,34808,4,0
45,128836,2,1
39,141159,0,1
55,56853,4,0
38,73253,4,1
62,84176,0,1
27,29816,0,0
44,39882,3,0
34,34652,1,0
44,65523,4,1
41,98872,4,1
48,129752,3,1
25,125397,1,0
24,97222,2,0
33,146526,2,1
23,108213,1,0
48,113735,0,1
44,67588,0,1
46,121330,3,1
24,143767,1,0
28,138941,1,1
52,110079,1,1
59,118072,0,1
41,75620,4,1
36,79951,2,1
62,71229,1,1
60,25572,4,0
41,73459,4,1
39,101104,4,1
21,41524,3,0
31,117496,4,1
45,25867,3,0
49,88869,2,1
56,130121,4,1
31,55420,1,0
49,78731,1,1
54,119787,2,1
21,59452,3,0
20,28831,2,0
29,116000,1,1
43,99129,3,1
64,111597,1,1
45,141626,2,1
19,49083,1,0
27,33135,2,0
46,74089,4,1
61,28062,3,0
24,85019,2,0
20,81579,3,0
19,145283,0,0
39,113895,0,1
29,30068,0,0
31,101548,1,1
34,65545,2,1
20,84912,3,0
56,87340,1,1
25,75120,1,0
64,34684,2,0
59,50380,1,0
61,132203,1,1
55,121297,0,1
65,103154,1,1
54,145568,3,1
59,104875,1,1
25,25320,4,0
32,28262,3,0
23,45921,1,0
44,30521,0,0
53,41505,1,0
50,55562,3,0
46,123120,4,1
29,84510,0,1
38,62496,2,1
53,67487,3,1
65,95972,2,1
46,128453,1,1
53,147359,1,1
21,77458,1,0
27,45811,2,0
62,122948,0,1
23,46942,3,0
54,97536,0,1
36,58906,3,0
63,79930,4,1
50,100968,4,1
26,122078,4,1
49,78523,0,1
54,79651,0,1
59,80913,4,1
46,45398,4,0
39,48184,4,0
47,53510,3,0
53,86050,4,1
48,89856,2,1
52,59192,0,0
46,25472,2,0
35,79601,4,1
48,86355,3,1
21,81882,0,0
27,143604,2,1
50,90552,2,1
47,149976,1,1
52,65149,1,1
43,93478,0,1
56,42869,2,0
27,142123,3,1
61,119313,0,1
63,109397,3,1
34,40666,3,0
19,25171,4,0
30,138467,3,1
22,109603,2,0
45,29361,4,0
42,120503,3,1
52,92542,0,1
30,34734,3,0
42,65057,3,1
54,134853,4,1
58,33402,1,0
47,101366,2,1
30,142645,0,1
29,124741,4,1
26,97960,4,1
33,73900,4,1
23,134897,3,0
19,36107,2,0
56,36219,2,0
53,114248,4,1
53,27584,2,0
46,25362,0,0
48,25153,2,0
64,114804,3,1
49,139323,0,1
41,47354,0,0
48,86255,0,1
64,149394,0,1
48,133397,4,1
21,62353,1,0
32,80659,2,1
55,73888,3,1
56,74716,3,1
62,44879,4,0
44,35910,0,0
38,33830,0,0
20,146421,2,0
18,31716,3,0
21,131855,0,0
49,97780,4,1
19,120225,1,0
18,73788,0,0
27,70615,4,1
54,87069,1,1
61,124955,1,1
63,114479,2,1
29,29295,0,0
18,113418,1,0
57,143124,3,1
41,143550,2,1
56,87045,4,1
59,85386,4,1
58,55155,2,0
45,67112,2,1
65,84153,4,1
34,133975,1,1
40,44837,3,0
60,113893,2,1
65,58805,1,0
21,61868,0,0
43,62252,0,1
40,127047,1,1
46,63236,0,1
61,136514,4,1
23,143024,1,0
33,85107,2,1
32,138822,3,1
45,129362,3,1
65,100160,2,1
46,74718,2,1
25,122457,3,0
18,134770,2,0
38,70023,3,1
23,130950,3,0
37,103474,0,1
41,93283,4,1
57,119842,3,1
51,91733,0,1
35,60765,2,1
57,29569,2,0
21,52713,4,0
50,77529,1,1
36,121268,0,1
61,71594,3,1
34,59803,4,0
19,99047,2,0
54,98117,3,1
31,48941,4,0
41,125250,1,1
38,44052,3,0
65,102484,0,1
24,143143,0,0
23,115632,0,0
62,92905,4,1
62,137931,0,1
52,57805,3,0
61,80612,2,1
57,97601,4,1
56,54146,1,0
22,56819,4,0
54,79008,0,1
50,112295,1,1
21,132313,3,0
64,116022,1,1
59,61044,2,1
18,140026,0,0
27,44372,3,0
34,45298,4,0
57,149291,3,1
60,147215,1,1
18,68902,4,0
36,96650,1,1
54,92769,3,1
53,138306,0,1
63,104922,1,1
22,136917,4,0
48,114533,4,1
56,120531,2,1
35,83570,4,1
42,25644,4,0
29,101529,1,1
47,38591,3,0
64,96780,4,1
61,87185,1,1
23,59373,3,0
23,85032,1,0
49,69033,2,1
21,130994,4,0
40,129937,1,1
57,134075,1,1
45,83459,3,1
57,145518,2,1
51,110072,2,1
47,102290,2,1
51,85427,3,1
39,63429,4,1
39,92203,4,1
46,124417,4,1
22,55880,4,0
18,40144,2,0
26,119639,2,1
62,52922,3,0
18,115604,4,0
56,82011,1,1
62,84464,4,1
60,33388,2,0
31,57921,3,0
33,92624,2,1
19,39533,1,0
35,135295,2,1
36,128235,4,1
48,104173,1,1
45,119210,4,1
44,40575,0,0
41,78685,2,1
43,42839,1,0
62,145795,1,1
21,148455,3,0
19,111144,3,0
39,105385,4,1
51,28965,4,0
32,38387,3,0
20,42212,1,0
46,108317,4,1
33,57515,0,0
31,134706,3,1
61,48102,3,0
22,95371,3,0
58,110026,1,1
36,64092,3,1
40,79836,1,1
22,129831,0,0
26,106991,0,1
31,96251,0,1
49,96372,1,1
53,143499,3,1
52,124391,0,1
43,79551,0,1
38,116351,4,1
40,106603,2,1
39,92318,3,1
42,55362,4,0
45,67743,4,1
23,93535,0,0
28,107375,2,1
61,93452,1,1
39,43285,0,0
28,144913,2,1
63,95817,3,1
45,101546,0,1
38,134337,2,1
35,76132,2,1
63,104393,2,1
37,48016,2,0
50,141727,1,1
62,135192,2,1
36,83852,0,1
39,45200,0,0
33,35386,1,0
61,46962,2,0
52,97808,3,1
23,128896,1,0
31,122752,1,1
19,52261,3,0
42,93544,3,1
36,41616,3,0
65,87984,2,1
42,42849,3,0
52,117068,4,1
29,86760,1,1
51,85655,3,1
19,119683,1,0
27,25824,2,0
48,83829,2,1
32,133942,4,1
46,35484,0,0
44,48854,2,0
32,132987,1,1
35,108588,4,1
58,117305,4,1
48,56813,4,0
45,47738,1,0
59,41916,3,0
49,109451,0,1
21,58382,4,0
31,69519,2,1
40,117499,2,1
48,53616,0,0
26,126705,3,1
32,122709,1,1
28,97188,4,1
46,145950,0,1
37,117954,1,1
34,30473,1,0
39,69850,4,1
36,144045,3,1
51,104119,1,1
55,129302,3,1
47,110097,0,1
36,38665,0,0
44,87478,2,1
52,136910,0,1
41,128378,2,1
44,108575,4,1
43,138959,3,1
32,94159,3,1
39,74822,2,1
18,63931,4,0
50,112975,4,1
65,112966,3,1
49,122794,1,1
31,49564,1,0
57,136167,0,1
62,46369,4,0
52,103943,4,1
40,95078,3,1
62,82370,0,1
18,111407,3,0
28,56346,2,0
34,148209,4,1
55,135140,2,1
61,135345,4,1
28,80279,4,1
20,88988,3,0
19,108385,2,0
56,67340,1,1
21,36159,1,0
63,31186,1,0
33,100487,2,1
19,115938,0,0
33,119547,2,1
49,36942,3,0
27,96342,1,1
33,71642,3,1
53,106861,0,1
38,141797,2,1
22,30005,2,0
61,27216,0,0
41,132296,1,1
31,84904,4,1
30,67739,3,1
47,27775,1,0
58,110974,3,1
49,46718,2,0
47,34290,4,0
42,72948,2,1
45,111514,2,1
41,85644,2,1
60,142699,4,1
40,89833,4,1
54,69991,2,1
54,73608,4,1
19,141789,4,0
38,142512,1,1
62,107469,3,1
26,98812,0,1
46,40038,4,0
50,72782,4,1
22,98289,1,0
57,70216,1,1
62,66018,1,1
65,136835,4,1
27,131037,0,1
47,142207,2,1
59,90617,1,1
22,76689,4,0
24,139513,0,0
57,107464,1,1
23,64238,4,0
49,63718,4,1
38,44521,0,0
31,30290,1,0
48,107663,3,1
57,140567,4,1
47,51539,0,0
50,120767,2,1
27,64345,0,1
30,132811,4,1
61,137491,1,1
29,119829,0,1
28,121708,4,1
36,26259,1,0
55,51250,3,0
32,62953,0,1
54,57835,0,0
29,129492,0,1
53,143119,0,1
41,119166,1,1
40,87678,2,1
38,101414,2,1
21,117720,0,0
36,146251,3,1
56,144681,4,1
23,42864,1,0
27,67587,4,1
44,26069,0,0
53,142970,2,1
23,127462,0,0
31,129846,4,1
65,120664,1,1
34,129994,2,1
63,73088,3,1
22,51493,1,0
56,125550,2,1
45,115689,1,1
47,81035,2,1
44,36427,1,0
49,56354,4,0
26,40201,0,0
27,28397,1,0
57,36313,1,0
50,35955,1,0
20,37093,4,0
55,137629,4,1
53,29504,1,0
57,93897,2,1
21,97883,2,0
59,94244,0,1
55,74787,3,1
37,131111,4,1
28,49675,0,0
54,39115,2,0
55,29731,2,0
27,34188,1,0
30,67065,3,1
53,120297,1,1
24,82969,1,0
32,124663,3,1
58,77257,3,1
21,64373,0,0
48,36151,0,0
59,53528,2,0
54,37090,2,0
25,141373,2,0
48,63084,0,1
38,131579,0,1
25,56349,1,0
28,28004,1,0
35,149870,4,1
55,73218,3,1
19,89630,0,0
34,142226,2,1
48,125918,3,1
40,32606,3,0
47,70449,1,1
40,117731,3,1
27,54634,0,0
42,124077,1,1
25,76691,0,0
30,111787,3,1
59,91037,0,1
23,110501,0,0
38,125996,3,1
19,49636,2,0
57,74691,1,1
21,80643,3,0
47,27976,0,0
40,102831,2,1
35,77768,2,1
43,77063,2,1
33,137891,1,1
33,53599,3,0
21,28837,3,0
24,122280,4,0
51,132320,0,1
19,101021,3,0
22,60959,0,0
53,80162,1,1
33,48934,1,0
37,53245,0,0
43,69255,2,1
49,63424,4,1
62,96003,2,1
53,50257,2,0
59,47426,1,0
47,68916,2,1
64,25682,2,0
49,49445,1,0
51,136531,4,1
52,134899,1,1
61,73999,2,1
39,122346,4,1
40,66466,0,1
31,106291,0,1
54,80159,0,1
31,145499,4,1
51,137975,1,1
33,81146,3,1
52,98504,1,1
53,118118,3,1
30,76954,2,1
58,50232,1,0
33,94715,0,1
20,58829,1,0
44,58467,3,0
41,93010,4,1
44,80193,4,1
51,81456,3,1
63,59832,0,0
43,55262,3,0
23,42074,0,0
43,54882,0,0
47,68636,4,1
28,100377,3,1
48,77381,0,1
25,59098,4,0
50,64571,0,1
50,38557,0,0
65,126745,4,1
34,129759,0,1
41,82594,1,1
52,39777,4,0
63,53072,3,0
22,34527,3,0
52,74965,0,1
24,65228,3,0
19,137688,1,0
42,34978,0,0
51,104635,1,1
43,123109,0,1
39,69786,4,1
63,107653,4,1
42,70958,4,1
29,122192,3,1
50,57348,3,0
50,123705,4,1
32,90513,3,1
23,59985,0,0
30,63019,4,1
58,114913,4,1
35,69297,2,1
40,113416,3,1
45,28756,0,0
32,25910,0,0
23,103770,3,0
59,43044,1,0
49,126637,1,1
32,93506,3,1
55,86810,4,1
61,41476,0,0
59,137360,3,1
65,139332,1,1
42,129574,2,1
32,95133,4,1
60,128036,0,1
55,67577,3,1
19,128546,2,0
30,58900,0,0
63,104240,2,1
23,78266,4,0
20,96250,0,0
22,49769,3,0
62,128641,4,1
19,56529,4,0
51,107361,4,1
53,60652,1,1
65,87109,3,1
20,27044,3,0
29,131230,3,1
54,68348,2,1
39,139854,0,1
37,131338,1,1
56,71582,4,1
36,105354,3,1
45,100507,4,1
36,43112,0,0
65,123510,3,1
62,116509,4,1
45,42095,3,0
39,47092,2,0
18,26570,0,0
44,146925,0,1
59,83566,1,1
35,65112,3,1
55,111804,4,1
62,123469,4,1
55,49133,1,0
38,113363,0,1
44,118270,1,1
53,54878,1,0
45,61503,2,1
56,88755,0,1
61,114589,0,1
21,36861,3,0
18,85964,2,0
24,41442,2,0
36,108395,4,1
46,78088,0,1
65,121788,1,1
20,137254,4,0
54,64549,2,1
36,36778,4,0
29,106987,1,1
38,118537,4,1
27,128176,2,1
30,108873,1,1
48,47148,2,0
48,118446,4,1
43,111302,3,1
54,97718,0,1
60,52278,0,0
26,79336,4,1
42,60903,3,1
63,86912,0,1
23,69780,2,0
53,42025,0,0
51,138417,3,1
20,113491,2,0
56,61384,0,1
64,147684,0,1
49,120383,2,1
25,40203,3,0
25,34970,4,0
43,58789,4,0
42,118397,0,1
24,101352,2,0
33,32910,2,0
47,72610,4,1
29,120873,4,1
49,52903,2,0
52,137456,4,1
63,49212,1,0
49,119583,3,1
36,98343,3,1
47,25620,0,0
48,98441,2,1
25,107906,1,0
39,56752,1,0
39,147083,0,1
28,36343,2,0
19,97168,1,0
28,78238,3,1
54,101749,0,1
57,78621,3,1
44,120422,0,1
27,95928,3,1
41,144349,1,1
53,53181,2,0
59,72317,3,1
22,78722,4,0
43,124350,2,1
26,39210,0,0
18,49761,3,0
18,134047,2,0
19,83591,0,0
33,88886,2,1
21,94170,2,0
64,79645,3,1
55,54464,1,0
20,90366,0,0
54,141562,2,1
33,60777,2,1
35,102839,1,1
61,116127,3,1
49,119704,4,1
52,82705,3,1
61,48068,2,0
44,70562,0,1
48,129653,4,1
61,138178,4,1
39,76769,4,1
46,42462,3,0
48,76795,4,1
61,61199,0,1
56,91824,1,1
50,38495,3,0
55,60579,3,1
48,100680,4,1
18,137604,0,0
30,65282,4,1
26,123932,1,1
21,49366,3,0
29,77062,2,1
32,32647,1,0
26,135776,3,1
60,149785,4,1
40,47522,4,0
46,54187,1,0
18,105188,0,0
47,123760,4,1
20,121002,3,0
32,68910,0,1
45,92494,4,1
27,109842,1,1
35,85946,3,1
65,87735,4,1
25,41402,4,0
63,98135,1,1
48,124622,2,1
55,28240,0,0
64,129667,4,1
31,77355,3,1
56,146989,1,1
30,42826,3,0
45,55218,1,0
34,41976,1,0
52,148689,4,1
62,77461,1,1
51,55261,3,0
26,142336,1,1
49,113364,1,1
29,69173,2,1
31,38370,0,0
32,131156,1,1
63,86805,0,1
18,96200,2,0
37,43687,1,0
34,147631,0,1
31,122394,3,1
18,60009,1,0
30,55568,1,0
61,41225,2,0
50,52596,2,0
35,73121,3,1
58,125406,0,1
26,72192,3,1
53,107042,0,1
35,85914,1,1
46,38241,2,0
51,129981,4,1
61,113805,0,1
48,149449,3,1
54,111340,3,1
52,27170,3,0
36,73434,4,1
37,64642,1,1
24,73188,3,0
60,116321,2,1
32,85760,2,1
60,45623,3,0
36,28947,4,0
31,118492,1,1
58,132991,3,1
30,109894,2,1
45,93471,2,1
41,105837,1,1
34,120135,1,1
51,97888,1,1
58,130223,2,1
20,53960,2,0
47,105426,2,1
47,144761,2,1
31,113830,1,1
23,115883,4,0
19,56198,1,0
24,102838,2,0
41,124295,2,1
61,80129,4,1
41,127154,0,1
61,114777,0,1
26,68466,0,1
43,82135,3,1
65,110111,2,1
43,108610,0,1
43,109702,3,1
32,64015,3,1
44,86739,0,1
37,133637,2,1
54,113937,2,1
45,57324,1,0
53,101490,4,1
64,105692,0,1
64,25127,1,0
51,68902,1,1
37,44219,3,0
42,47137,1,0
24,67631,4,0
54,124532,3,1
33,143953,3,1
36,51987,2,0
61,79346,1,1
56,104130,4,1
57,69147,2,1
36,25946,1,0
53,98778,4,1
38,128268,4,1
44,72486,3,1
60,110579,4,1
30,34763,3,0
21,92311,3,0
31,29104,0,0
27,121774,0,1
19,111794,1,0
65,130731,3,1
31,74829,3,1
32,114508,1,1
40,121446,3,1
60,129166,3,1
31,119347,1,1
28,149134,1,1
36,145340,2,1
46,60114,2,1
31,103432,0,1
45,112494,3,1
18,129457,0,0
55,41232,0,0
56,26360,4,0
53,93078,3,1
43,119371,0,1
65,82981,1,1
65,45218,3,0
37,64872,3,1
53,141204,2,1
58,115551,1,1
60,86476,2,1
40,105483,4,1
58,148134,4,1
23,88483,3,0
21,128139,2,0
60,28042,2,0
30,89965,0,1
44,63356,4,1
58,149464,2,1
24,26897,4,0
40,123464,3,1
33,118817,4,1
44,82059,2,1
37,58415,3,0
31,115264,1,1
52,82734,2,1
21,122543,4,0
26,90689,2,1
19,111400,4,0
42,82244,4,1
23,97499,1,0
46,96083,4,1
65,83898,3,1
23,102780,2,0
52,90858,1,1
46,60840,1,1
34,71499,0,1
56,132401,3,1
50,66800,2,1
31,90976,0,1
43,45675,4,0
21,44634,1,0
20,92043,2,0
59,102554,3,1
35,76548,2,1
58,46679,4,0
32,64081,1,1
40,57916,2,0
43,102970,4,1
29,39692,1,0
24,114919,4,0
42,29219,1,0
50,84227,0,1
18,93303,2,0
20,52469,4,0
37,79998,2,1
36,75038,3,1
18,143582,4,0
55,130169,0,1
31,87513,3,1
34,82841,4,1
47,81401,2,1
25,111123,0,0
45,35625,1,0
29,40177,4,0
20,123901,1,0
64,100307,3,1
62,66026,4,1
53,128370,3,1
63,90891,0,1
58,98797,0,1
20,128262,4,0
25,66137,2,0
56,54046,1,0
31,73864,1,1
52,79523,3,1
18,38161,1,0
50,66129,4,1
65,25042,0,0
28,101824,4,1
48,50299,2,0
18,38884,0,0
22,49164,4,0
40,137217,3,1
24,96038,0,0
41,98260,0,1
42,122999,0,1
56,63692,2,1
54,126020,2,1
25,49863,3,0
58,127814,4,1
20,139961,4,0
39,40835,2,0
24,113059,2,0
32,134224,2,1
44,94763,3,1
23,90754,3,0
60,89547,0,1
48,26020,2,0
18,109149,4,0
57,149245,1,1
56,136501,1,1
63,46356,2,0
63,127421,4,1
19,89277,0,0
56,80386,0,1
27,102462,1,1
31,131532,1,1
22,124930,1,0
35,100561,4,1
28,42664,0,0
54,139233,4,1
20,112257,0,0
31,87652,0,1
48,90015,4,1
51,97832,4,1
42,45250,3,0
34,95897,0,1
42,77353,0,1
22,115505,1,0
44,128414,1,1
64,29302,1,0
21,75899,2,0
41,148626,0,1
45,66681,3,1
61,37229,1,0
25,40450,2,0
45,31300,0,0
52,35730,0,0
60,120664,1,1
60,118120,1,1
61,105554,2,1
32,50646,0,0
29,67538,4,1
55,139663,2,1
49,101127,1,1
21,81254,1,0
32,40076,4,0
60,69675,2,1
45,97741,2,1
62,104338,0,1
19,140536,2,0
63,75712,0,1
54,124983,3,1
53,31344,4,0
40,29042,4,0
28,36672,0,0
27,123898,0,1
31,128888,3,1
18,93008,0,0
43,128025,4,1
24,148394,2,0
18,58183,4,0
65,129365,3,1
20,139877,2,0
62,34879,2,0
49,143887,0,1
34,29999,2,0
33,60805,3,1
54,67687,4,1
35,99191,4,1
19,132508,3,0
18,102414,4,0
50,29552,3,0
26,115742,3,1
34,69627,3,1
45,102872,2,1
32,114686,2,1
58,96615,4,1
54,110702,0,1
49,58802,1,0
56,60937,0,1
37,43753,2,0
60,27107,4,0
57,72066,3,1
59,83073,3,1
29,66444,1,1
61,124758,2,1
36,84524,3,1
42,104274,0,1
56,130699,4,1
30,30884,0,0
43,147965,4,1
49,43216,2,0
58,77540,0,1
48,63468,3,1
51,66965,2,1
18,42662,3,0
26,104790,3,1
42,36115,0,0
42,75717,1,1
64,95797,3,1
45,26032,1,0
37,103219,2,1
26,60398,3,1
53,102921,3,1
48,110257,0,1
25,76882,4,0
42,45630,3,0
65,89365,4,1
20,45727,0,0
41,132722,3,1
26,52037,0,0
63,147920,1,1
38,44393,4,0
29,51617,4,0
27,69770,3,1
20,25090,2,0
38,122665,2,1
57,65488,2,1
42,140155,0,1
46,48560,0,0
41,136309,0,1
39,126281,1,1
18,107042,4,0
64,142583,1,1
39,51111,0,0
30,119239,0,1
50,60677,4,1
44,27183,4,0
57,133700,2,1
32,62769,1,1
33,44585,1,0
64,119087,0,1
18,104237,0,0
27,145764,2,1
35,145116,4,1
65,54651,0,0
35,144114,0,1
35,137999,0,1
52,146403,3,1
50,54156,4,0
62,143873,1,1
61,135471,3,1
48,102560,2,1
27,115331,4,1
20,124133,1,0
24,146630,0,0
45,146970,2,1
27,54895,0,0
31,89498,2,1
54,138442,2,1
23,90830,0,0
59,27030,0,0
61,99299,3,1
27,137920,4,1
28,78529,4,1
47,93068,2,1
45,131269,1,1
61,68580,4,1
50,87058,3,1
36,126751,4,1
26,79658,1,1
62,64388,2,1
51,149564,2,1
27,50614,3,0
58,44542,4,0
37,63722,1,1
26,108806,4,1
30,67852,0,1
22,142838,3,0
51,114071,2,1
29,97553,0,1
39,31037,1,0
34,69093,4,1
32,97616,2,1
29,91949,3,1
28,25932,4,0
46,76997,3,1
45,74766,3,1
63,30801,2,0
26,95822,2,1
49,64220,4,1
63,116265,2,1
46,35358,1,0
21,107020,3,0
38,52211,0,0
61,135363,1,1
63,144446,3,1
53,72173,2,1
30,38464,4,0
63,42860,3,0
26,37488,0,0
48,135283,4,1
63,142765,0,1
34,128593,4,1
32,25497,0,0
18,130548,3,0
23,61354,4,0
40,43656,2,0
56,75063,4,1
40,117776,3,1
37,60549,1,1
31,34060,2,0
57,136437,3,1
24,131269,0,0
61,136580,4,1
32,54764,1,0
35,127955,2,1
46,46578,2,0
45,135362,2,1
47,28734,0,0
19,123304,0,0
65,52003,4,0
32,63599,4,1
56,103597,3,1
41,121848,2,1
62,71654,2,1
63,79179,0,1
64,94557,2,1
50,37100,3,0
50,77883,0,1
63,146947,1,1
25,73019,2,0
55,45112,3,0
56,58440,1,0
47,82292,1,1
50,41720,3,0
36,101463,0,1
31,53100,0,0
28,46938,1,0
32,139156,2,1
38,59608,2,0
20,146815,3,0
18,62989,3,0
31,114884,0,1
37,120923,2,1
31,129537,3,1
53,85728,4,1
47,86813,3,1
34,25835,3,0
19,53990,3,0
42,78887,4,1
43,26641,0,0
61,83888,3,1
63,43251,1,0
53,136738,1,1
25,138437,1,0
61,109543,2,1
26,40849,2,0
31,137553,2,1
44,138405,2,1
28,88014,2,1
34,124949,3,1
26,80923,4,1
63,128605,1,1
56,51999,1,0
18,143791,4,0
64,127137,4,1
59,101838,3,1
54,46771,0,0
43,77545,3,1
20,141319,4,0
52,71178,1,1
24,48816,1,0
34,110646,4,1
31,69571,2,1
64,61322,2,1
53,37002,0,0
51,111222,4,1
45,71069,0,1
27,59260,1,0
25,28812,3,0
65,55807,3,0
53,114418,0,1
48,124240,0,1
37,98283,1,1
42,58085,2,0
24,35900,3,0
64,69308,2,1
40,146335,4,1
65,132514,2,1
58,118028,4,1
54,147165,4,1
28,34601,2,0
33,90488,2,1
30,145769,0,1
31,125016,3,1
30,144221,3,1
39,100523,3,1
29,89076,3,1
47,81055,2,1
49,87421,3,1
41,99443,1,1
41,128325,2,1
45,34424,1,0
37,36704,3,0
34,103068,0,1
55,70356,1,1
53,28078,2,0
59,96358,4,1
29,81669,3,1
26,50164,1,0
56,104551,0,1
61,131353,3,1
43,40070,4,0
19,29346,0,0
22,35747,1,0
57,38928,4,0
37,93903,0,1
37,62101,1,1
65,51058,3,0
34,90456,2,1
28,124371,0,1
34,101680,2,1
18,36407,0,0
64,93757,3,1
24,129887,3,0
34,133202,3,1
63,104377,0,1
37,135001,2,1
54,36739,4,0
48,54382,2,0
60,145866,0,1
42,84531,2,1
54,74924,3,1
60,55299,3,0
46,48790,0,0
55,113550,3,1
25,30905,1,0
30,85040,1,1
45,65049,1,1
61,47734,0,0
41,91704,3,1
54,99174,3,1
28,142414,4,1
41,106323,3,1
24,112106,4,0
41,144931,3,1
57,50620,1,0
49,86198,0,1
25,40156,4,0
37,113844,2,1
24,134253,3,0
61,90422,1,1
58,130955,1,1
64,134667,3,1
18,132106,2,0
45,91581,4,1
44,91635,2,1
62,95259,2,1
44,123870,0,1
20,146621,2,0
39,113283,2,1
48,51275,4,0
50,74611,3,1
55,63449,1,1
62,145036,1,1
44,60888,4,1
49,31692,1,0
42,51314,1,0
49,76853,3,1
60,80613,4,1
56,76604,4,1
65,68880,2,1
46,110959,3,1
42,106136,4,1
55,107970,4,1
46,122593,0,1
40,71344,1,1
35,136892,3,1
34,138185,4,1
59,29728,1,0
34,28082,4,0
33,83023,3,1
28,103710,0,1
53,120023,4,1
61,134019,2,1
57,77214,4,1
32,109106,2,1
34,68616,0,1
33,82793,4,1
35,97609,0,1
48,93809,0,1
41,55090,2,0
31,51046,2,0
41,146230,3,1
55,49705,1,0
64,104582,0,1
33,78357,2,1
42,64707,2,1
20,116308,4,0
19,87222,1,0
47,52398,0,0
35,36450,4,0
18,119596,3,0
31,48157,4,0
19,66186,0,0
20,130141,1,0
44,72312,2,1
32,138947,2,1
46,107790,2,1
45,51997,1,0
36,146179,3,1
47,61848,3,1
35,115656,3,1
45,122722,0,1
33,53627,1,0
49,50764,2,0
57,87198,4,1
25,68997,2,0
27,127571,0,1
63,124340,2,1
36,132238,0,1
21,139966,0,0
19,48467,3,0
45,30887,3,0
52,39440,2,0
38,40071,3,0
37,92862,4,1
55,140494,3,1
48,99158,3,1
30,92943,1,1
33,138120,0,1
45,36428,4,0
34,53175,4,0
46,138011,4,1
35,117512,3,1
51,102337,1,1
39,28005,4,0
60,124274,1,1
44,29155,1,0
47,28800,3,0
51,86652,4,1
45,124118,3,1
21,88030,0,0
58,135905,2,1
61,148513,0,1
28,103605,1,1
33,140742,3,1
24,138075,1,0
54,39390,1,0
30,89485,3,1
34,72699,2,1
59,102103,2,1
37,113102,0,1
62,121523,1,1
33,90303,3,1
50,83444,0,1
39,145149,2,1
18,89130,2,0
22,124417,0,0
58,130204,3,1
59,72627,0,1
19,132304,3,0
35,30351,3,0
20,84646,2,0
31,124791,2,1
61,109605,4,1
46,94587,4,1
50,50726,0,0
32,58332,2,0
40,85612,1,1
45,146857,4,1
60,62322,0,1
36,140034,4,1
57,41947,3,0
29,92380,0,1
57,26296,1,0
25,138622,3,0
53,138919,2,1
33,128790,3,1
34,57204,0,0
45,89546,2,1
38,122794,2,1
50,133610,4,1
34,60016,0,1
53,98658,2,1
38,122312,2,1
31,28139,1,0
29,107000,0,1
47,107094,4,1
45,25665,4,0
27,80486,2,1
57,127398,0,1
25,122414,4,0
28,52095,0,0
26,104567,2,1
60,106585,3,1
42,50668,1,0
19,103695,1,0
33,71952,3,1
40,59699,0,0
33,28847,3,0
56,109235,2,1
25,130283,4,0
35,130525,0,1
29,114472,3,1
31,146161,1,1
19,40397,1,0
58,104856,4,1
31,37244,2,0
38,25573,0,0
36,41780,1,0
23,112071,2,0
26,116721,0,1
62,136977,3,1
51,41556,0,0
37,94251,0,1
62,29264,2,0
33,144281,0,1
40,63970,2,1
36,117906,3,1
31,144959,2,1
40,83125,3,1
56,83598,1,1
55,131345,2,1
65,44708,4,0
63,68189,4,1
33,93978,0,1
41,137462,0,1
52,45553,3,0
27,137664,1,1
50,139077,1,1
45,147132,4,1
26,101923,4,1
24,91118,4,0
29,139140,4,1
41,109740,3,1
61,79893,2,1
51,111688,0,1
39,143654,4,1
55,30376,1,0
21,147796,2,0
25,100390,3,0
64,120252,2,1
39,135751,4,1
34,122221,2,1
47,75814,0,1
61,129753,4,1
18,133076,4,0
50,97667,4,1
55,121921,0,1
63,135796,4,1
65,28991,2,0
54,42855,4,0
36,78375,4,1
20,56106,4,0
19,83146,3,0
56,146933,4,1
40,127741,4,1
56,116457,1,1
41,137845,4,1
50,91948,0,1
21,91556,1,0
60,44994,3,0
46,126707,4,1
37,83592,3,1
58,90097,3,1
35,73772,2,1
29,73488,4,1
63,40397,1,0
31,92412,3,1
27,136611,4,1
65,101912,1,1
48,103136,3,1
57,30051,0,0
49,33142,4,0
39,142008,4,1
56,62251,2,1
37,99604,3,1
47,142491,4,1
64,135815,0,1
45,80885,1,1
30,113833,2,1
39,128296,3,1
60,135815,3,1
25,45190,4,0
41,101824,1,1
39,143179,0,1
28,126780,3,1
45,83556,4,1
57,121237,0,1
42,64469,0,1
27,144441,1,1
49,44336,3,0
43,72244,1,1
22,148458,4,0
41,149313,0,1
62,107262,1,1
35,38529,3,0
58,132364,0,1
21,69431,4,0
41,69091,2,1
33,128586,4,1
40,71615,2,1
39,141356,4,1
45,130043,1,1
25,80569,2,0
60,53139,1,0
41,129114,3,1
62,137806,3,1
44,91712,0,1
53,132527,2,1
40,124434,0,1
37,130320,2,1
23,28928,2,0
44,124500,0,1
36,51335,0,0
48,36638,4,0
39,114193,3,1
53,67081,1,1
23,107017,2,0
47,101424,1,1
32,76245,2,1
42,141282,0,1
57,114345,1,1
22,112586,3,0
20,93617,2,0
51,91346,2,1
40,109702,0,1
23,29379,4,0
41,128554,2,1
30,103278,0,1
23,39159,4,0
31,47703,0,0
28,78201,4,1
21,29322,2,0
63,49885,1,0
63,53460,2,0
45,56849,3,0
55,30579,1,0
18,112253,1,0
52,98467,3,1
51,47224,0,0
53,94769,2,1
31,94233,4,1
36,149858,3,1
51,38020,3,0
46,81659,3,1
33,123006,4,1
26,121881,0,1
52,55485,4,0
50,116666,0,1
29,63528,1,1
65,125391,3,1
45,63286,3,1
35,44516,3,0
37,61020,0,1
34,85699,2,1
30,125466,1,1
49,103547,3,1
44,56407,3,0
56,127877,4,1
51,37179,2,0
48,83147,4,1
35,104873,2,1
28,65776,3,1
51,83440,0,1
37,147193,4,1
42,131882,2,1
31,128962,2,1
57,117161,4,1
33,37039,4,0
39,130917,3,1
43,65757,1,1
30,105615,4,1
18,148410,1,0
58,74657,2,1
18,136003,2,0
54,130539,3,1
35,125358,2,1
42,76180,3,1
60,130882,2,1
22,142620,0,0
60,95487,1,1
26,100568,1,1
33,112161,1,1
35,75293,2,1
49,43005,1,0
21,54695,3,0
31,55199,3,0
63,98137,4,1
21,75699,0,0
31,92460,3,1
49,145575,4,1
63,140769,2,1
38,89981,2,1
33,31744,4,0
39,67973,2,1
42,114979,4,1
61,126653,3,1
60,77349,4,1
47,90852,3,1
53,113735,0,1
21,141220,4,0
39,33795,1,0
43,108519,3,1
59,80620,4,1
58,58482,2,0
34,53158,3,0
32,46706,3,0
20,73187,3,0
24,58470,3,0
40,50281,4,0
34,48274,0,0
21,63251,1,0
23,114784,2,0
45,83074,4,1
47,118763,0,1
41,42994,0,0
33,67702,0,1
58,100292,0,1
54,94164,4,1
60,148739,0,1
39,78588,4,1
58,38275,1,0
32,66497,2,1
38,31509,2,0
23,107039,4,0
30,144595,1,1
29,118005,2,1
50,138774,3,1
45,78838,1,1
29,136962,3,1
60,102469,0,1
35,41889,1,0
31,96823,0,1
18,77718,0,0
65,129910,2,1
57,35147,3,0
20,30001,4,0
27,41634,2,0
23,94303,4,0
40,85178,4,1
55,134036,3,1
41,106020,2,1
19,68745,1,0
48,27483,1,0
40,105795,2,1
45,37541,0,0
36,53255,4,0
50,132692,1,1
20,65909,0,0
58,88436,3,1
64,142551,4,1
25,53944,0,0
45,35067,0,0
56,123457,1,1
26,39252,3,0
53,102027,3,1
36,69453,1,1
47,39448,4,0
46,56353,1,0
20,62148,1,0
23,104900,1,0
46,61962,1,1
23,48542,3,0
45,78901,4,1
43,137183,0,1
29,54053,1,0
43,36330,3,0
40,69532,2,1
19,79856,1,0
34,84465,4,1
39,69351,1,1
44,84887,1,1
21,113401,1,0
43,107451,3,1
65,32529,1,0
47,119899,4,1
25,26011,0,0
40,143413,3,1
53,88888,0,1
45,100896,0,1
38,85602,0,1
22,48308,0,0
62,93491,0,1
42,84459,2,1
30,131193,1,1
33,72838,1,1
54,130311,1,1
62,145460,1,1
19,107528,4,0
35,94432,4,1
64,101383,4,1
23,139147,3,0
39,87007,0,1
46,101242,4,1
30,44042,0,0
63,94207,1,1
20,44386,4,0
29,76897,4,1
44,123287,2,1
39,107323,4,1
65,39466,2,0
19,43701,0,0
37,34020,0,0
38,118073,4,1
52,91115,0,1
38,37914,0,0
56,54013,1,0
36,76295,4,1
64,57481,1,0
44,51618,1,0
18,66380,3,0
63,126219,4,1
62,64669,1,1
47,116823,0,1
18,100712,2,0
36,40665,3,0
34,55577,3,0
46,29326,1,0
24,128060,3,0
18,133587,4,0
46,33059,0,0
29,69696,2,1
28,97325,1,1
31,145642,2,1
65,86695,0,1
46,109140,2,1
41,74896,2,1
24,84508,3,0
56,83254,4,1
20,71478,2,0
24,89694,1,0
62,126479,2,1
33,29001,0,0
21,114867,4,0
64,72590,2,1
23,126508,3,0
56,125804,2,1
30,57420,0,0
49,102182,1,1
42,62686,3,1
19,93043,2,0
63,132036,4,1
64,64318,0,1
42,70925,4,1
40,133532,1,1
65,68784,2,1
30,147079,4,1
47,27812,3,0
42,138377,4,1
18,100569,4,0
43,48583,0,0
48,95514,4,1
45,44294,1,0
46,39504,2,0
60,132318,1,1
44,28416,1,0
58,111199,3,1
65,132358,0,1
25,98546,3,0
50,137819,0,1
65,40406,0,0
56,141149,1,1
45,134895,0,1
55,110112,0,1
55,61482,2,1
18,131768,2,0
22,110679,3,0
21,31421,1,0
26,90482,3,1
60,47031,2,0
19,70183,2,0
47,85940,3,1
49,127877,0,1
23,61376,2,0
47,42580,3,0
50,41966,0,0
24,98815,4,0
45,109866,2,1
43,65096,3,1
19,89337,3,0
30,108327,4,1
56,72450,3,1
62,129616,2,1
61,39689,2,0
28,44568,0,0
40,138419,0,1
31,73286,3,1
33,137129,2,1
65,111887,3,1
36,120762,2,1
60,104929,1,1
40,30883,0,0
49,71782,0,1
45,86207,4,1
64,93805,3,1
58,86981,1,1
41,95954,0,1
53,42133,0,0
49,120281,3,1
34,91793,3,1
36,90421,3,1
56,56294,4,0
57,146701,2,1
60,113879,4,1
59,97098,4,1
31,95391,1,1
41,75676,2,1
55,102365,3,1
25,48257,4,0
27,126321,0,1
23,105168,1,0
21,116360,3,0
34,80808,2,1
25,44490,3,0
49,39671,2,0
23,99527,3,0
55,100392,1,1
31,73439,1,1
61,29924,1,0
58,35001,1,0
53,87703,2,1
31,30191,4,0
59,76552,2,1
26,92580,3,1
41,55427,1,0
39,135507,4,1
29,80512,1,1
21,42793,2,0
61,61276,2,1
49,58237,3,0
50,41238,0,0
29,98207,1,1
43,102449,2,1
30,63061,4,1
25,84252,1,0
54,46653,1,0
26,100891,1,1
23,82736,3,0
50,81557,4,1
18,128968,1,0
54,110330,4,1
61,119531,3,1
41,134641,0,1
38,67684,3,1
62,111529,3,1
64,88244,2,1
23,85120,4,0
31,34720,1,0
60,64487,1,1
37,108982,4,1
31,70841,1,1
50,146240,0,1
22,115431,4,0
49,71100,0,1
55,43444,3,0
28,31575,2,0
35,92576,0,1
64,128182,1,1
42,102532,4,1
46,109364,4,1
44,49438,2,0
34,50831,1,0
54,38162,3,0
52,74488,3,1
18,130720,2,0
52,66343,4,1
19,77394,2,0
35,54862,2,0
59,145044,4,1
35,130102,0,1
21,128002,0,0
19,64300,1,0
49,127173,2,1
48,59136,2,0
30,70718,4,1
55,44694,0,0
18,38999,2,0
22,91182,2,0
58,105603,3,1
57,142132,2,1
59,39892,1,0
27,124963,2,1
33,73458,3,1
38,52543,2,0
37,129408,2,1
58,35166,0,0
23,67591,3,0
20,137078,1,0
37,85038,4,1
43,31974,0,0
44,62524,1,1
42,49559,4,0
39,144090,4,1
36,79555,1,1
18,144541,1,0
25,133859,1,0
39,117936,4,1
42,106655,1,1
27,111980,1,1
54,62288,0,1
49,134646,0,1
46,57259,4,0
32,61201,3,1
42,144677,0,1
57,146361,4,1
34,86903,0,1
64,111768,0,1
44,31648,1,0
54,93876,0,1
21,82867,2,0
40,39202,3,0
30,69210,1,1
22,59047,0,0
65,48241,0,0
28,46686,4,0
58,38984,3,0
39,77344,0,1
42,92449,0,1
56,69228,3,1
34,112091,0,1
51,120935,4,1
35,40970,1,0
31,113357,1,1
45,76388,4,1
64,130331,0,1
26,92880,4,1
56,129873,0,1
39,143592,3,1
62,124485,4,1
53,40279,3,0
59,105297,0,1
60,73917,3,1
53,47339,2,0
21,117260,4,0
29,121695,4,1
55,48367,1,0
23,131750,2,0
25,109295,0,0
59,62111,1,1
54,101401,2,1
35,91031,0,1
36,39438,4,0
18,123445,0,0
31,131898,2,1
41,115881,3,1
54,101163,1,1
55,40859,4,0
28,79026,4,1
27,25749,0,0
28,132582,0,1
24,84011,4,0
20,44942,0,0
57,143249,2,1
59,64678,4,1
45,106037,2,1
50,93232,3,1
43,72708,2,1
37,96271,0,1
62,96101,1,1
47,49460,2,0
25,57413,3,0
47,141249,4,1
56,149734,0,1
44,65916,4,1
62,108789,2,1
25,144125,4,0
30,129319,1,1
64,39900,2,0
59,28334,0,0
24,49993,0,0
51,66241,1,1
31,38414,4,0
43,133635,2,1
28,141288,1,1
36,48990,2,0
34,147432,0,1
64,41434,1,0
64,139915,4,1
43,47826,3,0
48,134265,0,1
58,56810,1,0
18,43276,4,0
33,147852,4,1
28,56685,2,0
45,82804,0,1
46,87139,3,1
19,65755,1,0
57,145417,1,1
59,108162,2,1
52,89683,3,1
63,76791,3,1
37,31790,2,0
62,139886,3,1
49,138148,1,1
22,30205,3,0
59,69307,1,1
36,135472,0,1
19,56601,1,0
62,29691,4,0
22,27447,2,0
63,138107,3,1
27,62179,3,1
26,70175,4,1
29,81657,4,1
36,141046,0,1
45,122640,2,1
55,112937,1,1
55,48315,3,0
45,123625,1,1
55,97208,4,1
62,49285,1,0
53,111188,0,1
53,47185,2,0
54,49998,3,0
59,50127,1,0
47,96995,3,1
51,27797,3,0
65,145404,0,1
35,48677,1,0
40,143461,3,1
59,55275,0,0
51,105503,2,1
41,100866,1,1
22,132560,0,0
64,80886,2,1
55,49521,0,0
59,50056,4,0
33,65954,3,1
64,32474,4,0
18,131836,3,0
59,25432,3,0
48,74146,0,1
64,98215,2,1
37,99231,4,1
60,100742,2,1
57,128857,3,1
30,127529,4,1
47,74530,2,1
44,117320,3,1
26,125754,0,1
33,96674,0,1
38,144531,2,1
40,34562,2,0
34,97410,4,1
65,72054,4,1
65,47454,1,0
41,101375,4,1
39,38214,1,0
30,117796,0,1
65,67913,2,1
22,71008,4,0
24,101262,3,0
31,111435,4,1
25,145680,0,0
19,103204,3,0
49,65451,4,1
24,113149,1,0
45,55065,3,0
40,121224,2,1
18,148572,4,0
64,28989,4,0
22,89387,1,0
49,140723,1,1
27,56097,4,0
26,80025,3,1
50,128133,3,1
20,117978,1,0
61,47608,1,0
58,133204,2,1
25,43340,2,0
23,82848,0,0
51,131955,2,1
59,120090,2,1
32,71308,4,1
61,83080,4,1
26,132623,0,1
22,143378,1,0
46,123199,4,1
55,80458,1,1
49,141804,1,1
22,36492,4,0
56,135265,1,1
33,38782,0,0
52,91043,3,1
28,56553,0,0
45,120945,4,1
55,141473,4,1
61,133858,0,1
19,55785,2,0
24,91772,0,0
33,117403,3,1
37,96714,4,1
63,37147,0,0
20,41906,0,0
50,45062,4,0
22,117592,4,0
19,96299,0,0
46,30969,1,0
51,59313,3,0
22,80654,2,0
48,94855,3,1
59,128879,1,1
29,124547,0,1
36,99432,2,1
54,87684,0,1
31,112128,1,1
19,61713,1,0
59,65814,3,1
34,52924,1,0
37,65034,1,1
24,30686,3,0
41,33695,0,0
19,63565,3,0
18,33603,0,0
58,63311,0,1
30,40985,1,0
39,73023,4,1
65,84665,2,1
37,42453,0,0
64,86912,1,1
61,114254,1,1
61,55411,2,0
40,80477,3,1
26,111105,0,1
49,74515,0,1
63,93515,2,1
53,148331,2,1
53,90118,2,1
47,89370,3,1
48,121410,3,1
41,138346,0,1
31,90549,3,1
47,111020,0,1
26,128525,1,1
56,95391,0,1
52,100203,1,1
57,84830,1,1
20,61403,2,0
48,54468,0,0
35,72349,0,1
55,58149,4,0
39,121896,2,1
44,146817,2,1
23,109567,3,0
64,54274,4,0
25,95588,2,0
61,29013,3,0
55,111156,3,1
37,120409,0,1
33,107100,0,1
40,139867,3,1
38,91846,4,1
57,50258,2,0
24,125562,2,0
58,67636,1,1
60,76288,1,1
20,72408,4,0
37,103767,1,1
33,101484,1,1
46,35636,2,0
38,57985,0,0
44,54871,2,0
38,136075,3,1
47,26105,1,0
21,121846,3,0
58,34791,4,0
30,85114,2,1
60,61582,1,1
21,115018,4,0
40,114448,4,1
64,69115,1,1
61,66891,4,1
36,147810,0,1
46,124463,2,1
63,102788,3,1
47,86339,2,1
51,95522,2,1
28,109455,1,1
24,124914,0,0
65,30072,3,0
26,114015,0,1
35,27839,2,0
37,89813,0,1
25,127536,1,0
36,77760,0,1
62,83142,4,1
60,89458,2,1
62,27047,4,0
24,148549,0,0
62,65714,2,1
45,78589,3,1
23,93395,3,0
34,149654,4,1
27,81807,1,1
36,64402,3,1
21,116187,4,0
54,96907,3,1
48,35769,0,0
19,40397,2,0
47,86105,0,1
32,56744,1,0
38,85718,0,1
62,62390,4,1
32,128000,0,1
47,57017,1,0
37,135114,3,1
60,80462,2,1
54,105421,3,1
60,141934,4,1
56,131336,0,1
31,108766,0,1
34,129607,1,1
50,38251,3,0
46,106831,2,1
65,90563,2,1
54,43708,4,0
43,135294,2,1
28,62175,3,1
19,62029,2,0
25,38799,1,0
21,37221,2,0
45,125637,4,1
33,42812,1,0
23,131701,4,0
40,115353,3,1
41,37700,2,0
25,46764,3,0
41,102945,0,1
48,32453,0,0
33,60550,1,1
47,60495,1,1
64,135477,1,1
40,141431,3,1
61,86472,4,1
19,131498,4,0
31,74799,1,1
38,36981,1,0
31,41183,0,0
39,58794,0,0
58,33711,0,0
55,134571,0,1
58,43023,0,0
42,26517,3,0
24,57485,3,0
59,101422,1,1
21,127768,0,0
41,139182,1,1
29,34881,4,0
34,46489,3,0
46,110719,1,1
65,123844,4,1
30,98470,4,1
60,42837,4,0
45,40718,0,0
44,39243,4,0
60,125197,2,1
54,118771,2,1
37,60407,1,1
44,128822,0,1
52,61072,4,1
38,52479,3,0
38,95164,1,1
43,94463,1,1
64,109037,2,1
41,32867,2,0
24,60351,2,0
55,132089,4,1
20,48982,1,0
26,50539,4,0
53,73554,2,1
32,133196,4,1
50,32335,1,0
60,121575,4,1
59,47465,2,0
51,28966,4,0
19,146380,3,0
38,30973,3,0
63,112248,2,1
23,101796,3,0
31,72279,4,1
36,144546,1,1
40,48702,4,0
63,116911,3,1
49,89049,3,1
34,62391,4,1
54,76186,4,1
55,57149,0,0
37,80985,4,1
21,31397,3,0
18,75663,2,0
52,139529,2,1
26,76140,4,1
52,81936,1,1
65,113027,3,1
41,130673,4,1
31,90121,3,1
55,54867,2,0
40,143385,4,1
59,130442,3,1
19,101390,0,0
26,40896,0,0
34,28192,3,0
28,137683,4,1
34,131145,4,1
64,50967,2,0
45,30704,0,0
45,32922,2,0
57,136992,1,1
27,135416,4,1
47,29073,3,0
54,43785,3,0
26,72260,0,1
63,87511,4,1
30,41302,3,0
21,53522,1,0
41,32696,1,0
65,114181,2,1
37,57312,2,0
50,147476,2,1
34,149221,4,1
27,85283,2,1
54,71856,1,1
61,146195,1,1
45,36902,3,0
55,144318,4,1
54,79282,4,1
39,146432,4,1
56,116573,4,1
63,106681,4,1
47,121081,2,1
25,47714,3,0
64,50302,0,0
49,118012,4,1
61,120404,1,1
46,120597,0,1
51,54960,1,0
27,147129,4,1
19,46155,1,0
56,52350,3,0
60,144829,1,1
48,75785,0,1
47,78563,4,1
63,28984,4,0
20,61459,3,0
39,112002,4,1
24,35586,1,0
53,74515,1,1
50,35414,0,0
19,70903,0,0
26,117713,1,1
52,119169,2,1
28,29962,3,0
59,63266,4,1
55,71728,1,1
51,119131,1,1
46,127215,3,1
49,88113,4,1
29,52037,2,0
31,66726,4,1
31,144361,1,1
58,140375,3,1
30,120867,1,1
63,82732,2,1
31,104680,3,1
65,100820,1,1
23,133117,4,0
25,30382,0,0
26,74722,0,1
49,82805,1,1
22,58745,1,0
58,107135,4,1
62,93409,3,1
54,112357,3,1
39,53387,3,0
22,72342,4,0
48,57587,0,0
19,71674,1,0
18,98441,2,0
53,50499,0,0
53,84398,1,1
19,112197,2,0
41,31781,3,0
57,52471,1,0
47,83889,1,1
24,42062,2,0
48,50266,4,0
23,122265,4,0
51,69549,0,1
28,114700,3,1
60,144596,4,1
56,108742,0,1
51,44579,3,0
52,118871,0,1
18,104625,0,0
48,44758,1,0
19,98501,3,0
23,139217,1,0
25,93478,2,0
35,70504,1,1
33,103146,4,1
54,79201,0,1
26,55746,1,0
22,131543,4,0
57,143873,2,1
51,119579,3,1
40,40071,3,0
41,83389,2,1
19,50913,1,0
30,26803,2,0
51,95572,0,1
45,138210,0,1
56,62094,0,1
47,69069,0,1
28,129240,4,1
25,149101,1,0
19,31170,3,0
50,106955,2,1
45,89700,4,1
51,116837,3,1
38,69652,2,1
39,149451,0,1
55,69404,2,1
24,64801,4,0
20,63885,2,0
46,48065,1,0
43,79041,2,1
36,113756,3,1
26,83368,1,1
50,81262,4,1
24,95802,0,0
36,125554,1,1
20,65431,1,0
59,97540,4,1
60,67461,0,1
61,115279,4,1
43,44167,0,0
49,139916,3,1
34,111821,1,1
36,104268,1,1
54,143522,4,1
24,80803,3,0
46,58608,0,0
46,97864,2,1
61,139951,3,1
54,91944,4,1
52,66243,3,1
35,106342,0,1
23,32156,3,0
59,131305,3,1
47,109031,1,1
45,62971,0,1
50,83667,2,1
33,110605,2,1
46,95513,2,1
38,53393,3,0
48,31866,0,0
28,61534,2,1
31,140187,0,1
45,122063,4,1
40,113576,2,1
51,44296,4,0
33,147748,3,1
52,26912,4,0
46,25359,4,0
20,88238,2,0
30,75984,4,1
22,130093,2,0
46,73925,3,1
55,48387,3,0
62,143327,2,1
26,124202,0,1
32,112586,1,1
48,149889,1,1
39,126753,3,1
25,43478,4,0
42,141788,3,1
29,34485,1,0
33,25636,0,0
53,127292,4,1
47,111472,2,1
54,70734,2,1
25,73157,1,0
27,117489,4,1
29,69619,3,1
42,27584,0,0
55,95733,0,1
39,145176,3,1
52,52899,3,0
59,104396,0,1
62,51940,0,0
30,143210,4,1
22,132630,1,0
58,78170,4,1
59,49778,1,0
55,92578,4,1
45,120980,2,1
35,105810,2,1
46,138474,3,1
19,121517,3,0
20,80861,0,0
19,90368,4,0
42,38017,4,0
33,57443,3,0
20,31669,4,0
64,102496,0,1
64,138729,3,1
37,141881,4,1
30,75792,2,1
46,35806,3,0
33,91025,3,1
45,49439,0,0
40,141920,3,1
63,89198,4,1
18,121869,4,0
34,74106,2,1
45,81240,0,1
51,44561,4,0
52,119952,3,1
37,33790,4,0
28,89098,2,1
41,140655,1,1
58,33325,4,0
24,120131,2,0
50,90610,3,1
29,79822,1,1
63,58847,2,0
29,35768,1,0
26,51863,1,0
54,138969,2,1
51,142578,1,1
25,66162,2,0
19,26874,3,0
62,132767,0,1
31,137874,1,1
60,116231,0,1
36,119158,4,1
50,58890,4,0
44,84425,3,1
22,72628,4,0
25,121218,3,0
59,116190,3,1
42,25926,4,0
38,79747,2,1
55,134815,1,1
54,36078,0,0
43,114865,4,1
41,82694,3,1
49,145668,3,1
43,147187,4,1
48,119316,3,1
42,77542,4,1
48,76648,0,1
53,71240,1,1
18,90553,4,0
59,43307,2,0
45,65743,4,1
38,146447,1,1
22,89357,4,0
21,62685,2,0
57,95423,2,1
49,94365,1,1
55,98179,2,1
49,43820,3,0
41,64201,4,1
27,46838,0,0
45,35093,2,0
41,115746,0,1
44,141707,2,1
28,102976,2,1
47,127712,1,1
59,93968,3,1
61,61127,0,1
21,74794,3,0
26,65014,3,1
45,51498,2,0
20,57211,1,0
23,58678,1,0
21,50425,0,0
52,116265,1,1
54,132578,1,1
33,132583,0,1
23,39220,0,0
50,59451,0,0
43,71352,4,1
50,94701,4,1
39,93559,3,1
38,73697,1,1
62,62951,4,1
27,99647,3,1
24,70036,0,0
35,50278,3,0
56,84960,4,1
40,84614,2,1
31,66599,0,1
46,99956,2,1
30,110218,2,1
47,118404,0,1
60,56658,4,0
40,77090,3,1
57,81626,1,1
60,51651,2,0
63,130593,2,1
40,118138,2,1
45,112070,4,1
22,85814,2,0
27,67863,3,1
20,115767,0,0
56,105573,2,1
25,126569,3,0
26,59568,3,0
56,65176,3,1
44,117232,1,1
55,50680,3,0
61,147664,2,1
36,43007,3,0
51,137722,4,1
25,88602,2,0
47,50066,3,0
48,99001,2,1
21,36856,0,0
26,110849,3,1
22,104523,0,0
61,128104,2,1
38,137205,1,1
18,49624,2,0
60,84532,1,1
24,144944,1,0
25,126691,4,0
58,34860,2,0
20,108088,4,0
40,120814,3,1
28,133299,4,1
64,60476,3,1
62,48969,1,0
20,37301,3,0
39,80708,3,1
31,107859,1,1
56,52805,4,0
20,93409,1,0
36,49721,1,0
42,41806,4,0
33,113289,2,1
23,61243,0,0
33,32032,3,0
38,66073,2,1
51,134862,4,1
22,113154,4,0
28,33033,1,0
36,94365,4,1
30,123700,4,1
21,88944,4,0
41,26898,2,0
31,121665,1,1
29,92566,0,1
55,108840,2,1
56,128706,3,1
19,43312,4,0
35,25512,4,0
30,36277,0,0
57,26576,3,0
48,37608,2,0
29,55881,4,0
62,115368,1,1
26,124154,3,1
48,107522,1,1
49,82169,4,1
39,58718,3,0
43,33502,3,0
26,83171,4,1
48,149126,1,1
39,67007,4,1
53,146471,0,1
36,86361,0,1
29,144162,3,1
44,81097,0,1
39,141826,1,1
55,53463,2,0
65,139027,1,1
56,59898,1,0
47,117773,0,1
26,34040,4,0
21,147386,0,0
31,140959,4,1
32,108438,1,1
54,31624,3,0
28,86938,2,1
65,95725,2,1
59,141040,4,1
50,48715,4,0
46,87017,1,1
31,117386,2,1
22,133966,1,0
56,138360,2,1
20,53973,3,0
25,115263,2,0
25,44403,3,0
40,103571,1,1
54,116333,4,1
38,85549,0,1
36,130125,1,1
23,128516,0,0
44,148261,1,1
29,29403,3,0
59,119587,4,1
56,36644,0,0
18,118997,4,0
34,49849,3,0
34,139891,1,1
43,60002,4,1
34,52559,1,0
65,126992,2,1
44,102101,0,1
34,44314,1,0
62,124634,0,1
58,32389,3,0
58,44693,1,0
46,77163,2,1
33,66830,1,1
47,91664,0,1
58,91489,3,1
52,66891,3,1
24,32389,2,0
31,49688,2,0
41,53579,0,0
18,30714,2,0
20,142900,0,0
60,80442,1,1
58,43417,4,0
50,120798,3,1
59,87369,3,1
39,62183,3,1
41,97289,3,1
25,87840,1,0
53,111254,4,1
47,110750,0,1
33,62918,4,1
44,108587,1,1
32,49092,4,0
42,71361,3,1
51,62361,0,1
39,63887,3,1
65,51305,4,0
25,86019,4,0
49,51740,4,0
22,132167,2,0
41,39185,3,0
43,99564,3,1
40,117226,2,1
41,144684,2,1
44,67887,3,1
18,30475,1,0
63,53695,3,0
65,66258,1,1
29,99628,3,1
65,60657,2,1
34,108548,1,1
23,26140,2,0
28,49118,1,0
38,37134,4,0
39,71285,3,1
55,108086,4,1
64,50947,3,0
59,42099,1,0
49,76969,3,1
20,60784,0,0
36,43864,3,0
37,53049,0,0
29,106110,3,1
20,96450,0,0
32,128556,3,1
27,48453,2,0
53,43709,0,0
19,106255,1,0
41,108672,1,1
37,141980,1,1
56,45031,1,0
56,108618,4,1
20,36396,4,0
54,76658,1,1
53,59118,0,0
47,130547,3,1
61,109726,2,1
39,50970,2,0
21,145736,2,0
47,95581,1,1
60,111018,4,1
49,77805,3,1
61,106749,0,1
21,149634,3,0
50,45424,4,0
37,77329,3,1
43,74451,2,1
37,115155,2,1
32,81548,0,1
61,99064,4,1
31,92900,3,1
50,45810,4,0
64,27149,2,0
38,68960,2,1
29,68803,3,1
28,99824,3,1
29,74414,3,1
54,123406,1,1
31,130800,1,1
38,83710,1,1
49,57118,4,0
63,133515,3,1
52,132483,2,1
63,46711,3,0
21,120375,4,0
47,48178,1,0
61,114120,1,1
34,108628,4,1
45,79550,3,1
24,31025,4,0
24,147859,4,0
56,120534,3,1
23,96676,0,0
42,139044,2,1
43,47125,2,0
53,75608,2,1
62,93390,3,1
57,47204,4,0
34,104176,4,1
19,123816,1,0
61,147570,2,1
41,35929,2,0
45,106472,4,1
44,129857,0,1
32,112453,4,1
35,31166,2,0
52,54865,1,0
24,96363,1,0
52,28625,0,0
43,100930,1,1
35,86461,3,1
55,33928,1,0
59,134127,1,1
49,89727,2,1
33,107790,2,1
53,130782,0,1
23,126698,1,0
28,146946,0,1
22,75535,1,0
24,90689,4,0
29,29073,0,0
58,45091,1,0
55,38029,4,0
27,53344,0,0
30,56767,3,0
58,124596,1,1
61,33725,4,0
18,102810,2,0
29,35426,1,0
49,30963,1,0
33,41016,2,0
56,144949,3,1
48,49549,0,0
25,48977,2,0
40,104219,0,1
33,37803,3,0
49,108309,4,1
43,143495,2,1
62,115342,0,1
18,116639,0,0
62,38788,2,0
58,123542,0,1
47,74311,4,1
31,132587,1,1
36,136402,4,1
51,56255,4,0
31,127781,2,1
48,39907,4,0
22,65975,4,0
64,89593,4,1
45,106108,0,1
25,85974,0,0
63,115433,2,1
46,26414,1,0
48,43432,2,0
29,143766,0,1
34,31976,0,0
57,56118,2,0
18,137859,2,0
64,51490,4,0
58,118506,2,1
59,39946,1,0
31,46984,0,0
42,112302,0,1
19,74107,2,0
63,53140,1,0
34,116474,0,1
52,55596,1,0
61,121472,4,1
29,118244,3,1
42,45994,4,0
27,110923,0,1
28,36568,1,0
25,37940,3,0
47,98924,4,1
64,63028,1,1
51,143666,1,1
28,141724,3,1
49,114080,0,1
24,123212,0,0
43,83449,2,1
25,39803,3,0
47,129158,2,1
44,121581,1,1
56,25925,1,0
38,37563,4,0
30,91479,3,1
34,123829,1,1
45,82989,1,1
19,47365,1,0
20,105581,2,0
37,35966,3,0
61,130764,4,1
31,108979,0,1
36,148918,0,1
41,128801,1,1
22,104735,2,0
35,127145,0,1
21,112129,4,0
19,83636,4,0
38,25344,2,0
34,90772,4,1
28,96794,4,1
44,146777,3,1
46,33163,1,0
49,91087,4,1
45,84255,2,1
49,31489,0,0
53,110858,1,1
19,110250,3,0
43,60730,4,1
20,69530,2,0
32,67196,4,1
63,142414,0,1
23,90214,1,0
46,46888,3,0
59,102980,3,1
33,146876,1,1
53,49562,2,0
19,40440,2,0
33,42096,0,0
41,39147,0,0
28,33285,1,0
34,28629,3,0
30,136389,3,1
52,29067,0,0
57,103189,0,1
41,28862,1,0
37,30433,3,0
38,33416,0,0
61,86481,4,1
48,130116,0,1
64,36628,3,0
21,112594,3,0
35,95879,4,1
46,99283,3,1
50,97895,3,1
30,107674,0,1
28,142209,4,1
21,83698,2,0
19,65357,4,0
52,114750,0,1
33,96094,2,1
25,100700,0,0
25,38080,4,0
39,116580,3,1
49,129297,3,1
47,82537,3,1
22,101607,4,0
26,60123,2,1
43,121704,0,1
24,88430,0,0
54,45090,0,0
46,80334,4,1
39,34843,3,0
47,124402,0,1
26,140908,1,1
60,51953,2,0
18,57975,4,0
32,65020,3,1
50,139553,1,1
46,85351,1,1
38,137989,1,1
64,44499,0,0
57,145246,4,1
58,102077,1,1
52,60097,2,1
54,97827,3,1
33,72285,2,1
49,47891,3,0
28,106185,2,1
30,53175,4,0
62,86944,0,1
28,116754,4,1
19,142215,2,0
33,100409,2,1
43,112291,3,1
30,118568,2,1
51,65414,3,1
36,94955,4,1
35,42736,3,0
33,101747,2,1
32,66824,3,1
61,70456,1,1
63,56424,2,0
22,97492,2,0
44,111705,3,1
43,46760,1,0
48,57627,4,0
32,133846,1,1
37,142303,0,1
42,107676,1,1
21,136686,0,0
44,80591,1,1
33,60411,0,1
25,59315,1,0
23,74073,3,0
62,50722,4,0
62,70006,1,1
44,52758,3,0
28,129819,2,1
53,79996,1,1
31,50553,4,0
47,29214,4,0
35,59910,4,0
41,129754,0,1
65,143981,4,1
31,60506,4,1
27,36016,0,0
24,86235,4,0
34,141576,2,1
34,63407,2,1
39,87659,4,1
28,125310,0,1
58,97641,2,1
63,64227,1,1
58,125699,4,1
42,56147,2,0
25,142864,4,0
22,46157,2,0
25,41124,3,0
35,123622,3,1
59,105013,1,1
34,111589,3,1
36,48335,2,0
56,140139,2,1
46,47744,4,0
46,120478,1,1
38,53102,2,0
57,94246,3,1
41,125227,2,1
25,72203,1,0
18,33015,3,0
38,131105,0,1
34,73311,0,1
51,53867,4,0
48,140794,2,1
29,145245,1,1
21,69512,3,0
53,47480,4,0
38,122012,1,1
22,28370,2,0
23,43391,4,0
43,64303,1,1
65,87704,2,1
58,114201,3,1
28,65440,1,1
65,31218,0,0
35,107824,3,1
18,80807,3,0
65,122444,2,1
42,39972,0,0
42,131037,2,1
58,79161,1,1
65,83441,4,1
56,38426,1,0
22,93009,3,0
56,116757,0,1
42,69324,0,1
45,35161,4,0
46,35947,4,0
55,26178,0,0
24,143016,1,0
38,25291,1,0
64,50036,0,0
44,30780,0,0
34,124816,0,1
29,144323,3,1
28,98127,2,1
52,79476,2,1
32,108738,1,1
25,146307,1,0
21,97638,3,0
23,59638,2,0
53,63713,1,1
41,29808,3,0
57,76777,3,1
57,104234,3,1
50,139700,4,1
28,29249,0,0
59,33840,4,0
23,61472,4,0
26,58736,3,0
18,109100,3,0
32,135387,3,1
28,57334,2,0
45,33877,4,0
55,73262,1,1
51,117357,4,1
65,103508,2,1
35,84894,4,1
60,86674,3,1
31,142360,3,1
62,125255,2,1
50,47339,2,0
32,28763,4,0
38,90393,3,1
54,86502,2,1
59,95076,1,1
42,83140,3,1
19,86478,4,0
64,107016,0,1
20,73361,2,0
31,104330,4,1
64,113165,2,1
24,66478,0,0
35,132126,1,1
54,32297,1,0
39,130970,3,1
65,28331,1,0
51,71604,2,1
58,78715,2,1
58,75209,3,1
63,26976,2,0
44,52718,4,0
37,113671,3,1
43,27240,3,0
38,135789,0,1
28,36412,0,0
23,90589,4,0
26,76042,1,1
60,42927,3,0
37,134898,4,1
24,93995,0,0
26,137014,4,1
40,101339,4,1
21,90760,4,0
56,107995,1,1
38,78120,4,1
33,69088,1,1
35,109005,1,1
48,126303,3,1
64,148891,2,1
39,29989,3,0
64,142245,3,1
61,146442,4,1
38,85128,1,1
49,139751,4,1
53,131485,4,1
64,145649,1,1
39,34967,1,0
28,148622,4,1
65,97195,4,1
44,85026,2,1
58,31734,0,0
60,89457,4,1
28,136686,1,1
48,102199,1,1
57,60881,2,1
61,124717,3,1
38,139998,1,1
31,128093,2,1
43,90057,4,1
61,139481,2,1
54,105813,0,1
27,32893,1,0
60,92765,4,1
35,29986,3,0
18,32713,2,0
34,124563,0,1
39,99756,0,1
26,62076,1,1
44,98955,4,1
48,141515,4,1
32,134727,2,1
39,34068,1,0
61,148415,2,1
48,74167,1,1
39,46105,2,0
36,79687,0,1
37,42149,3,0
65,46964,0,0
35,32805,2,0
40,43446,0,0
43,128625,1,1
31,59532,3,0
22,34037,2,0
56,90297,2,1
49,49753,3,0
27,93325,1,1
59,75121,4,1
56,142060,1,1
60,53640,2,0
20,62598,0,0
63,105343,0,1
48,36144,3,0
21,57140,1,0
65,130300,1,1
21,91139,4,0
36,61879,0,1
51,110210,4,1
33,80002,3,1
21,112158,1,0
61,27083,2,0
30,36424,1,0
48,144353,2,1
52,31328,1,0
61,144079,0,1
20,101067,1,0
44,88638,3,1
49,148147,3,1
47,84627,1,1
44,69835,3,1
42,65783,4,1
40,64163,4,1
57,141080,0,1
31,57793,2,0
25,105397,4,0
62,57783,1,0
40,126124,0,1
24,143193,0,0
26,75045,2,1
31,100261,4,1
41,51925,1,0
21,95432,2,0
64,123449,1,1
30,115590,1,1
30,110563,0,1
31,72870,0,1
37,110829,2,1
38,69087,0,1
47,27993,1,0
42,57820,0,0
45,43168,3,0
18,75529,3,0
36,119018,0,1
38,107869,0,1
65,133121,4,1
37,131819,2,1
48,82275,1,1
24,147230,3,0
36,98726,1,1
65,58420,1,0
47,116391,2,1
47,57669,0,0
29,101432,4,1
21,82249,2,0
38,133141,3,1
28,70203,1,1
60,29401,1,0
32,122062,4,1
50,106265,1,1
47,85567,0,1
28,74052,2,1
29,95387,4,1
51,125468,2,1
56,142179,0,1
55,112804,2,1
37,133809,2,1
40,149741,0,1
42,113958,4,1
57,101333,0,1
65,117650,2,1
35,66099,3,1
60,63431,4,1
45,57954,4,0
27,56228,2,0
18,28954,4,0
22,73549,1,0
37,139428,1,1
65,93985,3,1
49,95561,4,1
39,58508,3,0
18,128214,0,0
50,102060,3,1
49,103527,4,1
20,41375,4,0
42,84169,0,1
65,147331,2,1
61,123752,1,1
45,89237,1,1
59,149918,4,1
20,122373,1,0
50,116446,0,1
21,129524,4,0
60,35055,3,0
48,143005,0,1
58,89918,1,1
35,116888,3,1
20,113201,1,0
24,79212,0,0
32,111982,4,1
18,122848,3,0
55,106013,1,1
61,122747,0,1
42,141030,4,1
40,88102,4,1
29,88936,4,1
36,109881,1,1
63,90907,1,1
26,124651,2,1
43,89210,2,1
39,145642,0,1
40,114136,0,1
45,143917,3,1
51,147622,2,1
22,70550,4,0
65,86354,0,1
62,67611,4,1
44,113780,3,1
23,137670,3,0
44,98358,2,1
37,30655,2,0
33,80125,1,1
42,57883,3,0
58,26854,4,0
54,140685,4,1
38,40652,3,0
25,138196,0,0
32,52138,2,0
39,79437,1,1
29,42262,4,0
41,147041,0,1
50,44476,4,0
43,104559,3,1
22,102785,1,0
23,149360,1,0
59,117933,3,1
54,84119,4,1
53,135035,3,1
55,88712,2,1
37,93890,3,1
54,123784,2,1
58,104497,3,1
65,50978,0,0
54,80686,1,1
21,70548,1,0
49,107178,0,1
34,117880,1,1
42,99803,1,1
29,124866,4,1
54,120915,0,1
45,57825,1,0
33,25566,0,0
26,88265,4,1
43,101861,0,1
25,88944,3,0
31,39145,2,0
23,99798,2,0
45,56944,3,0
61,110404,0,1
51,72555,4,1
32,131470,3,1
18,80058,1,0
29,50250,0,0
44,49715,4,0
44,86662,1,1
59,121587,4,1
49,84608,4,1
43,106309,4,1
28,125447,2,1
51,65552,0,1
18,129760,4,0
18,134850,0,0
31,137085,1,1
48,51638,0,0
31,123618,1,1
37,125530,2,1
29,117988,3,1
37,138360,3,1
31,123061,4,1
26,114589,1,1
39,134976,3,1
23,40195,2,0
50,115505,1,1
18,56828,2,0
18,115011,3,0
61,117218,2,1
39,91266,3,1
26,111680,0,1
53,68888,1,1
59,112113,0,1
63,38497,0,0
59,146912,1,1
50,124891,0,1
47,88494,2,1
19,131107,1,0
58,76289,3,1
42,76543,1,1
43,110318,2,1
37,87935,1,1
50,34651,1,0
28,79282,4,1
55,92557,4,1
39,26333,1,0
30,114636,3,1
57,31455,1,0
60,112034,2,1
35,29045,1,0
49,72346,1,1
40,107960,1,1
60,122290,0,1
60,51328,1,0
63,57890,4,0
26,135811,3,1
62,68256,3,1
46,133851,0,1
55,107753,4,1
21,131599,1,0
21,73385,3,0
50,84608,2,1
21,84779,0,0
26,116882,3,1
39,44891,4,0
57,63287,2,1
56,34469,2,0
40,45968,2,0
50,56189,2,0
50,142894,1,1
18,143873,0,0
38,40834,4,0
55,86185,3,1
49,79218,4,1
54,36698,1,0
43,120142,0,1
44,137344,4,1
46,79254,4,1
26,91603,1,1
26,117161,3,1
24,135058,2,0
59,67964,4,1
63,146761,2,1
60,131771,0,1
26,98757,4,1
53,137178,4,1
55,127065,4,1
30,112936,4,1
65,137508,4,1
47,87948,3,1
43,35069,1,0
52,95261,3,1
39,106963,4,1
19,126835,0,0
63,142282,2,1
23,116414,4,0
56,70439,3,1
65,83143,2,1
30,43565,1,0
54,116352,4,1
55,124171,1,1
42,130783,0,1
25,100913,4,0
23,45215,3,0
19,79403,3,0
24,98652,4,0
60,55112,3,0
20,117467,2,0
49,95111,0,1
46,42801,0,0
60,43331,0,0
32,146427,1,1
53,148183,2,1
24,148666,0,0
28,26495,2,0
57,80957,3,1
48,81178,1,1
46,46481,0,0
30,109786,3,1
32,63697,4,1
50,54332,3,0
41,80119,3,1
18,85293,0,0
55,107434,0,1
40,78166,4,1
49,130582,4,1
30,102195,3,1
49,87693,0,1
38,59162,3,0
46,51375,2,0
33,34947,3,0
34,120132,2,1
18,102377,4,0
35,80798,2,1
59,94819,3,1
65,56599,0,0
40,92827,2,1
45,94966,0,1
21,136389,1,0
39,52832,0,0
26,102305,1,1
45,134985,3,1
26,66449,4,1
49,126889,2,1
21,114970,0,0
54,67962,2,1
21,65089,0,0
23,127181,4,0
42,41010,4,0
56,128214,3,1
64,26703,0,0
19,34219,2,0
60,32287,0,0
46,52477,2,0
50,147969,4,1
34,76444,3,1
63,55381,4,0
64,90030,4,1
33,135696,3,1
54,55405,2,0
58,29251,2,0
56,61214,0,1
31,39065,2,0
51,66675,2,1
42,90249,0,1
51,53709,1,0
24,51362,0,0
40,63508,1,1
60,95983,4,1
59,128933,1,1
40,107609,0,1
24,36349,2,0
59,30485,1,0
40,103795,4,1
65,26887,2,0
36,46764,2,0
36,33264,1,0
38,99018,3,1
57,106901,2,1
20,120511,1,0
26,57362,2,0
52,118023,3,1
61,79884,3,1
42,136749,3,1
20,107936,3,0
28,135302,2,1
54,147934,4,1
22,142210,1,0
37,27188,1,0
54,105202,3,1
53,53556,2,0
47,62587,4,1
60,116713,1,1
19,94212,0,0
50,50762,3,0
33,46113,2,0
60,51807,2,0
61,132340,3,1
63,26117,1,0
42,123580,3,1
33,91820,1,1
18,86855,0,0
40,147343,4,1
53,35465,2,0
38,40364,1,0
32,133121,0,1
22,131523,3,0
50,79389,0,1
39,82372,3,1
43,135390,3,1
49,34368,2,0
26,117319,2,1
53,104531,1,1
20,139631,1,0
21,145830,1,0
51,83184,4,1
46,60365,0,1
40,90992,2,1
29,56224,0,0
31,79741,0,1
42,82397,3,1
51,88199,0,1
56,139283,1,1
35,124565,2,1
48,111820,1,1
42,67418,4,1
47,33407,1,0
43,61936,2,1
44,87472,4,1
62,72643,0,1
62,122661,4,1
38,54999,3,0
40,125337,1,1
40,83117,4,1
37,113856,2,1
52,44164,4,0
26,119411,3,1
59,135576,2,1
54,31361,0,0
51,72880,0,1
24,132339,0,0
38,121444,3,1
48,142067,1,1
32,96230,4,1
22,66912,3,0
45,62597,3,1
49,29859,4,0
21,111641,3,0
52,26211,2,0
52,51512,2,0
65,52462,0,0
55,54273,4,0
45,67416,0,1
29,124536,3,1
38,91734,3,1
21,57587,4,0
65,122720,4,1
42,51574,1,0
31,126898,2,1
54,44756,1,0
37,106745,4,1
26,61555,4,1
46,32025,4,0
22,66522,4,0
64,86670,2,1
58,42495,3,0
30,95177,2,1
18,132988,1,0
28,60303,1,1
47,36622,3,0
25,112175,2,0
65,113043,3,1
28,118750,2,1
58,74523,2,1
47,121447,4,1
48,79783,1,1
31,107915,3,1
19,52409,2,0
40,110387,4,1
48,98435,3,1
62,49303,3,0
51,37580,2,0
30,145324,0,1
57,45318,1,0
64,99961,4,1
23,126173,1,0
62,54218,1,0
50,123784,0,1
43,49304,4,0
33,114810,2,1
34,138710,0,1
50,72255,4,1
39,73241,4,1
22,135534,2,0
57,46520,4,0
52,142642,2,1
33,36211,4,0
18,31706,1,0
40,77735,1,1
19,51610,1,0
50,44747,3,0
48,50006,4,0
60,64683,2,1
18,65416,3,0
55,131604,2,1
42,72223,3,1
24,80919,2,0
55,118558,3,1
59,43255,0,0
30,44367,4,0
21,93748,3,0
29,136468,2,1
44,143911,2,1
38,75585,4,1
58,52567,4,0
46,75672,0,1
61,114139,2,1
52,47916,1,0
19,100578,1,0
41,96352,3,1
29,93244,2,1
59,108869,4,1
43,86188,1,1
43,52438,0,0
43,51523,1,0
19,136664,2,0
36,75783,0,1
24,86484,1,0
65,76659,1,1
50,125858,0,1
33,148821,1,1
62,141726,3,1
37,104778,0,1
50,133183,4,1
60,90484,4,1
54,35582,0,0
45,130776,1,1
34,136835,1,1
61,29531,1,0
24,33003,0,0
42,79008,1,1
42,81561,1,1
27,93702,4,1
41,134718,4,1
37,34485,4,0
18,94916,4,0
47,105651,3,1
27,46343,2,0
40,34955,0,0
58,25240,2,0
37,94081,3,1
23,29769,3,0
64,126467,3,1
65,30735,0,0
29,138548,3,1
18,63822,3,0
55,27305,0,0
46,59320,2,0
60,68974,1,1
50,133699,2,1
24,144146,3,0
26,143164,4,1
35,34514,0,0
44,75968,3,1
52,96348,4,1
38,86687,1,1
27,144167,0,1
45,70763,0,1
29,144429,4,1
27,142559,1,1
51,100004,1,1
40,59875,4,0
18,85413,0,0
22,109179,0,0
61,85824,1,1
57,92608,4,1
19,47142,1,0
60,111347,0,1
40,108714,0,1
45,81848,3,1
24,58106,2,0
39,55668,1,0
60,51109,0,0
49,125133,0,1
34,84648,2,1
38,71770,4,1
65,131217,0,1
28,98781,2,1
62,46736,4,0
55,48301,1,0
18,132569,1,0
50,113011,2,1
22,71732,1,0
21,91717,2,0
61,71427,1,1
25,135722,3,0
43,96767,0,1
25,131869,1,0
44,104597,3,1
28,68799,0,1
38,124515,0,1
48,121556,1,1
63,42808,4,0
65,145329,2,1
22,55367,2,0
36,56275,0,0
33,132260,1,1
41,31006,1,0
49,57846,2,0
43,131703,1,1
33,98551,1,1
50,61924,4,1
21,124442,1,0
48,109195,3,1
40,58671,1,0
56,101550,2,1
35,45232,2,0
40,121649,2,1
19,50044,1,0
19,93516,3,0
58,58378,0,0
36,97957,3,1
59,57216,1,0
55,110046,0,1
50,66854,0,1
39,32500,4,0
60,91998,3,1
60,38868,4,0
55,28634,4,0
25,98019,1,0
31,86161,3,1
28,38732,0,0
57,31813,3,0
34,62871,4,1
48,100024,1,1
54,39053,0,0
48,41367,3,0
34,136949,0,1
19,51268,4,0
40,76705,2,1
61,141610,2,1
62,61312,2,1
43,68195,3,1
31,87765,4,1
35,103495,3,1
43,74419,0,1
46,42707,1,0
43,74603,0,1
36,136568,3,1
34,38570,1,0
18,98181,0,0
52,25206,1,0
45,92732,2,1
31,90676,1,1
40,135125,1,1
52,113916,2,1
58,61967,0,1
37,53304,2,0
33,126412,4,1
25,77711,0,0
26,76894,2,1
63,68071,3,1
46,73951,1,1
62,145328,3,1
44,98484,4,1
53,147594,0,1
31,112351,0,1
45,50729,3,0
48,93582,0,1
47,66300,1,1
34,134343,2,1
22,57570,4,0
33,88895,3,1
35,45543,2,0
50,55151,2,0
32,26497,1,0
57,124991,4,1
33,103566,4,1
26,122058,3,1
20,93408,2,0
40,49668,1,0
56,130617,2,1
47,140299,1,1
36,117381,0,1
23,36021,4,0
57,131126,2,1
49,134545,4,1
47,68128,4,1
64,89152,1,1
61,138957,3,1
47,29841,4,0
55,149880,2,1
20,100487,3,0
47,94993,0,1
56,65636,4,1
42,137746,4,1
54,87819,3,1
32,104901,3,1
24,127209,0,0
60,51289,4,0
19,69973,3,0
31,144082,3,1
52,143481,2,1
24,145915,0,0
51,138408,0,1
36,131215,0,1
63,113398,3,1
38,81271,2,1
58,61426,1,1
20,87102,1,0
24,142682,2,0
60,128939,2,1
47,111737,3,1
22,113792,3,0
54,102095,0,1
42,66979,2,1
47,48729,1,0
44,57407,4,0
22,40560,0,0
34,95520,4,1
46,97867,3,1
46,147296,0,1
27,75467,4,1
48,115995,1,1
53,134040,0,1
53,43818,2,0
25,46790,3,0
53,106761,2,1
50,73107,1,1
34,100687,2,1
22,106857,3,0
19,108646,2,0
36,38096,4,0
61,98434,4,1
41,50336,3,0
63,54741,0,0
63,129176,4,1
31,84733,3,1
31,41250,2,0
38,73288,2,1
43,89752,0,1
49,132686,0,1
45,123484,2,1
34,58458,2,0
63,145843,0,1
35,123269,4,1
18,25626,0,0
65,121237,4,1
20,127805,3,0
41,78778,0,1
27,56253,0,0
21,120234,3,0
37,126646,0,1
46,125759,2,1
49,45828,2,0
44,93688,1,1
29,121072,2,1
50,111733,4,1
65,128812,4,1
27,84434,1,1
65,60045,4,1
55,118216,3,1
54,132850,2,1
27,142457,4,1
25,129459,2,0
48,115394,1,1
44,78459,4,1
35,83373,4,1
50,143139,3,1
53,117044,1,1
60,88480,0,1
21,135035,4,0
30,101935,1,1
40,109876,2,1
21,129345,3,0
62,130720,3,1
47,40777,2,0
38,50564,3,0
18,125643,0,0
48,62942,1,1
62,27624,4,0
21,146205,1,0
40,74416,0,1
20,63471,0,0
30,143014,0,1
44,114401,3,1
49,85928,4,1
27,87953,0,1
46,39483,1,0
46,100452,3,1
24,82550,3,0
31,122162,4,1
18,78796,4,0
29,116265,3,1
28,99641,2,1
19,115119,4,0
31,92072,2,1
58,38197,3,0
64,78372,3,1
43,42759,1,0
46,29541,1,0
65,70579,4,1
33,149617,0,1
43,108931,1,1
54,33748,4,0
50,65498,3,1
35,141102,3,1
26,68969,3,1
21,133286,4,0
42,130761,3,1
50,45653,0,0
61,51760,3,0
57,27810,3,0
62,144019,0,1
38,118064,4,1
20,111916,1,0
43,144313,0,1
33,58733,0,0
62,106766,3,1
32,37267,1,0
27,128935,0,1
63,81617,3,1
46,82072,3,1
38,62550,0,1
38,55711,1,0
35,45548,0,0
62,138041,3,1
54,61377,1,1
39,54316,1,0
50,122702,3,1
22,86126,2,0
60,26576,4,0
53,141584,0,1
33,93064,0,1
39,84386,1,1
29,40170,1,0
42,126681,3,1
53,124248,2,1
42,63877,4,1
39,134072,4,1
26,78577,0,1
38,40616,0,0
46,26459,4,0
60,72893,3,1
18,72732,1,0
57,149029,4,1
20,98679,3,0
52,89580,4,1
36,37138,1,0
30,70045,2,1
55,134755,2,1
55,81887,1,1
38,98572,3,1
56,44722,3,0
33,66109,3,1
19,29586,3,0
59,49521,4,0
60,70329,0,1
41,36454,3,0
55,139367,3,1
62,149796,4,1
22,138508,2,0
30,87209,2,1
34,102065,4,1
31,33770,1,0
47,130200,1,1
35,125300,4,1
39,94462,0,1
60,33668,2,0
49,80457,1,1
25,50868,4,0
44,125046,0,1
43,61337,3,1
22,66922,1,0
62,130451,3,1
39,57540,1,0
27,41712,4,0
46,30128,2,0
24,25316,0,0
35,94209,0,1
28,101396,3,1
22,105664,2,0
52,60713,0,1
53,103786,4,1
33,83646,4,1
53,112297,0,1
26,142210,3,1
50,39413,3,0
56,57733,0,0
64,26861,2,0
19,67418,2,0
52,130700,2,1
56,139376,0,1
39,136773,2,1
20,96631,0,0
35,27107,1,0
31,62043,0,1
39,29368,2,0
65,39720,0,0
39,74368,1,1
39,109092,2,1
64,132951,3,1
55,102371,0,1
58,49166,0,0
33,33976,0,0
44,116967,3,1
54,64775,3,1
19,141615,1,0
58,34841,1,0
36,143714,3,1
46,133718,3,1
34,43898,2,0
25,44533,4,0
54,93640,1,1
43,126885,1,1
21,84904,4,0
57,91748,2,1
34,101649,4,1
56,34810,1,0
42,25589,2,0
27,25063,1,0
32,35359,4,0
65,81719,4,1
44,115026,4,1
49,118773,0,1
44,76215,4,1
49,136492,2,1
58,37655,1,0
19,62409,2,0
57,70267,0,1
37,55817,2,0
54,113527,3,1
36,110097,0,1
43,60477,4,1
20,94253,3,0
27,139771,2,1
38,49907,1,0
26,136020,1,1
19,86835,1,0
35,142092,2,1
49,75534,4,1
24,145173,1,0
44,37941,1,0
60,138561,2,1
41,131790,4,1
49,57937,4,0
52,77017,0,1
50,122762,0,1
62,67324,2,1
30,100577,1,1
37,140934,0,1
51,53737,4,0
35,108032,4,1
27,113516,3,1
50,94520,4,1
54,96529,2,1
25,102268,1,0
18,81802,2,0
42,73875,3,1
57,50709,1,0
41,112071,2,1
44,131199,1,1
47,82093,1,1
26,56456,3,0
52,55927,0,0
29,86605,4,1
32,143721,4,1
25,94785,1,0
57,121931,2,1
63,123643,4,1
39,108201,3,1
53,132635,0,1
28,143631,1,1
50,27326,0,0
47,90160,0,1
61,28504,3,0
26,98928,4,1
41,138711,0,1
26,123159,3,1
60,124405,2,1
36,60056,3,1
32,126835,4,1
60,52990,4,0
24,140371,4,0
62,57336,2,0
22,29017,1,0
29,149489,1,1
65,116779,0,1
51,81516,3,1
47,137295,2,1
58,31545,3,0
45,108850,3,1
65,58686,3,0
48,109659,1,1
21,118379,0,0
23,111752,0,0
36,25201,2,0
32,91754,4,1
33,122213,3,1
53,47730,3,0
19,128855,0,0
59,96599,3,1
48,118266,3,1
57,123688,4,1
59,54057,1,0
65,147214,4,1
27,42465,4,0
31,102525,1,1
57,41996,1,0
34,41796,4,0
49,87507,3,1
29,84767,3,1
34,72462,3,1
61,69443,0,1
28,38978,2,0
51,139984,4,1
29,37220,0,0
36,93987,4,1
45,29567,1,0
63,74605,1,1
51,55184,2,0
43,118258,2,1
49,96043,2,1
37,48114,0,0
65,129309,4,1
47,68414,2,1
53,57320,4,0
60,90925,2,1
37,83598,3,1
21,140403,3,0
54,116955,1,1
61,102298,1,1
51,69608,1,1
26,109569,0,1
27,147383,4,1
37,78385,0,1
44,118413,3,1
55,149551,4,1
44,122796,3,1
59,84278,2,1
60,128954,0,1
51,124839,2,1
51,128205,3,1
31,119054,3,1
65,145521,0,1
32,138997,2,1
38,106054,4,1
58,67995,2,1
26,117309,0,1
25,118368,2,0
39,123084,3,1
29,55101,4,0
58,31771,0,0
57,61802,3,1
31,89792,3,1
54,80380,1,1
43,113432,1,1
50,144966,2,1
42,140781,4,1
36,125373,2,1
57,140062,3,1
61,85917,2,1
23,117798,3,0
53,107187,1,1
26,27664,0,0
53,119122,0,1
19,128415,0,0
24,122301,4,0
29,91140,3,1
60,79554,2,1
21,76788,1,0
38,36246,4,0
49,67383,2,1
39,39113,4,0
55,125560,0,1
54,116656,3,1
46,37865,0,0
60,92010,0,1
18,118476,4,0
58,148216,4,1
50,116047,3,1
29,60769,1,1
60,47871,3,0
61,142939,4,1
64,115736,2,1
43,80514,4,1
63,111406,1,1
57,63982,2,1
30,136867,0,1
40,40068,3,0
25,101850,3,0
27,122378,4,1
22,48598,1,0
34,51957,1,0
38,55410,3,0
47,73908,3,1
61,88446,3,1
46,52875,4,0
64,128155,1,1
42,129748,4,1
52,136962,3,1
38,31303,1,0
60,34122,0,0
37,117911,2,1
46,103546,0,1
34,25132,3,0
48,34832,1,0
50,28911,3,0
23,148256,2,0
56,29617,3,0
34,76685,3,1
63,79041,2,1
49,134120,4,1
48,44865,0,0
47,40690,1,0
36,125669,1,1
41,76124,3,1
50,111040,1,1
65,31608,1,0
27,70647,1,1
42,146927,2,1
41,118733,1,1
41,67719,2,1
46,120374,3,1
49,52116,4,0
64,26378,3,0
53,124519,0,1
65,32259,3,0
29,93497,1,1
59,103038,4,1
47,135249,3,1
35,149162,3,1
65,113923,0,1
29,114111,3,1
23,59119,2,0
62,108756,2,1
31,111017,3,1
60,147163,1,1
24,126048,2,0
43,48075,3,0
39,76703,4,1
34,54224,2,0
20,101423,4,0
22,107516,2,0
39,76543,3,1
31,27163,0,0
59,76624,1,1
42,44017,0,0
21,72015,0,0
42,58944,0,0
46,91901,3,1
65,131144,0,1
37,135005,2,1
24,36849,1,0
65,110725,4,1
30,139510,3,1
65,107810,1,1
56,79475,4,1
28,88272,1,1
56,66537,2,1
65,96319,3,1
46,85399,3,1
62,33020,4,0
41,64085,2,1
55,101647,0,1
48,36687,1,0
62,102046,2,1
42,104820,2,1
24,67684,4,0
63,96970,1,1
48,26240,0,0
60,41684,2,0
33,53428,0,0
31,41867,3,0
50,99963,1,1
48,131872,4,1
44,27583,1,0
22,57730,3,0
52,135664,2,1
36,34927,4,0
49,88180,0,1
62,42748,2,0
22,93983,4,0
29,116800,4,1
22,119690,2,0
40,129398,3,1
23,86986,3,0
60,143907,4,1
39,98134,2,1
28,45334,1,0
62,73313,4,1
26,115544,2,1
38,97924,3,1
60,28385,3,0
30,25752,1,0
27,96688,1,1
56,146685,1,1
33,71768,1,1
52,136917,3,1
51,105277,3,1
24,74094,1,0
40,130228,2,1
59,78731,4,1
49,148629,1,1
44,93976,4,1
65,90383,4,1
44,61304,4,1
38,29433,3,0
61,44777,2,0
33,38462,0,0
25,97171,4,0
64,114691,0,1
51,96608,0,1
52,87938,4,1
43,121997,4,1
40,123325,0,1
65,113820,4,1
52,39563,0,0
38,94439,0,1
24,25197,2,0
59,97883,3,1
49,102927,3,1
34,58244,3,0
45,35404,2,0
31,83528,2,1
64,96834,3,1
42,50409,3,0
58,63755,3,1
39,56750,1,0
32,64367,3,1
46,61241,2,1
44,54998,1,0
48,100649,1,1
27,128968,3,1
28,90797,0,1
57,146224,0,1
40,25067,1,0
31,88559,4,1
31,97012,3,1
33,62787,4,1
21,67353,1,0
25,103680,4,0
18,66876,0,0
34,87028,1,1
44,28463,2,0
48,138285,2,1
45,46475,2,0
22,60347,4,0
55,88807,3,1
33,78698,3,1
19,99991,2,0
65,147657,4,1
55,40053,2,0
53,37207,3,0
37,88529,1,1
42,82126,4,1
31,105477,3,1
59,94300,2,1
40,93678,3,1
37,91317,2,1
61,114125,4,1
59,139306,4,1
46,40265,1,0
25,129829,2,0
52,58182,4,0
34,128893,2,1
42,33456,3,0
33,135658,2,1
38,48735,4,0
48,57895,3,0
48,88356,4,1
33,82486,1,1
23,43560,1,0
50,60935,2,1
47,83245,4,1
42,143287,0,1
57,35667,2,0
54,134131,2,1
48,68530,4,1
49,102676,2,1
32,41624,1,0
56,30307,0,0
21,67426,2,0
18,66902,4,0
40,121919,0,1
46,55161,3,0
38,97158,4,1
36,29248,4,0
64,99353,0,1
54,54375,4,0
37,146314,1,1
36,78575,1,1
60,121912,3,1
24,42659,1,0
57,55709,1,0
21,126551,3,0
39,56030,1,0
41,139987,1,1
63,73290,2,1
48,66126,2,1
60,96001,0,1
54,76898,1,1
50,49366,0,0
56,77866,0,1
51,89236,2,1
49,125126,4,1
58,86694,2,1
59,137664,2,1
27,127009,3,1
30,85957,3,1
33,31213,2,0
48,84723,1,1
55,109046,2,1
64,57408,3,0
42,78990,0,1
54,90472,2,1
49,90961,4,1
39,26459,0,0
61,109225,4,1
35,72683,0,1
46,117308,1,1
56,77393,1,1
57,142272,0,1
61,35707,0,0
46,105236,1,1
63,48850,1,0
43,71621,1,1
46,92737,1,1
40,62964,3,1
33,27057,4,0
57,64883,0,1
65,71036,3,1
49,40868,0,0
47,82943,4,1
31,101553,2,1
64,148942,3,1
28,61432,4,1
53,36869,2,0
53,85339,0,1
50,112982,2,1
37,25936,3,0
39,118302,4,1
30,115529,2,1
18,72784,1,0
65,76364,4,1
57,107137,3,1
27,82328,2,1
31,139088,2,1
41,29356,3,0
65,116516,0,1
40,35757,1,0
20,78575,2,0
44,83777,1,1
22,127168,1,0
52,38992,4,0
42,96763,1,1
53,83969,0,1
29,88373,2,1
39,54411,3,0
54,140005,2,1
27,39632,4,0
64,100170,1,1
37,36071,1,0
48,38556,3,0
33,25330,3,0
62,50194,2,0
20,133642,2,0
41,94559,1,1
20,78476,2,0
34,114583,2,1
31,137768,3,1
51,146748,0,1
45,83070,1,1
30,95219,3,1
45,69036,3,1
20,147461,3,0
48,88012,4,1
40,98940,4,1
46,127847,1,1
65,144801,4,1
36,38170,0,0
38,148658,3,1
48,142991,1,1
40,26564,4,0
20,48440,4,0
62,133144,2,1
59,105589,2,1
53,33479,0,0
58,95854,4,1
38,94284,3,1
27,52686,4,0
49,91040,4,1
41,127784,3,1
58,44526,0,0
51,27789,1,0
36,148364,0,1
19,128936,4,0
23,73476,0,0
47,121356,4,1
55,57072,0,0
43,74673,0,1
51,112964,0,1
45,125470,0,1
23,69993,4,0
58,75122,3,1
23,55272,4,0
19,117357,4,0
46,111974,4,1
20,30517,0,0
37,69002,2,1
37,29445,2,0
55,43058,1,0
58,87594,0,1
43,139575,2,1
57,114361,0,1
59,75387,4,1
56,128498,4,1
57,56718,4,0
45,110082,4,1
65,116227,2,1
20,145627,1,0
59,76608,1,1
53,53512,3,0
36,88863,1,1
28,64898,4,1
38,126084,2,1
65,37750,3,0
20,93678,1,0
33,70806,0,1
36,139187,1,1
34,60670,2,1
58,133763,3,1
43,117058,1,1
60,104622,0,1
20,120634,0,0
34,71788,1,1
55,143906,2,1
19,60812,2,0
52,129730,3,1
49,107833,1,1
38,38695,4,0
18,115102,2,0
42,39351,3,0
21,99007,2,0
50,148892,3,1
31,34635,3,0
18,149834,2,0
50,40165,3,0
44,94901,2,1
24,54213,0,0
32,137450,2,1
36,74771,2,1
24,114045,1,0
53,37573,4,0
21,38257,3,0
34,67665,4,1
44,75469,1,1
41,82565,1,1
25,45288,4,0
32,80273,0,1
26,82851,3,1
55,90611,3,1
43,47572,1,0
55,71485,3,1
65,108738,2,1
37,89000,4,1
41,29866,2,0
21,107689,2,0
59,91271,2,1
46,40693,3,0
32,110462,1,1
23,124410,4,0
49,37327,3,0
20,142152,4,0
29,75155,0,1
34,134350,4,1
46,36477,3,0
39,29835,4,0
34,125409,0,1
41,49294,3,0
34,62215,4,1
61,111454,2,1
65,107951,1,1
56,143348,3,1
65,103127,4,1
64,73380,4,1
23,111489,2,0
25,134474,1,0
64,132190,3,1
53,30837,4,0
56,91320,3,1
45,42699,0,0
56,49818,2,0
30,83227,1,1
56,76403,4,1
65,46598,4,0
29,132053,3,1
60,79643,0,1
63,130073,3,1
36,111493,0,1
37,82220,4,1
35,25445,1,0
45,115936,0,1
30,71177,1,1
36,45305,4,0
40,69759,3,1
23,98005,1,0
27,132119,3,1
64,44980,0,0
31,94908,4,1
25,138126,4,0
40,34488,0,0
54,112426,4,1
35,146861,1,1
58,72451,1,1
48,69468,0,1
41,77686,2,1
50,108704,0,1
50,143585,4,1
59,139925,2,1
29,116373,0,1
46,45493,3,0
22,44830,3,0
30,51938,4,0
20,115736,1,0
60,106042,1,1
49,94402,0,1
64,127631,1,1
27,78308,3,1
28,84153,1,1
33,45270,3,0
26,83828,3,1
64,81301,3,1
36,81939,2,1
39,144474,2,1
50,137711,0,1
55,108172,4,1
42,95441,3,1
58,117586,3,1
36,101489,1,1
54,62949,4,1
56,105029,1,1
22,51378,3,0
49,70426,3,1
28,138551,3,1
44,91143,4,1
63,131821,2,1
18,144252,4,0
32,77997,3,1
46,109694,2,1
31,125041,1,1
20,50085,0,0
43,41179,1,0
24,88394,3,0
56,26941,4,0
33,64637,0,1
31,97689,2,1
32,49826,1,0
24,110745,4,0
60,148390,0,1
50,27060,0,0
43,77797,4,1
52,132191,0,1
28,57706,3,0
26,95483,0,1
25,139203,2,0
32,90632,2,1
62,121679,2,1
59,139472,4,1
30,34432,0,0
40,61179,1,1
54,88442,2,1
24,72117,3,0
33,59090,0,0
38,100995,0,1
19,113309,3,0
45,26613,2,0
44,135891,1,1
33,118811,3,1
40,32812,4,0
43,29964,1,0
44,144648,1,1
27,65755,3,1
53,108767,2,1
26,43953,4,0
24,108666,2,0
62,44191,3,0
59,38015,1,0
39,30650,3,0
26,33527,0,0
51,62891,0,1
22,67346,3,0
57,141655,2,1
49,146009,0,1
43,42818,2,0
51,33427,0,0
54,105188,3,1
59,71375,1,1
45,94595,3,1
44,147261,4,1
21,94913,1,0
44,97396,0,1
43,98027,1,1
25,63130,0,0
46,54626,3,0
30,32066,2,0
61,84425,0,1
35,123884,1,1
55,27344,1,0
57,26312,2,0
27,28429,0,0
39,135823,3,1
29,77140,0,1
48,25953,1,0
59,147650,4,1
49,62410,2,1
38,142022,3,1
57,93607,2,1
51,105746,1,1
22,55282,1,0
47,54938,2,0
25,141622,4,0
29,45011,2,0
31,47665,1,0
54,84442,1,1
38,58544,0,0
25,63891,2,0
60,136868,1,1
53,114644,4,1
49,126037,4,1
36,55765,0,0
50,95386,3,1
37,72317,2,1
35,84575,2,1
21,32527,3,0
58,133941,2,1
29,121527,4,1
45,53401,3,0
44,103466,2,1
33,87657,4,1
41,108692,4,1
59,27237,4,0
39,96323,1,1
52,89597,4,1
20,26784,3,0
65,85918,0,1
57,101160,0,1
64,49678,0,0
46,128487,1,1
24,107594,0,0
32,125386,4,1
55,117617,2,1
18,62060,1,0
31,55995,0,0
41,113254,3,1
55,80118,4,1
19,40142,0,0
23,65944,3,0
19,36879,2,0
61,51200,1,0
38,49325,0,0
45,46807,1,0
42,32151,2,0
31,35126,3,0
65,61218,1,1
42,77246,1,1
32,40331,3,0
24,63382,0,0
53,149968,1,1
30,38815,0,0
22,87306,0,0
62,83835,0,1
56,129064,2,1
36,66475,3,1
65,57774,0,0
39,124930,0,1
56,112277,2,1
41,28780,2,0
22,103383,0,0
18,135297,4,0
44,126102,3,1
32,108582,4,1
28,130194,3,1
32,72815,2,1
41,36406,3,0
45,56277,4,0
29,59568,0,0
33,110479,0,1
27,117343,1,1
51,127679,3,1
48,37820,0,0
43,79291,4,1
65,80499,0,1
28,63646,2,1
28,50332,4,0
46,82711,3,1
36,35636,4,0
55,30746,4,0
48,36200,3,0
39,50119,1,0
26,118500,3,1
61,106794,2,1
49,115976,4,1
28,76611,0,1
38,94064,3,1
51,106847,2,1
56,130803,0,1
43,131911,2,1
33,37928,3,0
24,66582,0,0
23,33741,4,0
28,119806,4,1
25,45606,4,0
62,130639,2,1
37,72744,4,1
44,82619,1,1
22,144971,1,0
46,34745,3,0
63,59563,0,0
54,141831,0,1
61,78722,3,1
56,67097,4,1
38,110806,0,1
52,71122,3,1
65,131743,0,1
30,58314,0,0
25,110135,0,0
49,77863,0,1
47,28791,3,0
24,52039,0,0
25,38569,1,0
46,52946,2,0
32,137339,0,1
60,149828,2,1
58,133560,0,1
47,46277,0,0
33,66667,3,1
55,74896,4,1
45,59016,0,0
19,33342,2,0
22,112255,4,0
36,137169,1,1
43,119738,0,1
63,142223,3,1
53,132466,1,1
36,34846,0,0
44,139041,4,1
31,60551,1,1
37,111611,0,1
25,58223,3,0
38,140035,4,1
60,76872,3,1
27,61012,2,1
27,41636,1,0
21,109439,3,0
36,41553,0,0
23,80407,2,0
34,77472,0,1
32,92963,2,1
40,37818,4,0
57,44504,1,0
35,145501,3,1
43,66759,1,1
22,135821,3,0
36,80664,4,1
38,49684,1,0
24,149067,3,0
35,101085,4,1
18,81380,0,0
38,109616,4,1
24,37599,1,0
48,146693,0,1
32,109129,4,1
59,80743,1,1
58,38786,0,0
49,96214,2,1
61,30965,3,0
52,81129,2,1
61,123226,4,1
46,123001,3,1
21,39611,2,0
51,54808,0,0
35,38956,4,0
58,137547,4,1
58,62156,3,1
37,134813,3,1
33,56210,4,0
62,54215,4,0
59,133760,2,1
48,57585,3,0
56,87628,0,1
24,112143,3,0
50,126156,4,1
27,134589,4,1
33,35027,3,0
38,31393,4,0
18,129223,2,0
31,87097,0,1
23,144529,0,0
51,67922,2,1
43,98008,2,1
62,83679,4,1
59,27339,2,0
40,47171,2,0
19,67932,4,0
20,103507,4,0
48,145809,2,1
27,90823,0,1
51,59983,3,0
64,45095,3,0
43,91234,0,1
43,149036,1,1
65,140181,2,1
56,108244,1,1
36,35087,3,0
58,37432,0,0
56,70394,4,1
20,131495,3,0
29,121950,3,1
50,109683,2,1
19,91915,2,0
65,122665,0,1
43,90837,1,1
23,124894,0,0
27,112522,0,1
47,147755,2,1
39,103993,1,1
53,44466,1,0
31,56642,0,0
29,68165,3,1
49,90322,1,1
40,25302,1,0
51,136583,4,1
45,41159,3,0
29,115317,3,1
62,40221,4,0
23,49835,4,0
29,90117,3,1
30,43870,1,0
38,110269,3,1
32,116689,3,1
34,48579,0,0
61,142426,4,1
64,44799,0,0
56,58112,1,0
20,82578,2,0
33,142490,3,1
34,39671,4,0
59,91608,3,1
22,105951,2,0
36,43805,4,0
21,137647,4,0
54,42818,4,0
32,149822,0,1
54,72728,4,1
62,136199,2,1
49,89798,2,1
63,104544,1,1
43,63716,1,1
49,52637,3,0
55,70643,3,1
27,54167,2,0
64,107160,0,1
45,114262,0,1
26,101414,1,1
23,56372,4,0
24,38366,0,0
33,110931,1,1
21,39012,0,0
48,68014,1,1
41,148933,0,1
29,138830,4,1
43,100598,4,1
51,134089,4,1
63,120905,0,1
28,52673,1,0
64,41528,1,0
32,137211,1,1
20,98100,3,0
33,93645,4,1
63,137735,3,1
21,148355,2,0
37,52158,2,0
24,57578,3,0
18,94047,4,0
53,140078,3,1
51,51883,3,0
57,47210,0,0
32,149500,0,1
45,131923,2,1
29,43423,3,0
59,32088,2,0
18,105906,2,0
31,83507,0,1
41,38986,2,0
32,34766,3,0
52,64530,4,1
63,103455,2,1
53,128119,1,1
52,25408,1,0
46,108617,4,1
59,82366,1,1
52,41161,0,0
32,128936,1,1
46,33021,4,0
54,59941,3,0
28,65134,4,1
38,65447,0,1
46,137239,3,1
18,27033,4,0
32,145352,4,1
38,110198,2,1
51,42061,1,0
34,97321,0,1
60,41294,2,0
19,112523,2,0
29,99009,1,1
51,67206,0,1
26,120572,2,1
35,89507,3,1
55,97526,1,1
39,92560,3,1
65,71413,1,1
47,34194,4,0
45,125944,4,1
24,67090,1,0
31,122452,0,1
46,126162,0,1
42,78866,3,1
61,141877,3,1
21,109493,3,0
31,125342,1,1
23,38090,2,0
22,119192,3,0
62,37228,0,0
55,68566,4,1
65,53864,0,0
56,57099,3,0
31,120210,0,1
30,58506,0,0
32,88919,3,1
57,35115,3,0
18,126444,1,0
49,100004,1,1
19,79285,0,0
52,101114,1,1
21,142460,0,0
36,145526,4,1
51,41985,0,0
48,43858,0,0
43,48922,4,0
46,115803,4,1
26,64132,3,1
53,60391,3,1
33,44324,4,0
38,32945,3,0
39,134376,1,1
54,111582,2,1
19,68946,1,0
42,130784,3,1
57,108327,0,1
26,28175,3,0
28,143820,0,1
57,70296,3,1
53,131522,2,1
19,136031,1,0
38,116137,4,1
18,145637,2,0
24,99497,2,0
44,95727,4,1
35,67183,3,1
38,149710,3,1
65,116360,2,1
23,133052,3,0
34,63590,1,1
20,66234,4,0
21,146444,4,0
23,142119,4,0
62,112291,4,1
44,88484,4,1
18,98921,1,0
21,40341,3,0
59,90328,4,1
56,121511,2,1
61,56815,0,0
19,34378,1,0
34,138258,0,1
37,139442,0,1
40,121695,2,1
21,75803,3,0
19,99830,0,0
34,127685,4,1
45,72100,4,1
51,58735,0,0
21,26776,0,0
36,29903,0,0
36,118481,3,1
34,136313,4,1
34,106693,3,1
42,94261,1,1
36,120918,2,1
46,71007,1,1
41,78252,0,1
36,142333,2,1
55,104300,1,1
36,76945,3,1
26,66452,3,1
45,32932,0,0
30,94513,0,1
62,86671,2,1
39,121793,0,1
23,91472,0,0
28,112502,0,1
42,71255,1,1
61,111229,4,1
21,97990,0,0
41,99205,4,1
56,27948,4,0
33,39267,4,0
19,82565,0,0
49,58649,0,0
58,81732,4,1
48,149440,3,1
64,111678,3,1
30,132290,0,1
58,30225,1,0
28,116827,1,1
25,101537,3,0
43,86841,0,1
28,72477,4,1
42,38060,3,0
50,58289,4,0
35,74771,2,1
44,62074,4,1
59,91201,2,1
29,57937,4,0
23,148400,2,0
32,49277,2,0
22,138614,0,0
33,138239,3,1
58,41645,4,0
65,114502,4,1
49,147360,2,1
63,45593,2,0
47,123063,4,1
54,37100,4,0
37,94503,2,1
37,27623,0,0
54,111579,4,1
42,69532,2,1
34,142576,3,1
33,140601,2,1
27,109457,4,1
53,122183,2,1
49,98419,0,1
59,87467,1,1
48,77074,3,1
44,130225,4,1
54,86606,1,1
46,94616,0,1
38,57536,4,0
27,70955,0,1
54,38056,2,0
47,41071,3,0
26,135976,2,1
54,83506,4,1
46,82044,3,1
45,80719,3,1
21,115711,2,0
23,102113,0,0
56,49867,4,0
28,74879,4,1
26,69893,2,1
60,110018,2,1
31,39840,3,0
45,138334,2,1
49,135816,0,1
51,129012,4,1
44,123569,3,1
38,100387,0,1
19,107359,4,0
59,82156,1,1
64,102491,3,1
49,31082,4,0
35,127904,3,1
48,88087,0,1
35,29462,4,0
46,135869,3,1
21,42664,4,0
65,27394,0,0
41,73303,4,1
34,105963,4,1
20,108872,2,0
62,106656,2,1
38,85069,4,1
26,73523,3,1
58,53373,3,0
34,149489,4,1
65,97033,4,1
40,69123,4,1
63,112700,3,1
42,148500,3,1
31,56722,4,0
62,60584,1,1
18,117875,4,0
19,99094,4,0
31,127281,0,1
61,83892,1,1
48,146705,3,1
26,94202,1,1
48,75996,2,1
38,113113,2,1
53,90271,0,1
63,97787,2,1
35,135296,1,1
65,140527,3,1
43,27995,1,0
44,146257,3,1
57,95819,0,1
58,49562,3,0
45,114305,4,1
34,95904,1,1
59,143550,2,1
36,50761,4,0
20,32422,3,0
56,133926,3,1
24,81669,4,0
32,87678,3,1
47,114228,2,1
34,43293,4,0
49,38916,3,0
36,98957,0,1
55,39640,3,0
30,148842,3,1
55,68735,0,1
61,86700,1,1
39,104611,1,1
40,29728,0,0
42,104487,0,1
40,80979,2,1
48,94489,0,1
48,106904,2,1
27,52283,0,0
48,112803,0,1
19,93666,0,0
30,53279,4,0
65,100958,0,1
27,52328,3,0
37,55369,1,0
45,100263,1,1
35,106725,4,1
24,97378,0,0
23,116318,3,0
61,100657,4,1
57,105369,0,1
25,109523,1,0
54,136024,4,1
44,143110,4,1
20,57411,0,0
24,96093,1,0
53,85574,2,1
24,59493,3,0
40,102348,4,1
24,35762,1,0
19,131131,1,0
32,98778,0,1
41,104002,3,1
45,114125,3,1
59,100977,4,1
27,53422,2,0
36,133408,1,1
53,113560,1,1
64,88133,4,1
61,122760,4,1
28,94455,2,1
37,75450,1,1
48,119307,3,1
33,65172,2,1
58,126971,4,1
21,121352,1,0
18,131993,1,0
46,87245,1,1
61,128925,0,1
47,100426,1,1
22,77563,1,0
40,31105,4,0
40,50934,1,0
45,83132,2,1
56,44095,4,0
59,108058,4,1
61,126453,2,1
33,115567,3,1
27,76717,2,1
63,85472,3,1
55,141005,1,1
64,91872,2,1
54,134066,4,1
56,35388,1,0
51,82173,3,1
28,91378,3,1
48,58700,3,0
52,75272,2,1
23,31816,4,0
19,83079,3,0
63,139293,1,1
56,74434,2,1
42,66090,1,1
65,61922,0,1
65,66516,3,1
32,34739,2,0
21,43445,0,0
36,27646,4,0
22,117322,0,0
47,130601,0,1
54,34052,1,0
56,126658,4,1
33,128116,1,1
47,32370,1,0
45,72764,3,1
51,146000,0,1
36,106307,3,1
32,129905,4,1
38,28927,0,0
55,52461,4,0
31,143310,0,1
60,35414,0,0
25,119276,4,0
50,64602,4,1
43,83054,1,1
23,131510,1,0
48,32541,0,0
64,116403,0,1
60,115840,3,1
35,99347,1,1
23,143645,3,0
41,79375,0,1
49,55568,0,0
29,148695,0,1
63,147321,3,1
31,84394,1,1
33,134290,2,1
48,131336,0,1
23,135291,0,0
24,111576,4,0
54,47518,3,0
28,35059,2,0
57,136783,1,1
28,149426,4,1
18,25011,3,0
22,52356,2,0
42,68861,4,1
62,102799,3,1
43,31947,1,0
59,66037,0,1
35,57709,4,0
52,119616,0,1
35,133615,3,1
23,33407,2,0
63,136859,0,1
20,64692,4,0
21,35866,4,0
65,56774,0,0
63,39746,2,0
38,105117,3,1
21,133859,1,0
48,78245,2,1
30,129705,4,1
49,88535,2,1
45,79675,0,1
38,58642,2,0
39,74286,1,1
38,86891,4,1
18,134758,4,0
28,48522,4,0
43,138366,4,1
21,75697,2,0
34,111890,2,1
44,124204,0,1
64,124625,3,1
39,136769,4,1
24,121826,2,0
28,90358,3,1
24,128983,0,0
37,98630,2,1
24,75158,0,0
41,97920,0,1
22,99386,3,0
60,127979,4,1
40,144339,3,1
20,97962,1,0
43,89474,2,1
42,136447,4,1
20,59426,4,0
64,62970,0,1
37,143769,4,1
65,43009,2,0
34,125368,1,1
65,78006,3,1
58,27461,2,0
52,32941,4,0
20,33493,4,0
25,54796,3,0
60,92082,3,1
29,78832,2,1
34,140050,2,1
46,30636,4,0
27,58395,0,0
44,120108,2,1
60,91179,0,1
36,44643,0,0
46,75089,2,1
23,82558,0,0
20,81252,2,0
22,143184,4,0
32,80828,4,1
54,86919,1,1
60,147144,1,1
56,123073,3,1
43,78885,0,1
61,31209,4,0
34,40925,3,0
23,67263,0,0
19,129403,3,0
45,26822,0,0
62,134014,3,1
40,124322,0,1
63,122332,2,1
18,25713,3,0
48,97561,4,1
29,91440,4,1
41,72525,3,1
45,38454,2,0
58,81084,3,1
48,129745,0,1
45,81081,3,1
26,115185,0,1
56,120174,1,1
29,97513,1,1
37,101833,0,1
34,51909,0,0
58,102577,1,1
25,72497,1,0
46,149787,1,1
65,72650,2,1
49,95088,1,1
30,80420,3,1
35,127910,0,1
51,113849,2,1
24,47357,0,0
40,102726,2,1
35,130923,4,1
62,85990,3,1
55,121274,2,1
52,28834,0,0
29,112971,1,1
39,124004,3,1
26,32972,2,0
31,79387,0,1
65,26908,2,0
52,30020,1,0
40,89341,0,1
22,136398,3,0
59,47072,0,0
65,110691,3,1
63,56582,3,0
21,54685,4,0
39,106140,4,1
57,38842,4,0
25,76304,3,0
42,123733,0,1
45,117442,3,1
27,100044,3,1
40,96000,3,1
65,50278,3,0
21,42400,4,0
33,137948,3,1
50,88986,1,1
27,131087,0,1
57,44421,1,0
38,139437,4,1
41,31029,2,0
19,75752,2,0
35,27404,2,0
46,98288,3,1
31,132787,2,1
49,144454,0,1
52,144900,1,1
58,141493,4,1
25,123916,0,0
21,108849,0,0
45,76053,4,1
52,63387,2,1
36,56568,2,0
32,28580,0,0
35,81438,0,1
32,116955,4,1
59,118659,3,1
18,117919,2,0
56,116267,3,1
20,75307,4,0
54,138010,1,1
48,73885,2,1
18,62306,4,0
47,140812,2,1
21,108290,4,0
65,97672,1,1
21,59446,3,0
18,41579,3,0
59,94437,2,1
19,45946,3,0
45,59456,4,0
25,49651,0,0
61,148738,0,1
38,145734,0,1
25,142312,2,0
52,146583,4,1
49,68044,4,1
48,52492,2,0
50,126554,0,1
52,62060,1,1
49,65298,0,1
42,45960,2,0
28,90716,4,1
18,83250,1,0
40,66252,1,1
29,26723,4,0
62,43354,2,0
41,34563,4,0
41,142750,0,1
25,49711,4,0
28,58147,3,0
23,37041,3,0
53,91865,3,1
61,124715,4,1
18,119313,4,0
25,52297,2,0
65,115652,0,1
51,108244,4,1
23,92224,0,0
40,123128,0,1
36,38346,1,0
19,118478,0,0
49,58854,0,0
35,121334,4,1
22,68413,3,0
55,104129,1,1
31,130148,1,1
48,78368,2,1
27,127838,3,1
53,99939,2,1
34,83729,1,1
50,86009,2,1
30,30510,2,0
27,113393,4,1
29,136512,1,1
56,31348,3,0
21,73099,3,0
30,78931,0,1
46,35610,1,0
37,133716,0,1
31,87545,1,1
57,135797,4,1
57,36344,1,0
59,66017,2,1
22,99382,1,0
45,76035,2,1
36,138984,1,1
45,63991,1,1
45,70867,1,1
23,111217,4,0
65,66303,2,1
35,73867,3,1
53,124697,0,1
41,29158,2,0
55,66892,0,1
36,75000,1,1
59,146777,0,1
52,83687,2,1
53,100882,3,1
44,127374,1,1
33,113314,0,1
26,51014,0,0
35,45401,1,0
33,131553,1,1
62,92914,2,1
58,124470,1,1
24,111692,2,0
42,25533,1,0
38,28551,2,0
64,118547,1,1
49,27117,4,0
18,28178,4,0
33,126552,2,1
45,146749,3,1
45,92514,4,1
47,30256,3,0
59,45031,3,0
20,121760,1,0
47,66219,3,1
64,91353,2,1
44,149828,3,1
30,79175,2,1
19,71782,1,0
49,50366,2,0
21,135511,2,0
51,44298,1,0
30,140727,0,1
54,85344,0,1
23,104784,2,0
52,47246,4,0
47,90534,0,1
58,115101,3,1
41,38012,2,0
62,145873,3,1
26,38672,0,0
54,91454,3,1
30,77922,3,1
51,147487,1,1
50,110054,0,1
45,96361,2,1
42,26477,0,0
42,126585,3,1
50,114251,2,1
22,139719,1,0
49,102069,0,1
37,120277,1,1
41,47525,2,0
61,59899,3,0
38,91005,0,1
45,96556,0,1
61,83928,2,1
26,45549,4,0
24,112271,2,0
57,128046,3,1
56,83047,0,1
31,41162,0,0
53,33164,2,0
31,59655,2,0
64,25574,2,0
52,144815,4,1
64,58879,4,0
51,84775,2,1
54,30836,4,0
52,57333,1,0
34,79588,4,1
52,74433,3,1
65,108152,1,1
42,32848,1,0
24,53383,0,0
60,91106,0,1
45,117174,3,1
65,120306,3,1
37,32354,4,0
58,104408,2,1
48,108284,4,1
32,108931,0,1
51,90365,2,1
18,135344,1,0
46,93686,1,1
59,126704,4,1
63,145844,1,1
46,39013,1,0
44,121331,2,1
51,90076,0,1
36,142353,0,1
39,128090,4,1
49,95846,0,1
33,107803,3,1
30,118638,0,1
36,132288,1,1
25,135196,3,0
60,69331,3,1
26,60402,3,1
56,103943,4,1
64,58034,1,0
30,134453,0,1
49,96384,1,1
46,54626,0,0
40,110102,2,1
48,78543,3,1
26,29197,2,0
37,133123,0,1
46,93269,4,1
63,144995,3,1
34,142555,0,1
25,68522,3,0
46,63574,3,1
42,43207,0,0
56,105538,3,1
50,111796,4,1
45,69950,1,1
38,143352,4,1
60,136940,4,1
27,59480,4,0
53,128317,3,1
43,84561,1,1
57,48416,2,0
56,32186,3,0
28,42730,3,0
48,105726,4,1
20,81813,0,0
24,66213,4,0
24,54840,2,0
28,82447,1,1
53,78366,2,1
51,53656,1,0
57,42689,1,0
52,112347,2,1
51,76154,1,1
27,71943,4,1
45,110089,2,1
65,80216,1,1
54,79038,3,1
23,32916,1,0
41,77618,4,1
49,60217,2,1
21,98342,4,0
30,89305,0,1
63,65030,2,1
28,78794,1,1
48,55384,4,0
18,109872,3,0
20,31853,0,0
27,132731,3,1
44,137954,4,1
42,108453,0,1
55,129775,3,1
22,62321,2,0
20,99261,0,0
18,31154,2,0
24,81320,3,0
40,134383,2,1
38,65488,4,1
37,147616,1,1
20,32166,0,0
48,141009,2,1
35,136963,3,1
26,110789,3,1
64,64074,1,1
18,144450,4,0
29,132655,1,1
39,112190,2,1
54,91380,3,1
61,146982,1,1
21,90414,1,0
28,39287,3,0
43,73957,3,1
54,141212,0,1
20,123236,3,0
21,107208,2,0
61,112534,3,1
22,138315,0,0
49,37216,1,0
60,144649,4,1
18,108798,1,0
40,29394,0,0
44,60354,1,1
27,85081,3,1
34,57138,4,0
54,109719,4,1
60,79250,4,1
26,145273,3,1
61,114891,4,1
21,136066,4,0
30,62283,3,1
49,113068,4,1
23,35707,3,0
18,45573,2,0
41,116897,2,1
40,50198,2,0
52,119526,3,1
39,72074,2,1
58,142999,2,1
49,145984,4,1
54,147158,1,1
21,59121,0,0
61,70123,4,1
28,128463,2,1
65,127831,1,1
32,31518,0,0
43,146062,4,1
64,55276,0,0
60,57256,1,0
56,89881,3,1
63,61601,4,1
59,126520,4,1
32,54871,1,0
55,117041,4,1
40,114011,3,1
51,81175,3,1
62,109351,4,1
63,32050,4,0
48,148612,3,1
26,59318,3,0
64,60906,2,1
48,44705,2,0
31,111703,4,1
24,98783,0,0
44,84071,0,1
19,29219,2,0
54,82972,2,1
36,63216,1,1
57,91566,1,1
55,99700,1,1
22,74711,4,0
26,40873,1,0
50,41599,3,0
40,91312,4,1
56,86582,0,1
29,62248,2,1
55,34363,0,0
39,109312,4,1
48,98892,2,1
54,36612,4,0
51,122436,4,1
32,59668,4,0
42,70911,0,1
59,44318,1,0
36,51814,4,0
35,32323,3,0
62,28516,2,0
19,79316,1,0
22,148206,1,0
55,68093,2,1
59,63333,1,1
38,147284,3,1
52,123240,4,1
38,106183,0,1
65,86942,1,1
62,120451,0,1
27,93556,1,1
22,108515,0,0
22,48919,3,0
37,108543,1,1
24,111508,2,0
23,66856,4,0
34,125685,3,1
53,91220,2,1
31,125560,3,1
58,84733,0,1
49,32633,4,0
19,83189,0,0
57,73631,0,1
58,77714,1,1
42,112651,1,1
29,83167,3,1
29,147116,4,1
63,111084,1,1
26,81021,4,1
46,45043,0,0
49,104477,2,1
21,58467,3,0
20,88080,2,0
57,128696,1,1
46,104202,2,1
49,89832,4,1
28,116798,1,1
57,102190,2,1
45,134550,1,1
42,99149,0,1
51,64392,4,1
35,60088,0,1
61,130709,2,1
52,113293,1,1
50,144862,4,1
46,119137,2,1
27,94115,1,1
43,130981,1,1
65,104258,0,1
24,79972,4,0
24,66376,2,0
64,100666,4,1
28,88133,4,1
46,136707,2,1
65,89766,0,1
41,109250,4,1
